==4712== NVPROF is profiling process 4712, command: ./heartwall ../../data/heartwall/test.avi 36
==4712== Some kernel(s) will be replayed on device 0 in order to collect all events/metrics.
==4712== Profiling application: ./heartwall ../../data/heartwall/test.avi 36
==4712== Profiling result:
"Device","Context","Stream","Kernel","tex0_cache_sector_queries","tex1_cache_sector_queries","tex2_cache_sector_queries","tex3_cache_sector_queries","tex0_cache_sector_misses","tex1_cache_sector_misses","tex2_cache_sector_misses","tex3_cache_sector_misses","fb_subp0_read_sectors","fb_subp1_read_sectors","fb_subp0_write_sectors","fb_subp1_write_sectors","l2_subp0_write_sector_misses","l2_subp1_write_sector_misses","l2_subp2_write_sector_misses","l2_subp3_write_sector_misses","l2_subp0_read_sector_misses","l2_subp1_read_sector_misses","l2_subp2_read_sector_misses","l2_subp3_read_sector_misses","l2_subp0_write_l1_sector_queries","l2_subp1_write_l1_sector_queries","l2_subp2_write_l1_sector_queries","l2_subp3_write_l1_sector_queries","l2_subp0_read_l1_sector_queries","l2_subp1_read_l1_sector_queries","l2_subp2_read_l1_sector_queries","l2_subp3_read_l1_sector_queries","l2_subp0_read_l1_hit_sectors","l2_subp1_read_l1_hit_sectors","l2_subp2_read_l1_hit_sectors","l2_subp3_read_l1_hit_sectors","l2_subp0_read_tex_sector_queries","l2_subp1_read_tex_sector_queries","l2_subp2_read_tex_sector_queries","l2_subp3_read_tex_sector_queries","l2_subp0_read_tex_hit_sectors","l2_subp1_read_tex_hit_sectors","l2_subp2_read_tex_hit_sectors","l2_subp3_read_tex_hit_sectors","rocache_subp0_gld_thread_count_32b","rocache_subp1_gld_thread_count_32b","rocache_subp2_gld_thread_count_32b","rocache_subp3_gld_thread_count_32b","rocache_subp0_gld_thread_count_64b","rocache_subp1_gld_thread_count_64b","rocache_subp2_gld_thread_count_64b","rocache_subp3_gld_thread_count_64b","rocache_subp0_gld_thread_count_128b","rocache_subp1_gld_thread_count_128b","rocache_subp2_gld_thread_count_128b","rocache_subp3_gld_thread_count_128b","rocache_subp0_gld_warp_count_32b","rocache_subp1_gld_warp_count_32b","rocache_subp2_gld_warp_count_32b","rocache_subp3_gld_warp_count_32b","rocache_subp0_gld_warp_count_64b","rocache_subp1_gld_warp_count_64b","rocache_subp2_gld_warp_count_64b","rocache_subp3_gld_warp_count_64b","rocache_subp0_gld_warp_count_128b","rocache_subp1_gld_warp_count_128b","rocache_subp2_gld_warp_count_128b","rocache_subp3_gld_warp_count_128b","l2_subp0_read_sysmem_sector_queries","l2_subp1_read_sysmem_sector_queries","l2_subp2_read_sysmem_sector_queries","l2_subp3_read_sysmem_sector_queries","l2_subp0_write_sysmem_sector_queries","l2_subp1_write_sysmem_sector_queries","l2_subp2_write_sysmem_sector_queries","l2_subp3_write_sysmem_sector_queries","l2_subp0_total_read_sector_queries","l2_subp1_total_read_sector_queries","l2_subp2_total_read_sector_queries","l2_subp3_total_read_sector_queries","l2_subp0_total_write_sector_queries","l2_subp1_total_write_sector_queries","l2_subp2_total_write_sector_queries","l2_subp3_total_write_sector_queries","elapsed_cycles_sm","gld_inst_8bit","gld_inst_16bit","gld_inst_32bit","gld_inst_64bit","gld_inst_128bit","gst_inst_8bit","gst_inst_16bit","gst_inst_32bit","gst_inst_64bit","gst_inst_128bit","rocache_gld_inst_8bit","rocache_gld_inst_16bit","rocache_gld_inst_32bit","rocache_gld_inst_64bit","rocache_gld_inst_128bit","prof_trigger_00","prof_trigger_01","prof_trigger_02","prof_trigger_03","prof_trigger_04","prof_trigger_05","prof_trigger_06","prof_trigger_07","atom_cas_count","warps_launched","threads_launched","inst_executed","inst_issued1","inst_issued2","thread_inst_executed","shared_load","shared_store","local_load","local_store","gld_request","gst_request","active_cycles","active_warps","sm_cta_launched","not_predicated_off_thread_inst_executed","l1_local_load_hit","l1_local_load_miss","l1_local_store_hit","l1_local_store_miss","l1_global_load_hit","l1_global_load_miss","uncached_global_load_transaction","global_store_transaction","shared_load_replay","shared_store_replay","global_ld_mem_divergence_replays","global_st_mem_divergence_replays","local_load_transactions","local_store_transactions","l1_shared_load_transactions","l1_shared_store_transactions","__l1_global_load_transactions","__l1_global_store_transactions","atom_count","gred_count","L1 Global Hit Rate","L1 Local Hit Rate","Multiprocessor Activity","Executed IPC","Achieved Occupancy","Requested Global Load Throughput","Requested Global Store Throughput","Multiprocessor Activity","Executed IPC","Instruction Replay Overhead","Shared Memory Replay Overhead","Global Memory Replay Overhead","Global Memory Cache Replay Overhead","Texture Cache Hit Rate","Texture Cache Throughput","Device Memory Read Throughput","Device Memory Write Throughput","Global Store Throughput","Global Load Throughput","Local Memory Cache Replay Overhead","Shared Memory Efficiency","Global Memory Load Efficiency","Global Memory Store Efficiency","L2 Hit Rate (L1 Reads)","L2 Hit Rate (Texture Reads)","L2 Throughput (L1 Reads)","L2 Throughput (Texture Reads)","Local Memory Overhead","Warp Execution Efficiency","Requested Non-Coherent Global Load Throughput","Issued IPC","Instructions per warp","Issue Slot Utilization","Local Memory Load Transactions Per Request","Local Memory Store Transactions Per Request","Shared Memory Load Transactions Per Request","Shared Memory Store Transactions Per Request","Global Load Transactions Per Request","Global Store Transactions Per Request","Local Load Transactions","Local Store Transactions","Shared Load Transactions","Shared Store Transactions","Global Load Transactions","Global Store Transactions","System Memory Read Transactions","System Memory Write Transactions","Texture Cache Transactions","Device Memory Read Transactions","Device Memory Write Transactions","L2 Read Transactions","L2 Write Transactions","Local Memory Load Throughput","Local Memory Store Throughput","Shared Memory Load Throughput","Shared Memory Store Throughput","L2 Throughput (Reads)","L2 Throughput (Writes)","System Memory Read Throughput","System Memory Write Throughput","Warp Non-Predicated Execution Efficiency","Issued Control-Flow Instructions","Executed Control-Flow Instructions","Issued Load/Store Instructions","Executed Load/Store Instructions","Floating Point Operations(Single Precision)","Floating Point Operations(Single Precision Add)","Floating Point Operation(Single Precision Mul)","Floating Point Operations(Single Precision FMA)","Floating Point Operations(Double Precision)","Floating Point Operations(Double Precision Add)","Floating Point Operations(Double Precision Mul)","Floating Point Operations(Double Precison FMA)","Floating Point Operations(Single Precision Special)","Issue Stall Reasons (Instructions Fetch)","Issue Stall Reasons (Execution Dependency)","Issue Stall Reasons (Data Request)","Issue Stall Reasons (Texture)","Issue Stall Reasons (Synchronization)","Issue Stall Reasons (Other)","L1/Shared Memory Utilization","L2 Cache Utilization","Texture Cache Utilization","Device Memory Utilization","System Memory Utilization","Load/Store Function Unit Utilization","Arithmetic Function Unit Utilization","Control-Flow Function Unit Utilization","Texture Function Unit Utilization","Instructions Executed","Instructions Issued","Issue Slots","L2 Throughput (Non-Coherent Reads)","L2 Non-Coherent Read Transactions","Non-Coherent Global Hit Rate","Non-Coherent Global Memory Load Throughput","Non-Coherent Global Load Efficiency","L2 Throughput (Atomic requests)","FP Instructions(Single)","FP Instructions(Double)","Integer Instructions","Bit-Convert Instructions","Control-Flow Instructions","Load/Store Instructions","Misc Instructions","Inter-Thread Instructions","Atomic Replay Overhead","Atomic Transactions","Atomic Transactions Per Request","L2 Read Transactions (L1 read requests)","L2 Write Transactions (L1 write requests)","L2 Transactions (Texture Reads)","L2 Throughput (L1 Writes)","L2 Transactions (Atomic requests)","ECC Transactions","ECC Throughput","Issue Stall Reasons (Pipe Busy)","Issue Stall Reasons (Immediate constant)","FLOP Efficiency(Peak Single)","FLOP Efficiency(Peak Double)","Issue Stall Reasons (Memory Throttle)","Issue Stall Reasons (Not Selected)","Eligible Warps Per Active Cycle","Atomic Throughput"
,,,,,,,,,,,,,,,,,,,,,,,,,,,,,,,,,,,,,,,,,,,,,,,,,,,,,,,,,,,,,,,,,,,,,,,,,,,,,,,,,,,,,,,,,,,,,,,,,,,,,,,,,,,,,,,,,,,,,,,,,,,,,,,,,,,,,,,,,,,,,,,,,%,%,%,,,GB/s,GB/s,%,,,,,,%,B/s,GB/s,GB/s,GB/s,GB/s,,%,%,%,%,%,GB/s,B/s,%,%,B/s,,,%,,,,,,,,,,,,,,,,,,,,B/s,MB/s,GB/s,MB/s,GB/s,GB/s,B/s,MB/s,%,,,,,,,,,,,,,,%,%,%,%,%,%,,,,,,,,,,,,,B/s,,%,B/s,%,B/s,,,,,,,,,,,,,,,GB/s,,,GB/s,%,%,%,%,%,%,,B/s
"Tesla K40c (0)","1","7","kernel(void)",0,0,0,0,0,0,0,0,6697,6660,10481,10418,4156,4167,4154,4159,2217,2206,2215,2198,5070,5077,5070,5075,5587,8216,5604,11423,3412,5685,3423,9260,0,0,0,0,0,0,0,0,0,0,0,0,0,0,0,0,0,0,0,0,0,0,0,0,0,0,0,0,0,0,0,0,0,0,0,0,4,0,1,0,5755,8389,5751,11572,5086,5090,5080,5087,222897,0,0,398055,0,0,0,0,132753,0,0,0,0,0,0,0,0,0,0,0,0,0,0,0,0,408,13056,227970,122504,79360,7261228,0,0,0,0,12648,4284,162627,3970550,51,6270612,0,0,0,0,21,30,18984,8266,0,0,6387,3982,0,0,0,0,19049,8266,0,0,41.176471,0.000000,72.960605,1.400634,0.381169,28.653283,26.955004,72.960605,1.400634,0.231478,0.000000,0.045484,0.000132,0.000000,0.000000,21.696714,33.947715,32.961723,50.215784,0.000000,0.000000,57.060312,81.776685,70.645475,0.000000,50.079337,0.000000,0.000000,99.536507,0.000000,1.729258,558.750000,31.031747,0.000000,0.000000,0.000000,0.000000,1.504981,1.929505,0,0,0,0,19035,8266,0,5,0,13357,20899,31467,20343,0.000000,0.000000,0.000000,0.000000,51.114061,33.044566,0.000000,8.316775,85.957198,15836,8925,32592,16932,0,0,0,0,0,0,0,0,26112,7.192432,28.558744,42.235570,0.000000,0.000000,1.464340,"Low (1)","Low (2)","Idle (0)","Low (3)","Low (1)","Low (3)","Mid (4)","Low (1)","Idle (0)",227970,280740,201538,0.000000,0,0.000000,0.000000,0.000000,0.000000,26112,0,4725201,369750,158712,596343,356745,0,0.000000,0,0.000000,30830,20292,0,32.961723,0,8784,14.268469,4.775120,5.787653,0.000000,0.000000,6.498215,3.487926,2.023391,0.000000
"Tesla K40c (0)","1","7","kernel(void)",0,0,0,0,0,0,0,0,2969564,2966272,4673032,4679278,1500134,1500892,1501585,1499339,1047941,1047838,1048196,1048291,1670422,1670089,1668978,1669530,32759881,32767575,32769965,32681996,31713604,31721298,31723542,31636772,0,0,0,0,0,0,0,0,0,0,0,0,0,0,0,0,0,0,0,0,0,0,0,0,0,0,0,0,0,0,0,0,0,0,0,0,4,1,1,1,32761742,32770331,32772737,32684624,1670750,1670360,1669460,1669771,276452355,0,0,987003867,0,0,0,0,28792458,0,0,0,0,0,0,0,0,0,0,0,0,0,0,0,0,408,13056,291943482,138088300,148030998,7207518580,36190467,5151,0,0,40066008,923406,260937978,7134066214,51,6923914168,0,0,0,0,0,0,65996589,4300728,214659,0,26008509,3377322,0,0,36405126,5151,66161358,4305170,0,0,0.000000,0.000000,94.377978,1.119150,0.427314,108.147362,4.295791,94.377978,1.119150,0.487143,0.000735,0.100656,0.000000,0.000000,0.000000,7.084942,11.162803,7.962490,156.328307,0.000000,37.356944,69.179642,53.950346,96.805452,0.000000,156.335439,0.000000,0.010127,77.150192,0.000000,1.663984,715547.750000,27.415502,0.000000,0.000000,1.005931,1.000000,1.650407,4.657462,0,0,36405126,5151,65996589,4300728,0,7,0,5935836,9352310,130989434,6680341,0.000000,3.307364,347.621726,50.365816,156.347396,7.973574,0.000000,8.555412e-03,74.114454,54005168,28259406,111629457,77185032,1883792253,97165455,5718834,890453982,0,0,0,0,13232715,8.088774,31.068829,37.184084,0.000000,2.974442,1.181137,"Low (2)","Mid (4)","Idle (0)","Low (1)","Low (1)","Mid (5)","Low (3)","Low (1)","Idle (0)",291943482,434161782,286127672,0.000000,0,0.000000,0.000000,0.000000,0.000000,1010953824,0,3305532792,69641673,495940677,1887066605,83690030,0,0.000000,0,0.000000,130979417,6679019,0,7.971996,0,5093930,6.080053,3.810316,0.005220,1.774522,0.000000,9.926269,5.760928,2.577112,0.000000
"Tesla K40c (0)","1","7","kernel(void)",0,0,0,0,0,0,0,0,2970448,2965827,4683816,4680279,1502482,1501777,1502938,1498008,1048687,1047736,1047500,1047149,1670162,1669895,1669310,1669842,32760089,32767515,32769973,32682156,31714557,31721617,31724271,31636449,0,0,0,0,0,0,0,0,0,0,0,0,0,0,0,0,0,0,0,0,0,0,0,0,0,0,0,0,0,0,0,0,0,0,0,0,0,0,4,4,32762344,32769507,32772749,32684120,1670607,1670503,1669277,1670090,276558768,0,0,987003867,0,0,0,0,28792458,0,0,0,0,0,0,0,0,0,0,0,0,0,0,0,0,408,13056,291943482,138082790,148032023,7207518642,36190467,5151,0,0,40066008,923406,260876779,7136079766,51,6923914178,0,0,0,0,0,0,65996589,4300728,214659,0,26008509,3377322,0,0,36405126,5151,66160007,4304465,0,0,0.000000,0.000000,94.346317,1.118831,0.427312,108.167546,4.296593,94.346317,1.118831,0.487092,0.000735,0.100656,0.000000,0.000000,0.000000,7.086788,11.178956,7.963976,156.357482,0.000000,37.356944,69.179642,53.950346,96.806499,0.000000,156.364993,0.000000,0.010494,77.150192,0.000000,1.663914,715547.750000,27.414562,0.000000,0.000000,1.005931,1.000000,1.650407,4.657462,0,0,36405126,5151,65996589,4300728,0,8,0,5936275,9364095,130988720,6680477,0.000000,3.415559,347.686602,50.375216,156.375722,7.975224,0.000000,9.778976e-03,74.114454,53998955,28259406,111627327,77185032,1883792253,97165455,5718834,890453982,0,0,0,0,13232715,8.084809,31.065293,37.181757,0.000000,2.977450,1.181658,"Low (2)","Mid (4)","Idle (0)","Low (1)","Low (1)","Mid (5)","Low (3)","Low (1)","Idle (0)",291943482,434153527,286123602,0.000000,0,0.000000,0.000000,0.000000,0.000000,1010953824,0,3305532769,69641673,495940677,1887066607,83690032,0,0.000000,0,0.000000,130979733,6679209,0,7.973710,0,5104093,6.093320,3.812063,0.005190,1.773840,0.000000,9.936087,5.755693,2.575808,0.000000
"Tesla K40c (0)","1","7","kernel(void)",0,0,0,0,0,0,0,0,2970751,2968664,4687721,4682838,1503290,1503054,1497116,1500138,1049173,1048334,1047858,1047784,1670424,1669943,1669110,1669604,32759925,32767647,32769889,32681944,31713586,31721526,31723916,31636540,0,0,0,0,0,0,0,0,0,0,0,0,0,0,0,0,0,0,0,0,0,0,0,0,0,0,0,0,0,0,0,0,0,0,0,0,0,0,0,0,32763185,32769595,32771980,32684588,1670563,1670358,1669409,1669947,276300000,0,0,987003867,0,0,0,0,28792458,0,0,0,0,0,0,0,0,0,0,0,0,0,0,0,0,408,13056,291943512,138087264,148038301,7207518806,36190467,5151,0,0,40066008,923406,261002006,7135430146,51,6923914218,0,0,0,0,0,0,65996589,4300728,214659,0,26008509,3377322,0,0,36405126,5151,66158484,4303615,0,0,0.000000,0.000000,94.463267,1.118952,0.427320,108.166909,4.296567,94.463267,1.118952,0.487182,0.000735,0.100656,0.000000,0.000000,0.000000,7.090495,11.186607,7.963929,156.356561,0.000000,37.356944,69.179642,53.950346,96.805729,0.000000,156.363681,0.000000,0.010163,77.150186,0.000000,1.663450,715547.823529,27.406453,0.000000,0.000000,1.005931,1.000000,1.650407,4.657462,0,0,36405126,5151,65996589,4300728,0,0,0,5939415,9370559,130989348,6680277,0.000000,3.361751,347.684555,50.374919,156.375551,7.974939,0.000000,0.000000,74.114447,53997055,28259416,111629012,77185032,1883792239,97165455,5718834,890453975,0,0,0,0,13232714,8.087887,31.069301,37.191984,0.000000,2.962744,1.180943,"Low (2)","Mid (4)","Idle (0)","Low (1)","Idle (0)","Mid (5)","Low (3)","Low (1)","Idle (0)",291943512,434173265,286133332,0.000000,0,0.000000,0.000000,0.000000,0.000000,1010953820,0,3305532802,69641672,495940682,1887066598,83690024,0,0.000000,0,0.000000,130979405,6679081,0,7.973511,0,5113227,6.104189,3.809181,0.005047,1.775501,0.000000,9.928819,5.764093,2.577032,0.000000
"Tesla K40c (0)","1","7","kernel(void)",0,0,0,0,0,0,0,0,2967467,2968866,4668353,4673484,1499246,1499524,1498750,1500970,1047483,1048824,1048647,1048423,1670362,1670221,1669162,1669662,32759909,32767603,32769845,32682012,31713176,31721703,31724498,31636338,0,0,0,0,0,0,0,0,0,0,0,0,0,0,0,0,0,0,0,0,0,0,0,0,0,0,0,0,0,0,0,0,0,0,0,0,0,0,0,4,32762233,32770024,32772846,32684643,1670955,1670247,1669324,1669936,276563943,0,0,987003867,0,0,0,0,28792458,0,0,0,0,0,0,0,0,0,0,0,0,0,0,0,0,408,13056,291943482,138088719,148031752,7207518894,36190467,5151,0,0,40066008,923406,260901796,7135684796,51,6923914138,0,0,0,0,0,0,65996589,4300728,214659,0,26008509,3377322,0,0,36405126,5151,66161635,4303609,0,0,0.000000,0.000000,94.336880,1.118851,0.427296,108.156164,4.296141,94.336880,1.118851,0.487111,0.000735,0.100656,0.000000,0.000000,0.000000,7.086112,11.151211,7.963138,156.341030,0.000000,37.356943,69.179642,53.950346,96.805868,0.000000,156.348106,0.000000,0.010373,77.150195,0.000000,1.664042,715547.750000,27.416402,0.000000,0.000000,1.005931,1.000000,1.650407,4.657462,0,0,36405126,5151,65996589,4300728,0,4,0,5936333,9341837,130989746,6680462,0.000000,3.368751,347.650018,50.369915,156.360493,7.974367,0.000000,4.888535e-03,74.114454,54000081,28259406,111624090,77185032,1883792253,97165455,5718834,890453982,0,0,0,0,13232715,8.086420,31.069771,37.189062,0.000000,2.971724,1.182227,"Low (2)","Mid (4)","Idle (0)","Low (1)","Low (1)","Mid (5)","Low (3)","Low (1)","Idle (0)",291943482,434151458,286119542,0.000000,0,0.000000,0.000000,0.000000,0.000000,1010953824,0,3305532834,69641673,495940677,1887066572,83689997,0,0.000000,0,0.000000,130979369,6679407,0,7.973108,0,5086303,6.071444,3.808621,0.005114,1.773806,0.000000,9.929613,5.757448,2.576275,0.000000
"Tesla K40c (0)","1","7","kernel(void)",0,0,0,0,0,0,0,0,2972886,2965933,4677288,4672729,1501068,1498881,1497072,1498849,1049475,1047805,1047466,1046992,1670500,1670145,1669108,1669916,32760193,32767523,32769945,32682064,31713773,31722768,31724620,31636200,0,0,0,0,0,0,0,0,0,0,0,0,0,0,0,0,0,0,0,0,0,0,0,0,0,0,0,0,0,0,0,0,0,0,0,0,1,4,0,0,32762321,32770252,32772602,32684224,1670744,1670414,1669484,1669860,276490176,0,0,987003867,0,0,0,0,28792458,0,0,0,0,0,0,0,0,0,0,0,0,0,0,0,0,408,13056,291943512,138084534,148030868,7207518754,36190467,5151,0,0,40066008,923406,260979796,7136092082,51,6923914010,0,0,0,0,0,0,65996589,4300728,214659,0,26008509,3377322,0,0,36405126,5151,66160322,4303880,0,0,0.000000,0.000000,94.390260,1.118700,0.427323,108.158477,4.296232,94.390260,1.118700,0.487098,0.000735,0.100656,0.000000,0.000000,0.000000,7.089231,11.161214,7.963309,156.344374,0.000000,37.356943,69.179642,53.950346,96.806862,0.000000,156.351875,0.000000,0.010822,77.150185,0.000000,1.663524,715547.823529,27.407811,0.000000,0.000000,1.005931,1.000000,1.650407,4.657462,0,0,36405126,5151,65996589,4300728,0,5,0,5938819,9350017,130989399,6680502,0.000000,3.478835,347.657454,50.370993,156.363423,7.974585,0.000000,6.111145e-03,74.114445,54003745,28259416,111624562,77185032,1883792239,97165455,5718834,890453975,0,0,0,0,13232714,8.084845,31.062220,37.179053,0.000000,2.992414,1.180311,"Low (2)","Mid (4)","Idle (0)","Low (1)","Low (1)","Mid (5)","Low (3)","Low (1)","Idle (0)",291943512,434148579,286118540,0.000000,0,0.000000,0.000000,0.000000,0.000000,1010953820,0,3305532749,69641672,495940682,1887066563,83689989,0,0.000000,0,0.000000,130979725,6679669,0,7.973591,0,5101228,6.089390,3.816569,0.005161,1.774280,0.000000,9.922895,5.756532,2.575651,0.000000
"Tesla K40c (0)","1","7","kernel(void)",0,0,0,0,0,0,0,0,2971634,2967158,4671885,4680556,1500180,1502052,1496379,1500503,1049183,1048118,1047976,1047212,1670320,1670169,1669224,1669732,32759949,32767811,32770049,32681784,31713238,31720770,31724624,31636737,0,0,0,0,0,0,0,0,0,0,0,0,0,0,0,0,0,0,0,0,0,0,0,0,0,0,0,0,0,0,0,0,0,0,0,0,4,1,0,0,32762524,32770223,32772782,32684031,1670538,1670446,1669485,1670087,276389724,0,0,987003867,0,0,0,0,28792458,0,0,0,0,0,0,0,0,0,0,0,0,0,0,0,0,408,13056,291943512,138086924,148040659,7207518822,36190467,5151,0,0,40066008,923406,260997020,7135831470,51,6923914138,0,0,0,0,0,0,65996589,4300728,214659,0,26008509,3377322,0,0,36405126,5151,66162197,4302527,0,0,0.000000,0.000000,94.400266,1.118927,0.427334,108.159075,4.296256,94.400266,1.118927,0.487165,0.000735,0.100656,0.000000,0.000000,0.000000,7.089238,11.164169,7.963353,156.345238,0.000000,37.356942,69.179642,53.950346,96.805438,0.000000,156.352582,0.000000,0.010564,77.150186,0.000000,1.664002,715547.823529,27.415772,0.000000,0.000000,1.005931,1.000000,1.650407,4.657462,0,0,36405126,5151,65996589,4300728,0,5,0,5938792,9352441,130989560,6680556,0.000000,3.385954,347.659376,50.371271,156.364480,7.974694,0.000000,6.111145e-03,74.114446,54005994,28259416,111624796,77185032,1883792239,97165455,5718834,890453975,0,0,0,0,13232714,8.086434,31.075308,37.180982,0.000000,2.969019,1.181870,"Low (2)","Mid (4)","Idle (0)","Low (1)","Low (1)","Mid (5)","Low (3)","Low (1)","Idle (0)",291943512,434159048,286124854,0.000000,0,0.000000,0.000000,0.000000,0.000000,1010953820,0,3305532774,69641672,495940682,1887066554,83689980,0,0.000000,0,0.000000,130979593,6679445,0,7.973368,0,5099630,6.087516,3.816804,0.005101,1.774925,0.000000,9.926179,5.758302,2.576174,0.000000
"Tesla K40c (0)","1","7","kernel(void)",0,0,0,0,0,0,0,0,2971273,2965868,4677726,4668078,1501292,1499349,1499470,1501985,1048870,1047589,1047605,1047772,1670418,1670255,1669356,1669500,32759929,32767615,32769985,32681964,31713320,31720889,31723508,31635965,0,0,0,0,0,0,0,0,0,0,0,0,0,0,0,0,0,0,0,0,0,0,0,0,0,0,0,0,0,0,0,0,0,0,0,0,5,1,0,0,32762525,32769779,32772265,32685084,1670552,1670395,1669407,1670100,276591783,0,0,987003867,0,0,0,0,28792458,0,0,0,0,0,0,0,0,0,0,0,0,0,0,0,0,408,13056,291943482,138088553,148032134,7207518546,36190467,5151,0,0,40066008,923406,260920019,7135883122,51,6923914236,0,0,0,0,0,0,65996589,4300728,214659,0,26008509,3377322,0,0,36405126,5151,66159775,4302672,0,0,0.000000,0.000000,94.333973,1.118875,0.427349,108.148497,4.295836,94.333973,1.118875,0.487177,0.000735,0.100656,0.000000,0.000000,0.000000,7.086574,11.155155,7.962574,156.329947,0.000000,37.356942,69.179642,53.950346,96.804224,0.000000,156.337171,0.000000,0.010552,77.150191,0.000000,1.663931,715547.750000,27.414597,0.000000,0.000000,1.005931,1.000000,1.650407,4.657462,0,0,36405126,5151,65996589,4300728,0,6,0,5937141,9345804,130989653,6680454,0.000000,3.251176,347.625373,50.366344,156.349298,7.973792,0.000000,7.332802e-03,74.114455,54001283,28259406,111624585,77185032,1883792253,97165455,5718834,890453982,0,0,0,0,13232715,8.088065,31.069557,37.179349,0.000000,2.967107,1.181103,"Low (2)","Mid (4)","Idle (0)","Low (1)","Low (1)","Mid (5)","Low (3)","Low (1)","Idle (0)",291943482,434171541,286131474,0.000000,0,0.000000,0.000000,0.000000,0.000000,1010953824,0,3305532723,69641673,495940677,1887066546,83689971,0,0.000000,0,0.000000,130979493,6679529,0,7.972688,0,5089013,6.074248,3.811204,0.005055,1.773628,0.000000,9.938706,5.759855,2.576773,0.000000
"Tesla K40c (0)","1","7","kernel(void)",0,0,0,0,0,0,0,0,2968495,2969091,4674682,4657058,1500315,1495505,1500293,1500080,1048033,1048535,1047596,1048372,1670571,1669848,1669040,1669592,32760005,32767671,32769945,32681892,31713885,31721212,31724061,31636635,0,0,0,0,0,0,0,0,0,0,0,0,0,0,0,0,0,0,0,0,0,0,0,0,0,0,0,0,0,0,0,0,0,0,0,0,0,1,5,0,32762673,32770335,32772646,32684680,1670560,1670414,1669313,1670101,276575184,0,0,987003867,0,0,0,0,28792458,0,0,0,0,0,0,0,0,0,0,0,0,0,0,0,0,408,13056,291943512,138092185,148031074,7207519036,36190467,5151,0,0,40066008,923406,260914401,7137157400,51,6923914064,0,0,0,0,0,0,65996589,4300728,214659,0,26008509,3377322,0,0,36405126,5151,66162051,4305344,0,0,0.000000,0.000000,94.337604,1.118676,0.427318,108.174409,4.296865,94.337604,1.118676,0.487118,0.000735,0.100656,0.000000,0.000000,0.000000,7.088803,11.141037,7.964482,156.367404,0.000000,37.356941,69.179642,53.950346,96.805821,0.000000,156.374653,0.000000,0.010219,77.150189,0.000000,1.663954,715547.823529,27.415105,0.000000,0.000000,1.005931,1.000000,1.650407,4.657462,0,0,36405126,5151,65996589,4300728,0,6,0,5937586,9331740,130990334,6680388,0.000000,3.303302,347.708664,50.378412,156.387572,7.975624,0.000000,7.334709e-03,74.114445,53992116,28259416,111623199,77185032,1883792239,97165455,5718834,890453975,0,0,0,0,13232714,8.085253,31.074377,37.188868,0.000000,2.962183,1.182237,"Low (2)","Mid (4)","Idle (0)","Low (1)","Low (1)","Mid (5)","Low (3)","Low (1)","Idle (0)",291943512,434149515,286119825,0.000000,0,0.000000,0.000000,0.000000,0.000000,1010953820,0,3305532658,69641672,495940682,1887066533,83689959,0,0.000000,0,0.000000,130979513,6679051,0,7.974028,0,5080597,6.065655,3.800175,0.005093,1.773734,0.000000,9.940609,5.761204,2.576907,0.000000
"Tesla K40c (0)","1","7","kernel(void)",0,0,0,0,0,0,0,0,2966259,2968820,4680525,4672698,1501769,1500010,1500269,1497675,1047066,1048787,1047200,1048406,1670389,1670086,1669326,1669780,32760133,32767675,32769841,32681904,31713247,31721123,31724531,31636642,0,0,0,0,0,0,0,0,0,0,0,0,0,0,0,0,0,0,0,0,0,0,0,0,0,0,0,0,0,0,0,0,0,0,0,0,4,1,0,0,32763568,32770156,32773616,32684228,1670646,1670401,1669383,1669955,276682719,0,0,987003867,0,0,0,0,28792458,0,0,0,0,0,0,0,0,0,0,0,0,0,0,0,0,408,13056,291943482,138089269,148027823,7207518560,36190467,5151,0,0,40066008,923406,260923575,7133205316,51,6923914138,0,0,0,0,0,0,65996589,4300728,214659,0,26008509,3377322,0,0,36405126,5151,66163475,4303388,0,0,0.000000,0.000000,94.320072,1.119253,0.427301,108.147631,4.295802,94.320072,1.119253,0.487143,0.000735,0.100656,0.000000,0.000000,0.000000,7.084056,11.163921,7.962510,156.328695,0.000000,37.356941,69.179642,53.950346,96.805601,0.000000,156.335990,0.000000,0.010634,77.150191,0.000000,1.663599,715547.750000,27.409282,0.000000,0.000000,1.005931,1.000000,1.650407,4.657462,0,0,36405126,5151,65996589,4300728,0,5,0,5935079,9353223,130991568,6680385,0.000000,3.348928,347.622589,50.365941,156.350331,7.973646,0.000000,6.111145e-03,74.114454,54004071,28259406,111628646,77185032,1883792253,97165455,5718834,890453982,0,0,0,0,13232715,8.090060,31.077613,37.192285,0.000000,2.970146,1.181295,"Low (2)","Mid (4)","Idle (0)","Low (1)","Low (1)","Mid (5)","Low (3)","Low (1)","Idle (0)",291943482,434161699,286126578,0.000000,0,0.000000,0.000000,0.000000,0.000000,1010953824,0,3305532715,69641673,495940677,1887066523,83689948,0,0.000000,0,0.000000,130979553,6679581,0,7.972686,0,5097120,6.083876,3.808523,0.005022,1.773045,0.000000,9.914232,5.760824,2.576071,0.000000
"Tesla K40c (0)","1","7","kernel(void)",0,0,0,0,0,0,0,0,2994986,2993726,4683702,4693081,1503541,1506061,1501576,1503297,1056964,1057012,1056499,1057314,1675437,1675470,1674239,1675177,32770861,32781054,32780958,32698446,31715961,31726297,31726486,31644445,0,0,0,0,0,0,0,0,0,0,0,0,0,0,0,0,0,0,0,0,0,0,0,0,0,0,0,0,0,0,0,0,0,0,0,0,0,0,0,0,32774449,32783937,32783847,32700994,1675702,1675561,1674625,1675756,276874008,0,0,987547527,0,0,0,0,28951221,0,0,0,0,0,0,0,0,0,0,0,0,0,0,0,0,408,13056,292167300,138288807,148079743,7214619200,36190467,5151,0,0,40083144,928404,261134370,7141188818,51,6930054592,0,0,0,0,0,0,66024189,4309708,214659,0,26018973,3381304,0,0,36405126,5151,66189604,4311143,0,0,0.000000,0.000000,94.306210,1.119167,0.427294,108.139603,4.313763,94.306210,1.119167,0.486985,0.000735,0.100628,0.000000,0.000000,0.000000,7.144839,11.186981,7.983971,156.319568,0.000000,37.356940,69.178546,54.030300,96.780823,0.000000,156.327060,0.000000,0.010558,77.167038,0.000000,1.663839,716096.323529,27.418484,0.000000,0.000000,1.005931,1.000000,1.650390,4.642061,0,0,36405126,5151,66024189,4309708,0,0,0,5988712,9376783,131043227,6701644,0.000000,3.318094,347.465407,50.343167,156.341267,7.995404,0.000000,0.000000,74.123355,54013321,28266913,111669142,77207166,1883924890,97165455,5851485,890453975,278358,13056,0,132651,13258826,8.079898,31.063581,37.189185,0.000000,2.971695,1.180854,"Low (2)","Mid (4)","Idle (0)","Low (1)","Idle (0)","Mid (5)","Low (3)","Low (1)","Idle (0)",292167300,434443895,286368939,0.000000,0,0.000000,0.000000,0.000000,0.000000,1011112583,145707,3309370144,70422431,496073333,1887834213,84007462,0,0.000000,0,0.000000,131031319,6700323,0,7.993828,0,5123231,6.112276,3.814588,0.005175,1.771945,0.000785,9.939880,5.755143,2.575778,0.000000
"Tesla K40c (0)","1","7","kernel(void)",0,0,0,0,0,0,0,0,2966099,2966850,4667165,4679890,1498251,1501763,1500991,1493963,1046974,1048462,1047575,1047108,1670399,1670020,1669260,1669532,32760217,32767697,32769783,32681748,31713833,31721213,31725018,31635423,0,0,0,0,0,0,0,0,0,0,0,0,0,0,0,0,0,0,0,0,0,0,0,0,0,0,0,0,0,0,0,0,0,0,0,0,5,4,0,4,32763645,32771668,32772495,32684601,1670636,1670445,1669313,1670078,276464622,0,0,987003867,0,0,0,0,28792458,0,0,0,0,0,0,0,0,0,0,0,0,0,0,0,0,408,13056,291943512,138089953,148039694,7207518904,36190467,5151,0,0,40066008,923406,260941292,7134208634,51,6923914086,0,0,0,0,0,0,65996564,4300728,214659,0,26008484,3377322,0,0,36405126,5151,66159872,4304383,0,0,0.000000,0.000000,94.361694,1.119106,0.427305,108.142576,4.295601,94.361694,1.119106,0.487169,0.000735,0.100656,0.000000,0.000000,0.000000,7.081182,11.156037,7.962138,156.321360,0.000000,37.356941,69.179654,53.950346,96.805638,0.000000,156.328555,0.000000,0.010304,77.150187,0.000000,1.664258,715547.823529,27.419728,0.000000,0.000000,1.005931,1.000000,1.650406,4.657462,0,0,36405126,5151,65996564,4300728,0,13,0,5932949,9347055,130992409,6680472,0.000000,3.255887,347.606342,50.363587,156.344027,7.973377,0.000000,0.015888,74.114446,54001399,28259416,111625830,77185032,1883792239,97165455,5718834,890453975,0,0,0,0,13232714,8.085777,31.061810,37.174204,0.000000,2.973920,1.181459,"Low (2)","Mid (4)","Idle (0)","Low (1)","Low (1)","Mid (5)","Low (3)","Low (1)","Idle (0)",291943512,434166127,286126731,0.000000,0,0.000000,0.000000,0.000000,0.000000,1010953820,0,3305532635,69641672,495940682,1887066534,83689960,0,0.000000,0,0.000000,130979445,6679211,0,7.971872,0,5094917,6.080962,3.814184,0.005142,1.774444,0.000000,9.952480,5.751025,2.575278,0.000000
"Tesla K40c (0)","1","7","kernel(void)",0,0,0,0,0,0,0,0,2972554,2966806,4679312,4681946,1501536,1502590,1500869,1498604,1049960,1048031,1047285,1048440,1670561,1670176,1669204,1669570,32759965,32767729,32769947,32681876,31714552,31721516,31723947,31636867,0,0,0,0,0,0,0,0,0,0,0,0,0,0,0,0,0,0,0,0,0,0,0,0,0,0,0,0,0,0,0,0,0,0,0,0,0,4,0,0,32762712,32769925,32772883,32684713,1670662,1670455,1669407,1670050,276534306,0,0,987003867,0,0,0,0,28792458,0,0,0,0,0,0,0,0,0,0,0,0,0,0,0,0,408,13056,291943512,138089922,148027500,7207518656,36190467,5151,0,0,40066008,923406,260944449,7133324600,51,6923914064,0,0,0,0,0,0,65996564,4300728,214659,0,26008484,3377322,0,0,36405126,5151,66164501,4302563,0,0,0.000000,0.000000,94.358996,1.119156,0.427272,108.138666,4.295446,94.358996,1.119156,0.487085,0.000735,0.100656,0.000000,0.000000,0.000000,7.088578,11.172585,7.961850,156.315707,0.000000,37.356941,69.179654,53.950346,96.806650,0.000000,156.322987,0.000000,0.010574,77.150184,0.000000,1.663785,715547.823529,27.412146,0.000000,0.000000,1.005931,1.000000,1.650406,4.657462,0,0,36405126,5151,65996564,4300728,0,4,0,5939360,9361258,130990233,6680574,0.000000,3.360872,347.593772,50.361766,156.335777,7.973211,0.000000,4.888535e-03,74.114445,54002726,28259416,111632859,77185032,1883792239,97165455,5718834,890453975,0,0,0,0,13232714,8.085603,31.071243,37.176777,0.000000,2.970679,1.181043,"Low (2)","Mid (4)","Idle (0)","Low (1)","Low (1)","Mid (5)","Low (3)","Low (1)","Idle (0)",291943512,434139738,286111525,0.000000,0,0.000000,0.000000,0.000000,0.000000,1010953820,0,3305532750,69641672,495940682,1887066515,83689941,0,0.000000,0,0.000000,130979517,6679511,0,7.971942,0,5103303,6.090751,3.807188,0.005074,1.773997,0.000000,9.939246,5.763147,2.577353,0.000000
"Tesla K40c (0)","1","7","kernel(void)",0,0,0,0,0,0,0,0,2970629,2965861,4672123,4681412,1500180,1502254,1500204,1495689,1048486,1047989,1048243,1047997,1670473,1670166,1669154,1669686,32760221,32767473,32769699,32681904,31713677,31722248,31723805,31636006,0,0,0,0,0,0,0,0,0,0,0,0,0,0,0,0,0,0,0,0,0,0,0,0,0,0,0,0,0,0,0,0,0,0,0,0,0,0,0,0,32763477,32770684,32773155,32684080,1670419,1670378,1669344,1669832,276002013,0,0,987003867,0,0,0,0,28792458,0,0,0,0,0,0,0,0,0,0,0,0,0,0,0,0,408,13056,291943512,138092695,148025942,7207518874,36190467,5151,0,0,40066008,923406,260922813,7135468870,51,6923914242,0,0,0,0,0,0,65996564,4300728,214659,0,26008484,3377322,0,0,36405126,5151,66159257,4305503,0,0,0.000000,0.000000,94.526599,1.118786,0.427259,108.165271,4.296502,94.526599,1.118786,0.487084,0.000735,0.100656,0.000000,0.000000,0.000000,7.086896,11.166114,7.963809,156.354165,0.000000,37.356941,69.179654,53.950346,96.805937,0.000000,156.361185,0.000000,0.010391,77.150187,0.000000,1.664095,715547.823529,27.417394,0.000000,0.000000,1.005931,1.000000,1.650406,4.657462,0,0,36405126,5151,65996564,4300728,0,0,0,5936490,9353535,130991396,6679973,0.000000,3.413042,347.679290,50.374156,156.375628,7.974455,0.000000,0.000000,74.114447,53993699,28259416,111625394,77185032,1883792239,97165455,5718834,890453975,0,0,0,0,13232714,8.084680,31.068584,37.179817,0.000000,2.967681,1.181303,"Low (2)","Mid (4)","Idle (0)","Low (1)","Idle (0)","Mid (5)","Low (3)","Low (1)","Idle (0)",291943512,434154633,286122789,0.000000,0,0.000000,0.000000,0.000000,0.000000,1010953820,0,3305532790,69641672,495940682,1887066538,83689964,0,0.000000,0,0.000000,130979297,6679479,0,7.973865,0,5098983,6.087092,3.815103,0.005134,1.777418,0.000000,9.938302,5.759396,2.576954,0.000000
"Tesla K40c (0)","1","7","kernel(void)",0,0,0,0,0,0,0,0,2971333,2968203,4680390,4673408,1502353,1500700,1499243,1497935,1049280,1048711,1047201,1047937,1670409,1670086,1669366,1669842,32760017,32767605,32769883,32681896,31713564,31721640,31724759,31636786,0,0,0,0,0,0,0,0,0,0,0,0,0,0,0,0,0,0,0,0,0,0,0,0,0,0,0,0,0,0,0,0,0,0,0,0,1,0,0,0,32762666,32769812,32772323,32684904,1670600,1670313,1669442,1669842,276378504,0,0,987003867,0,0,0,0,28792458,0,0,0,0,0,0,0,0,0,0,0,0,0,0,0,0,408,13056,291943482,138088418,148038157,7207518922,36190467,5151,0,0,40066008,923406,260951492,7134716038,51,6923914054,0,0,0,0,0,0,65996564,4300728,214659,0,26008484,3377322,0,0,36405126,5151,66162002,4305784,0,0,0.000000,0.000000,94.418158,1.119023,0.427304,108.143979,4.295657,94.418158,1.119023,0.487125,0.000735,0.100656,0.000000,0.000000,0.000000,7.089136,11.164230,7.962241,156.323388,0.000000,37.356942,69.179654,53.950346,96.806634,0.000000,156.330530,0.000000,0.010629,77.150195,0.000000,1.663776,715547.750000,27.411855,0.000000,0.000000,1.005931,1.000000,1.650406,4.657462,0,0,36405126,5151,65996564,4300728,0,1,0,5939536,9353798,130989705,6680197,0.000000,3.312150,347.610853,50.364241,156.342829,7.973153,0.000000,1.221657e-03,74.114453,54006519,28259406,111628370,77185032,1883792253,97165455,5718834,890453982,0,0,0,0,13232715,8.089728,31.065794,37.180409,0.000000,2.973968,1.181567,"Low (2)","Mid (4)","Idle (0)","Low (1)","Low (1)","Mid (5)","Low (3)","Low (1)","Idle (0)",291943482,434156575,286123878,0.000000,0,0.000000,0.000000,0.000000,0.000000,1010953824,0,3305532678,69641673,495940677,1887066544,83689969,0,0.000000,0,0.000000,130979401,6679703,0,7.972563,0,5099974,6.087077,3.808403,0.005221,1.774997,0.000000,9.934219,5.760691,2.576813,0.000000
"Tesla K40c (0)","1","7","kernel(void)",0,0,0,0,0,0,0,0,2970438,2965774,4687700,4681791,1503300,1502473,1500315,1498639,1048783,1047852,1048303,1047305,1670435,1669928,1669002,1669564,32759989,32767809,32769847,32681812,31713719,31721859,31723647,31636854,0,0,0,0,0,0,0,0,0,0,0,0,0,0,0,0,0,0,0,0,0,0,0,0,0,0,0,0,0,0,0,0,0,0,0,0,4,0,0,4,32762252,32771604,32772362,32684061,1670654,1670442,1669372,1669867,276260133,0,0,987003867,0,0,0,0,28792458,0,0,0,0,0,0,0,0,0,0,0,0,0,0,0,0,408,13056,291943482,138086574,148021729,7207518704,36190467,5151,0,0,40066008,923406,260962221,7136871508,51,6923914176,0,0,0,0,0,0,65996564,4300728,214659,0,26008484,3377322,0,0,36405126,5151,66159832,4302874,0,0,0.000000,0.000000,94.462237,1.118742,0.427326,108.140342,4.295512,94.462237,1.118742,0.487035,0.000735,0.100656,0.000000,0.000000,0.000000,7.084930,11.182585,7.961973,156.318130,0.000000,37.356942,69.179654,53.950346,96.806081,0.000000,156.325338,0.000000,0.010108,77.150193,0.000000,1.663647,715547.750000,27.409740,0.000000,0.000000,1.005931,1.000000,1.650406,4.657462,0,0,36405126,5151,65996564,4300728,0,8,0,5936212,9369491,130990279,6680335,0.000000,3.331593,347.599159,50.362547,156.338255,7.973049,0.000000,9.777069e-03,74.114454,54004239,28259406,111627492,77185032,1883792253,97165455,5718834,890453982,0,0,0,0,13232715,8.084260,31.063432,37.169181,0.000000,2.974638,1.180952,"Low (2)","Mid (4)","Idle (0)","Low (1)","Low (1)","Mid (5)","Low (3)","Low (1)","Idle (0)",291943482,434147808,286115478,0.000000,0,0.000000,0.000000,0.000000,0.000000,1010953824,0,3305532722,69641673,495940677,1887066552,83689977,0,0.000000,0,0.000000,130979457,6678929,0,7.971371,0,5108733,6.097326,3.819603,0.005155,1.775757,0.000000,9.943419,5.759362,2.576483,0.000000
"Tesla K40c (0)","1","7","kernel(void)",0,0,0,0,0,0,0,0,2970813,2965112,4669948,4677139,1500080,1500474,1498616,1498787,1048913,1047716,1047174,1047151,1670716,1670063,1669375,1669721,32759901,32767705,32769911,32681692,31712803,31721769,31724988,31635635,0,0,0,0,0,0,0,0,0,0,0,0,0,0,0,0,0,0,0,0,0,0,0,0,0,0,0,0,0,0,0,0,0,0,0,0,0,1,0,0,32763012,32769529,32771955,32684480,1670746,1670484,1669412,1670006,276317622,0,0,987003867,0,0,0,0,28792458,0,0,0,0,0,0,0,0,0,0,0,0,0,0,0,0,408,13056,291943482,138087684,148036383,7207518728,36190467,5151,0,0,40066008,923406,260966506,7137766944,51,6923914110,0,0,0,0,0,0,65996564,4300728,214659,0,26008484,3377322,0,0,36405126,5151,66158375,4306200,0,0,0.000000,0.000000,94.412098,1.118828,0.427364,108.132464,4.295199,94.412098,1.118828,0.487093,0.000735,0.100656,0.000000,0.000000,0.000000,7.084072,11.155033,7.961393,156.306743,0.000000,37.356943,69.179654,53.950346,96.805589,0.000000,156.313655,0.000000,0.010615,77.150193,0.000000,1.664233,715547.750000,27.419414,0.000000,0.000000,1.005931,1.000000,1.650406,4.657462,0,0,36405126,5151,65996564,4300728,0,1,0,5935925,9347087,130988976,6680648,0.000000,3.297132,347.573840,50.358878,156.325312,7.972842,0.000000,1.221657e-03,74.114453,54003572,28259406,111628790,77185032,1883792253,97165455,5718834,890453982,0,0,0,0,13232715,8.085659,31.071598,37.184013,0.000000,2.971606,1.181088,"Low (2)","Mid (4)","Idle (0)","Low (1)","Low (1)","Mid (5)","Low (3)","Low (1)","Idle (0)",291943482,434147101,286114689,0.000000,0,0.000000,0.000000,0.000000,0.000000,1010953824,0,3305532699,69641673,495940677,1887066563,83689988,0,0.000000,0,0.000000,130979209,6679875,0,7.971919,0,5094101,6.079419,3.819977,0.005297,1.775388,0.000000,9.929588,5.751173,2.574861,0.000000
"Tesla K40c (0)","1","7","kernel(void)",0,0,0,0,0,0,0,0,2971727,2967160,4686005,4682871,1503904,1501929,1499922,1497406,1049046,1048042,1048696,1048009,1670310,1670063,1669105,1669849,32760081,32767557,32769967,32681896,31713275,31721563,31724065,31636861,0,0,0,0,0,0,0,0,0,0,0,0,0,0,0,0,0,0,0,0,0,0,0,0,0,0,0,0,0,0,0,0,0,0,0,0,1,5,0,0,32764134,32769733,32772128,32684529,1670635,1670411,1669279,1669919,276601620,0,0,987003867,0,0,0,0,28792458,0,0,0,0,0,0,0,0,0,0,0,0,0,0,0,0,408,13056,291943482,138087373,148029538,7207518690,36190467,5151,0,0,40066008,923406,260959658,7138309616,51,6923913926,0,0,0,0,0,0,65996564,4300728,214659,0,26008484,3377322,0,0,36405126,5151,66161051,4304444,0,0,0.000000,0.000000,94.351630,1.118601,0.427358,108.137379,4.295394,94.351630,1.118601,0.487091,0.000735,0.100656,0.000000,0.000000,0.000000,7.087929,11.181544,7.961755,156.313848,0.000000,37.356944,69.179654,53.950346,96.805808,0.000000,156.321109,0.000000,0.010429,77.150193,0.000000,1.663547,715547.750000,27.408428,0.000000,0.000000,1.005931,1.000000,1.650406,4.657462,0,0,36405126,5151,65996564,4300728,0,6,0,5938887,9368876,130990524,6680244,0.000000,3.395052,347.589638,50.361167,156.334265,7.972722,0.000000,7.331848e-03,74.114451,53996270,28259406,111624831,77185032,1883792253,97165455,5718834,890453982,0,0,0,0,13232715,8.082498,31.067401,37.173218,0.000000,2.985510,1.182572,"Low (2)","Mid (4)","Idle (0)","Low (1)","Low (1)","Mid (5)","Low (3)","Low (1)","Idle (0)",291943482,434149453,286120016,0.000000,0,0.000000,0.000000,0.000000,0.000000,1010953824,0,3305532740,69641673,495940677,1887066595,83690020,0,0.000000,0,0.000000,130979501,6679327,0,7.971628,0,5110809,6.099636,3.809283,0.005110,1.773565,0.000000,9.927115,5.767293,2.578187,0.000000
"Tesla K40c (0)","1","7","kernel(void)",0,0,0,0,0,0,0,0,2974643,2969131,4671995,4668207,1499773,1498601,1500639,1501015,1050143,1048777,1046749,1047647,1670460,1670073,1669097,1669653,32760065,32767717,32769835,32681900,31714086,31721039,31724721,31636329,0,0,0,0,0,0,0,0,0,0,0,0,0,0,0,0,0,0,0,0,0,0,0,0,0,0,0,0,0,0,0,0,0,0,0,0,1,5,0,0,32762093,32770261,32772439,32683892,1670832,1670739,1669337,1669732,276378300,0,0,987003867,0,0,0,0,28792458,0,0,0,0,0,0,0,0,0,0,0,0,0,0,0,0,408,13056,291943482,138086778,148027538,7207518698,36190467,5151,0,0,40066008,923406,260895771,7135233518,51,6923914354,0,0,0,0,0,0,65996564,4300728,214659,0,26008484,3377322,0,0,36405126,5151,66158619,4303797,0,0,0.000000,0.000000,94.391559,1.118960,0.427311,108.144911,4.295694,94.391559,1.118960,0.487075,0.000735,0.100656,0.000000,0.000000,0.000000,7.094256,11.148099,7.962310,156.324734,0.000000,37.356944,69.179654,53.950346,96.806110,0.000000,156.332015,0.000000,0.010408,77.150193,0.000000,1.664226,715547.750000,27.419353,0.000000,0.000000,1.005931,1.000000,1.650406,4.657462,0,0,36405126,5151,65996564,4300728,0,6,0,5943774,9340202,130988685,6680640,0.000000,3.341512,347.613846,50.364675,156.342958,7.973750,0.000000,7.332802e-03,74.114456,54002565,28259406,111628136,77185032,1883792253,97165455,5718834,890453982,0,0,0,0,13232715,8.086878,31.071786,37.184571,0.000000,2.972679,1.180503,"Low (2)","Mid (4)","Idle (0)","Low (1)","Low (1)","Mid (5)","Low (3)","Low (1)","Idle (0)",291943482,434159486,286124010,0.000000,0,0.000000,0.000000,0.000000,0.000000,1010953824,0,3305532712,69641673,495940677,1887066605,83690030,0,0.000000,0,0.000000,130979517,6679283,0,7.972130,0,5090632,6.075979,3.808750,0.005151,1.774998,0.000000,9.933599,5.756083,2.576073,0.000000
"Tesla K40c (0)","1","7","kernel(void)",0,0,0,0,0,0,0,0,2969441,2967871,4679089,4666685,1501320,1498023,1501396,1500164,1048119,1048606,1047805,1046765,1670648,1670273,1669119,1669599,32760089,32767685,32769851,32681768,31713428,31721134,31725200,31635885,0,0,0,0,0,0,0,0,0,0,0,0,0,0,0,0,0,0,0,0,0,0,0,0,0,0,0,0,0,0,0,0,0,0,0,0,1,0,0,0,32762756,32770457,32772496,32684096,1670733,1670361,1669491,1670136,276542442,0,0,987003867,0,0,0,0,28792458,0,0,0,0,0,0,0,0,0,0,0,0,0,0,0,0,408,13056,291943512,138083225,148033306,7207518784,36190467,5151,0,0,40066008,923406,260962102,7137360648,51,6923914008,0,0,0,0,0,0,65996564,4300728,214659,0,26008484,3377322,0,0,36405126,5151,66161255,4303089,0,0,0.000000,0.000000,94.366022,1.118770,0.427333,108.141437,4.295556,94.366022,1.118770,0.487150,0.000735,0.100656,0.000000,0.000000,0.000000,7.086315,11.154391,7.962054,156.319713,0.000000,37.356943,69.179654,53.950346,96.805798,0.000000,156.326846,0.000000,0.010577,77.150186,0.000000,1.663651,715547.823529,27.409778,0.000000,0.000000,1.005931,1.000000,1.650406,4.657462,0,0,36405126,5151,65996564,4300728,0,1,0,5937312,9345774,130989805,6680721,0.000000,3.233853,347.602681,50.363057,156.339273,7.973590,0.000000,1.221657e-03,74.114445,54003285,28259416,111625436,77185032,1883792239,97165455,5718834,890453975,0,0,0,0,13232714,8.086423,31.067917,37.171604,0.000000,2.976029,1.183132,"Low (2)","Mid (4)","Idle (0)","Low (1)","Low (1)","Mid (5)","Low (3)","Low (1)","Idle (0)",291943512,434163911,286128305,0.000000,0,0.000000,0.000000,0.000000,0.000000,1010953820,0,3305532749,69641672,495940682,1887066583,83690009,0,0.000000,0,0.000000,130979393,6679639,0,7.972299,0,5090888,6.076089,3.806343,0.005172,1.773944,0.000000,9.938987,5.764393,2.577528,0.000000
"Tesla K40c (0)","1","7","kernel(void)",0,0,0,0,0,0,0,0,2994778,2991765,4685814,4681911,1504537,1503345,1503564,1504309,1057262,1056900,1055428,1056593,1675426,1675433,1674136,1675238,32770812,32780859,32780851,32698450,31716920,31726130,31727486,31643753,0,0,0,0,0,0,0,0,0,0,0,0,0,0,0,0,0,0,0,0,0,0,0,0,0,0,0,0,0,0,0,0,0,0,0,0,5,1,0,0,32773033,32783500,32784679,32700454,1675684,1675714,1674608,1675631,276674418,0,0,987547527,0,0,0,0,28951221,0,0,0,0,0,0,0,0,0,0,0,0,0,0,0,0,408,13056,292167270,138292720,148080826,7214619160,36190467,5151,0,0,40083144,928404,261172744,7140730106,51,6930054672,0,0,0,0,0,0,66024150,4309708,214659,0,26018934,3381304,0,0,36405126,5151,66186945,4314980,0,0,0.000000,0.000000,94.368512,1.118997,0.427327,108.107418,4.312479,94.368512,1.118997,0.486993,0.000735,0.100628,0.000000,0.000000,0.000000,7.140126,11.172848,7.981595,156.272891,0.000000,37.356943,69.178613,54.030300,96.781919,0.000000,156.280119,0.000000,0.010333,77.167045,0.000000,1.663980,716096.250000,27.420590,0.000000,0.000000,1.005931,1.000000,1.650389,4.642061,0,0,36405126,5151,66024150,4309708,0,6,0,5986543,9367725,131041666,6701637,0.000000,3.390386,347.361991,50.328184,156.292873,7.993016,0.000000,7.327080e-03,74.123364,54008496,28266903,111665216,77207166,1883924904,97165455,5851485,890453982,278358,13056,0,132651,13258827,8.082792,31.075064,37.191915,0.000000,2.962155,1.181613,"Low (2)","Mid (4)","Idle (0)","Low (1)","Low (1)","Mid (5)","Low (3)","Low (1)","Idle (0)",292167270,434450724,286370639,0.000000,0,0.000000,0.000000,0.000000,0.000000,1011112587,145707,3309370221,70422432,496073328,1887834282,84007530,0,0.000000,0,0.000000,131030972,6700233,0,7.991341,0,5112330,6.097456,3.808964,0.005016,1.773223,0.000786,9.934096,5.758386,2.576176,0.000000
"Tesla K40c (0)","1","7","kernel(void)",0,0,0,0,0,0,0,0,2969705,2965641,4681896,4668514,1502595,1498301,1496931,1497259,1048124,1047976,1047918,1047012,1670462,1670201,1669119,1669633,32760048,32767659,32769870,32681914,31713848,31721106,31724022,31636700,0,0,0,0,0,0,0,0,0,0,0,0,0,0,0,0,0,0,0,0,0,0,0,0,0,0,0,0,0,0,0,0,0,0,0,0,1,1,4,0,32762924,32769387,32772894,32683969,1670759,1670430,1669334,1670003,276420156,0,0,987003867,0,0,0,0,28792458,0,0,0,0,0,0,0,0,0,0,0,0,0,0,0,0,408,13056,291943482,138094091,148030261,7207518868,36190467,5151,0,0,40066008,923406,260877119,7136121386,51,6923914116,0,0,0,0,0,0,65996571,4300728,214659,0,26008491,3377322,0,0,36405126,5151,66160277,4303620,0,0,0.000000,0.000000,94.396090,1.118885,0.427341,108.133413,4.295237,94.396090,1.118885,0.487119,0.000735,0.100656,0.000000,0.000000,0.000000,7.083443,11.159096,7.961463,156.308140,0.000000,37.356943,69.179643,53.950346,96.805748,0.000000,156.315363,0.000000,0.010469,77.150195,0.000000,1.663887,715547.750000,27.414004,0.000000,0.000000,1.005931,1.000000,1.650406,4.657462,0,0,36405126,5151,65996571,4300728,0,6,0,5935346,9350410,130989174,6680526,0.000000,3.284941,347.576888,50.359320,156.326919,7.972766,0.000000,7.331848e-03,74.114453,53997550,28259406,111622886,77185032,1883792253,97165455,5718834,890453982,0,0,0,0,13232715,8.086578,31.075212,37.181696,0.000000,2.951478,1.181053,"Low (2)","Mid (4)","Idle (0)","Low (1)","Low (1)","Mid (5)","Low (3)","Low (1)","Idle (0)",291943482,434157789,286125244,0.000000,0,0.000000,0.000000,0.000000,0.000000,1010953824,0,3305532624,69641673,495940677,1887066574,83689999,0,0.000000,0,0.000000,130979491,6679415,0,7.971440,0,5099640,6.086083,3.819914,0.005144,1.774729,0.000000,9.932710,5.766215,2.578011,0.000000
"Tesla K40c (0)","1","7","kernel(void)",0,0,0,0,0,0,0,0,2969681,2968095,4686166,4678518,1502768,1501142,1499401,1499961,1048175,1048815,1047846,1048087,1670580,1670111,1669065,1669395,32760044,32767683,32769934,32681862,31713142,31722144,31723589,31636575,0,0,0,0,0,0,0,0,0,0,0,0,0,0,0,0,0,0,0,0,0,0,0,0,0,0,0,0,0,0,0,0,0,0,0,0,4,5,0,0,32762135,32770206,32773017,32684569,1670588,1670333,1669573,1669998,276091803,0,0,987003867,0,0,0,0,28792458,0,0,0,0,0,0,0,0,0,0,0,0,0,0,0,0,408,13056,291943482,138085485,148027344,7207518642,36190467,5151,0,0,40066008,923406,260972573,7136599184,51,6923914364,0,0,0,0,0,0,65996571,4300728,214659,0,26008491,3377322,0,0,36405126,5151,66159829,4305434,0,0,0.000000,0.000000,94.523840,1.118999,0.427329,108.148791,4.295848,94.523840,1.118999,0.487128,0.000735,0.100656,0.000000,0.000000,0.000000,7.087351,11.177721,7.962595,156.330370,0.000000,37.356943,69.179643,53.950346,96.805552,0.000000,156.337632,0.000000,0.010301,77.150192,0.000000,1.663547,715547.750000,27.408324,0.000000,0.000000,1.005931,1.000000,1.650406,4.657462,0,0,36405126,5151,65996571,4300728,0,9,0,5937776,9364684,130989927,6680492,0.000000,3.275630,347.626320,50.366482,156.350050,7.973859,0.000000,0.011000,74.114456,53999534,28259406,111628609,77185032,1883792253,97165455,5718834,890453982,0,0,0,0,13232715,8.082127,31.055538,37.166392,0.000000,2.979430,1.180580,"Low (2)","Mid (4)","Idle (0)","Low (1)","Low (1)","Mid (5)","Low (3)","Low (1)","Idle (0)",291943482,434157394,286122621,0.000000,0,0.000000,0.000000,0.000000,0.000000,1010953824,0,3305532699,69641673,495940677,1887066574,83689999,0,0.000000,0,0.000000,130979523,6679151,0,7.972259,0,5106265,6.094856,3.812893,0.005196,1.776840,0.000000,9.954940,5.762903,2.577683,0.000000
"Tesla K40c (0)","1","7","kernel(void)",0,0,0,0,0,0,0,0,2972574,2967977,4676027,4668599,1500249,1499134,1497730,1499814,1049427,1048170,1047195,1048134,1670274,1669905,1669243,1669681,32760012,32767659,32770014,32681786,31713672,31721472,31724487,31636527,0,0,0,0,0,0,0,0,0,0,0,0,0,0,0,0,0,0,0,0,0,0,0,0,0,0,0,0,0,0,0,0,0,0,0,0,1,5,0,0,32762911,32770876,32771914,32684450,1670587,1670168,1669428,1669751,276444021,0,0,987003867,0,0,0,0,28792458,0,0,0,0,0,0,0,0,0,0,0,0,0,0,0,0,408,13056,291943482,138090357,148032219,7207518606,36190467,5151,0,0,40066008,923406,260883429,7136177916,51,6923914252,0,0,0,0,0,0,65996571,4300728,214659,0,26008491,3377322,0,0,36405126,5151,66159617,4305014,0,0,0.000000,0.000000,94.371160,1.118909,0.427323,108.139913,4.295495,94.371160,1.118909,0.487112,0.000735,0.100656,0.000000,0.000000,0.000000,7.090081,11.152864,7.961942,156.317536,0.000000,37.356944,69.179643,53.950346,96.806131,0.000000,156.324735,0.000000,0.010228,77.150192,0.000000,1.664172,715547.750000,27.418623,0.000000,0.000000,1.005931,1.000000,1.650406,4.657462,0,0,36405126,5151,65996571,4300728,0,6,0,5940551,9344626,130990151,6679934,0.000000,3.324246,347.597781,50.362347,156.337482,7.972539,0.000000,7.332802e-03,74.114455,54001758,28259406,111627025,77185032,1883792253,97165455,5718834,890453982,0,0,0,0,13232715,8.086009,31.063855,37.162482,0.000000,2.978585,1.181033,"Low (2)","Mid (4)","Idle (0)","Low (1)","Low (1)","Mid (5)","Low (3)","Low (1)","Idle (0)",291943482,434152736,286120551,0.000000,0,0.000000,0.000000,0.000000,0.000000,1010953824,0,3305532762,69641673,495940677,1887066599,83690024,0,0.000000,0,0.000000,130979471,6679103,0,7.971547,0,5095324,6.081298,3.811026,0.005162,1.774576,0.000000,9.952783,5.759063,2.577180,0.000000
"Tesla K40c (0)","1","7","kernel(void)",0,0,0,0,0,0,0,0,2973933,2966361,4684278,4664439,1502313,1497599,1501946,1501845,1050259,1047469,1048104,1047210,1670448,1670146,1669140,1669673,32760064,32767423,32769894,32681782,31713767,31721017,31724054,31636088,0,0,0,0,0,0,0,0,0,0,0,0,0,0,0,0,0,0,0,0,0,0,0,0,0,0,0,0,0,0,0,0,0,0,0,0,5,1,0,0,32762617,32771399,32772046,32683802,1670690,1670344,1669429,1670007,276427131,0,0,987003867,0,0,0,0,28792458,0,0,0,0,0,0,0,0,0,0,0,0,0,0,0,0,408,13056,291943482,138088560,148034014,7207518820,36190467,5151,0,0,40066008,923406,260930938,7134628680,51,6923914372,0,0,0,0,0,0,65996571,4300728,214659,0,26008491,3377322,0,0,36405126,5151,66159505,4305819,0,0,0.000000,0.000000,94.394386,1.119000,0.427290,108.131157,4.295147,94.394386,1.119000,0.487125,0.000735,0.100656,0.000000,0.000000,0.000000,7.089200,11.156843,7.961297,156.304879,0.000000,37.356943,69.179643,53.950346,96.805418,0.000000,156.311710,0.000000,0.010225,77.150194,0.000000,1.663805,715547.750000,27.412751,0.000000,0.000000,1.005931,1.000000,1.650406,4.657462,0,0,36405126,5151,65996571,4300728,0,6,0,5940294,9348717,130989864,6680470,0.000000,3.260431,347.569636,50.358269,156.324481,7.972533,0.000000,7.331848e-03,74.114456,54005238,28259406,111626906,77185032,1883792253,97165455,5718834,890453982,0,0,0,0,13232715,8.086313,31.073401,37.181911,0.000000,2.967616,1.181555,"Low (2)","Mid (4)","Idle (0)","Low (1)","Low (1)","Mid (5)","Low (3)","Low (1)","Idle (0)",291943482,434139329,286114217,0.000000,0,0.000000,0.000000,0.000000,0.000000,1010953824,0,3305532724,69641673,495940677,1887066582,83690007,0,0.000000,0,0.000000,130979163,6679407,0,7.971264,0,5092266,6.077156,3.804249,0.005066,1.774684,0.000000,9.937418,5.762470,2.577016,0.000000
"Tesla K40c (0)","1","7","kernel(void)",0,0,0,0,0,0,0,0,2971370,2967492,4677973,4671561,1501301,1499952,1499399,1501359,1048582,1048148,1047526,1048879,1670254,1670208,1669162,1669619,32760028,32767727,32769918,32681886,31714516,31721326,31724202,31637306,0,0,0,0,0,0,0,0,0,0,0,0,0,0,0,0,0,0,0,0,0,0,0,0,0,0,0,0,0,0,0,0,0,0,0,0,4,1,0,0,32763144,32770312,32772194,32683850,1670630,1670160,1669319,1669843,276007266,0,0,987003867,0,0,0,0,28792458,0,0,0,0,0,0,0,0,0,0,0,0,0,0,0,0,408,13056,291943482,138087634,148032046,7207518512,36190467,5151,0,0,40066008,923406,260896840,7137325736,51,6923914404,0,0,0,0,0,0,65996571,4300728,214659,0,26008491,3377322,0,0,36405126,5151,66162207,4305051,0,0,0.000000,0.000000,94.536673,1.118716,0.427343,108.143832,4.295651,94.536673,1.118716,0.487109,0.000735,0.100656,0.000000,0.000000,0.000000,7.088322,11.159126,7.962230,156.323202,0.000000,37.356944,69.179643,53.950346,96.806976,0.000000,156.330506,0.000000,0.010394,77.150191,0.000000,1.663853,715547.750000,27.413190,0.000000,0.000000,1.005931,1.000000,1.650406,4.657462,0,0,36405126,5151,65996571,4300728,0,5,0,5938862,9349534,130989500,6679952,0.000000,3.429476,347.610379,50.364172,156.342371,7.972849,0.000000,6.110191e-03,74.114457,53996120,28259406,111630204,77185032,1883792253,97165455,5718834,890453982,0,0,0,0,13232715,8.083073,31.064078,37.175186,0.000000,2.974366,1.181585,"Low (2)","Mid (4)","Idle (0)","Low (1)","Low (1)","Mid (5)","Low (3)","Low (1)","Idle (0)",291943482,434146043,286114854,0.000000,0,0.000000,0.000000,0.000000,0.000000,1010953824,0,3305532762,69641673,495940677,1887066597,83690022,0,0.000000,0,0.000000,130979559,6679243,0,7.972003,0,5093250,6.079043,3.815805,0.005048,1.777384,0.000000,9.941057,5.759803,2.576867,0.000000
"Tesla K40c (0)","1","7","kernel(void)",0,0,0,0,0,0,0,0,2970755,2967873,4669546,4661566,1498473,1496984,1499758,1496938,1048613,1048493,1047245,1047440,1670304,1670026,1669150,1669657,32760196,32767711,32769914,32681858,31714464,31721906,31723256,31636431,0,0,0,0,0,0,0,0,0,0,0,0,0,0,0,0,0,0,0,0,0,0,0,0,0,0,0,0,0,0,0,0,0,0,0,0,0,5,1,0,32763079,32770435,32772711,32684443,1670724,1670605,1669478,1669919,276582867,0,0,987003867,0,0,0,0,28792458,0,0,0,0,0,0,0,0,0,0,0,0,0,0,0,0,408,13056,291943482,138090334,148035608,7207518796,36190467,5151,0,0,40066008,923406,260922799,7137673384,51,6923914442,0,0,0,0,0,0,65996571,4300728,214659,0,26008491,3377322,0,0,36405126,5151,66159493,4304502,0,0,0.000000,0.000000,94.339194,1.118560,0.427304,108.137427,4.295396,94.339194,1.118560,0.487142,0.000735,0.100656,0.000000,0.000000,0.000000,7.087623,11.136479,7.961759,156.313943,0.000000,37.356944,69.179643,53.950346,96.805900,0.000000,156.321390,0.000000,0.010404,77.150194,0.000000,1.663922,715547.750000,27.414271,0.000000,0.000000,1.005931,1.000000,1.650406,4.657462,0,0,36405126,5151,65996571,4300728,0,6,0,5938628,9331112,130990668,6680726,0.000000,3.375500,347.589791,50.361189,156.334505,7.973301,0.000000,7.331848e-03,74.114457,54002381,28259406,111626772,77185032,1883792253,97165455,5718834,890453982,0,0,0,0,13232715,8.085645,31.070588,37.187885,0.000000,2.981351,1.181394,"Low (2)","Mid (4)","Idle (0)","Low (1)","Low (1)","Mid (5)","Low (3)","Low (1)","Idle (0)",291943482,434160713,286123897,0.000000,0,0.000000,0.000000,0.000000,0.000000,1010953824,0,3305532790,69641673,495940677,1887066585,83690010,0,0.000000,0,0.000000,130979679,6679137,0,7.971404,0,5085796,6.069787,3.814518,0.005125,1.773685,0.000000,9.914879,5.758615,2.576241,0.000000
"Tesla K40c (0)","1","7","kernel(void)",0,0,0,0,0,0,0,0,2968586,2964810,4670010,4673523,1499474,1500330,1500332,1498571,1048080,1047252,1046715,1047310,1670604,1670190,1669040,1669709,32760136,32767751,32769846,32681754,31714145,31721503,31724400,31635631,0,0,0,0,0,0,0,0,0,0,0,0,0,0,0,0,0,0,0,0,0,0,0,0,0,0,0,0,0,0,0,0,0,0,0,0,1,5,5,4,32763400,32770211,32772382,32684163,1670653,1670472,1669442,1670099,276643104,0,0,987003867,0,0,0,0,28792458,0,0,0,0,0,0,0,0,0,0,0,0,0,0,0,0,408,13056,291943512,138086397,148039609,7207518684,36190467,5151,0,0,40066008,923406,260886399,7134641038,51,6923914482,0,0,0,0,0,0,65996571,4300728,214659,0,26008491,3377322,0,0,36405126,5151,66158641,4306613,0,0,0.000000,0.000000,94.313150,1.119022,0.427299,108.128593,4.295045,94.313150,1.119022,0.487156,0.000735,0.100656,0.000000,0.000000,0.000000,7.080800,11.150392,7.961108,156.301174,0.000000,37.356945,69.179643,53.950346,96.805753,0.000000,156.308391,0.000000,0.010559,77.150185,0.000000,1.663954,715547.823529,27.415094,0.000000,0.000000,1.005931,1.000000,1.650406,4.657462,0,0,36405126,5151,65996571,4300728,0,15,0,5933396,9343533,130990156,6680666,0.000000,3.323899,347.561397,50.357076,156.321124,7.972578,0.000000,0.018330,74.114450,54003100,28259416,111626695,77185032,1883792239,97165455,5718834,890453975,0,0,0,0,13232714,8.088252,31.061557,37.176454,0.000000,2.966261,1.182391,"Low (2)","Mid (4)","Idle (0)","Low (1)","Low (1)","Mid (5)","Low (3)","Low (1)","Idle (0)",291943512,434143726,286115795,0.000000,0,0.000000,0.000000,0.000000,0.000000,1010953820,0,3305532744,69641672,495940682,1887066613,83690039,0,0.000000,0,0.000000,130979487,6679543,0,7.971238,0,5088865,6.072953,3.812344,0.005079,1.773299,0.000000,9.949489,5.758172,2.576674,0.000000
"Tesla K40c (0)","1","7","kernel(void)",0,0,0,0,0,0,0,0,2967971,2966379,4676590,4678148,1500630,1500479,1501317,1499014,1047930,1048408,1047696,1048017,1670372,1670326,1669176,1669765,32759952,32767839,32769922,32681702,31713203,31721287,31723807,31637078,0,0,0,0,0,0,0,0,0,0,0,0,0,0,0,0,0,0,0,0,0,0,0,0,0,0,0,0,0,0,0,0,0,0,0,0,4,1,0,4,32762568,32770122,32771890,32684789,1670749,1670427,1669346,1669948,276442491,0,0,987003867,0,0,0,0,28792458,0,0,0,0,0,0,0,0,0,0,0,0,0,0,0,0,408,13056,291943482,138094421,148035623,7207518886,36190467,5151,0,0,40066008,923406,260916711,7134303678,51,6923914362,0,0,0,0,0,0,65996571,4300728,214659,0,26008491,3377322,0,0,36405126,5151,66161032,4303129,0,0,0.000000,0.000000,94.383722,1.119075,0.427299,108.127650,4.295008,94.383722,1.119075,0.487157,0.000735,0.100656,0.000000,0.000000,0.000000,7.081877,11.163666,7.961039,156.299809,0.000000,37.356944,69.179643,53.950346,96.805574,0.000000,156.306941,0.000000,0.010577,77.150195,0.000000,1.663941,715547.750000,27.414919,0.000000,0.000000,1.005931,1.000000,1.650406,4.657462,0,0,36405126,5151,65996571,4300728,0,9,0,5934350,9354738,130989369,6680470,0.000000,3.350754,347.558363,50.356636,156.318820,7.972274,0.000000,0.010998,74.114456,54001208,28259406,111631517,77185032,1883792253,97165455,5718834,890453982,0,0,0,0,13232715,8.083996,31.066391,37.174898,0.000000,2.981580,1.180824,"Low (2)","Mid (4)","Idle (0)","Low (1)","Low (1)","Mid (5)","Low (3)","Low (1)","Idle (0)",291943482,434150072,286120420,0.000000,0,0.000000,0.000000,0.000000,0.000000,1010953824,0,3305532715,69641673,495940677,1887066588,83690013,0,0.000000,0,0.000000,130979415,6679639,0,7.971283,0,5095597,6.080934,3.808378,0.005042,1.774586,0.000000,9.936550,5.762341,2.577566,0.000000
"Tesla K40c (0)","1","7","kernel(void)",0,0,0,0,0,0,0,0,2973793,2972185,4667460,4670935,1498527,1500189,1497606,1499860,1049943,1050177,1046873,1048081,1670696,1669954,1669076,1669739,32760248,32767631,32769990,32681870,31714270,31721223,31723411,31635670,0,0,0,0,0,0,0,0,0,0,0,0,0,0,0,0,0,0,0,0,0,0,0,0,0,0,0,0,0,0,0,0,0,0,0,0,1,1,0,0,32762499,32770471,32771598,32684319,1670662,1670260,1669212,1669893,276409101,0,0,987003867,0,0,0,0,28792458,0,0,0,0,0,0,0,0,0,0,0,0,0,0,0,0,408,13056,291943482,138083543,148035512,7207518858,36190467,5151,0,0,40066008,923406,260925849,7135518296,51,6923914220,0,0,0,0,0,0,65996571,4300728,214659,0,26008491,3377322,0,0,36405126,5151,66159520,4304176,0,0,0.000000,0.000000,94.379371,1.118952,0.427325,108.147288,4.295788,94.379371,1.118952,0.487166,0.000735,0.100656,0.000000,0.000000,0.000000,7.097042,11.146187,7.962485,156.328198,0.000000,37.356945,69.179643,53.950346,96.804723,0.000000,156.335717,0.000000,0.010686,77.150195,0.000000,1.664236,715547.750000,27.419364,0.000000,0.000000,1.005931,1.000000,1.650406,4.657462,0,0,36405126,5151,65996571,4300728,0,2,0,5945978,9338395,130988887,6680027,0.000000,3.312251,347.621489,50.365782,156.346636,7.973194,0.000000,2.444267e-03,74.114455,53999489,28259406,111622431,77185032,1883792253,97165455,5718834,890453982,0,0,0,0,13232715,8.087048,31.068489,37.180396,0.000000,2.971512,1.180968,"Low (2)","Mid (4)","Idle (0)","Low (1)","Low (1)","Mid (5)","Low (3)","Low (1)","Idle (0)",291943482,434168450,286130057,0.000000,0,0.000000,0.000000,0.000000,0.000000,1010953824,0,3305532708,69641673,495940677,1887066611,83690036,0,0.000000,0,0.000000,130979739,6679465,0,7.972523,0,5093117,6.079078,3.805195,0.005826,1.774800,0.000000,9.945749,5.754816,2.575953,0.000000
"Tesla K40c (0)","1","7","kernel(void)",0,0,0,0,0,0,0,0,2995889,2991707,4689542,4681838,1505614,1502610,1503795,1503548,1057629,1057041,1056080,1055114,1675504,1675464,1674207,1675310,32771120,32780851,32780808,32698253,31716780,31725978,31727039,31644425,0,0,0,0,0,0,0,0,0,0,0,0,0,0,0,0,0,0,0,0,0,0,0,0,0,0,0,0,0,0,0,0,0,0,0,0,0,0,4,4,32773067,32783099,32783293,32700617,1675637,1675714,1674433,1675480,276658419,0,0,987547527,0,0,0,0,28951221,0,0,0,0,0,0,0,0,0,0,0,0,0,0,0,0,408,13056,292167300,138288276,148080003,7214619120,36190467,5151,0,0,40083144,928404,261056143,7139397322,51,6930054890,0,0,0,0,0,0,66024124,4309708,214659,0,26018908,3381304,0,0,36405126,5151,66186991,4313410,0,0,0.000000,0.000000,94.367343,1.119146,0.427304,108.111493,4.312642,94.367343,1.119146,0.486985,0.000735,0.100628,0.000000,0.000000,0.000000,7.141651,11.177629,7.981895,156.278711,0.000000,37.356944,69.178644,54.030300,96.781823,0.000000,156.286082,0.000000,0.010603,77.167037,0.000000,1.663988,716096.323529,27.420971,0.000000,0.000000,1.005931,1.000000,1.650388,4.642061,0,0,36405126,5151,66024124,4309708,0,8,0,5987596,9371380,131040076,6701264,0.000000,3.344102,347.375086,50.330081,156.296869,7.992872,0.000000,9.770393e-03,74.123359,54011537,28266913,111668048,77207166,1883924890,97165455,5851485,890453975,278358,13056,0,132651,13258826,8.085700,31.065849,37.181151,0.000000,2.975883,1.180422,"Low (2)","Mid (4)","Idle (0)","Low (1)","Low (1)","Mid (5)","Low (3)","Low (1)","Idle (0)",292167300,434425990,286357419,0.000000,0,0.000000,0.000000,0.000000,0.000000,1011112583,145707,3309370087,70422431,496073333,1887834293,84007542,0,0.000000,0,0.000000,131031032,6700485,0,7.991943,0,5117545,6.103906,3.812105,0.005187,1.773326,0.000786,9.938602,5.755101,2.575936,0.000000
"Tesla K40c (0)","1","7","kernel(void)",0,0,0,0,0,0,0,0,2970571,2965359,4682310,4679962,1502782,1502351,1499581,1496495,1048660,1047492,1047221,1046365,1670500,1669872,1669062,1669803,32760047,32767752,32769897,32681950,31713293,31721578,31724375,31636083,0,0,0,0,0,0,0,0,0,0,0,0,0,0,0,0,0,0,0,0,0,0,0,0,0,0,0,0,0,0,0,0,0,0,0,0,0,1,0,0,32763027,32769895,32772317,32684510,1670610,1670570,1669359,1669719,276495927,0,0,987003867,0,0,0,0,28792458,0,0,0,0,0,0,0,0,0,0,0,0,0,0,0,0,408,13056,291943482,138093678,148035603,7207518626,36190467,5151,0,0,40066008,923406,260922632,7137966828,51,6923914040,0,0,0,0,0,0,65996564,4300728,214659,0,26008484,3377322,0,0,36405126,5151,66160193,4304019,0,0,0.000000,0.000000,94.367622,1.118651,0.427357,108.127329,4.294995,94.367622,1.118651,0.487152,0.000735,0.100656,0.000000,0.000000,0.000000,7.083741,11.172624,7.961015,156.299340,0.000000,37.356942,69.179645,53.950346,96.805369,0.000000,156.306754,0.000000,0.010456,77.150192,0.000000,1.663960,715547.750000,27.415146,0.000000,0.000000,1.005931,1.000000,1.650406,4.657462,0,0,36405126,5151,65996564,4300728,0,1,0,5935930,9362272,130989749,6680258,0.000000,3.392292,347.557333,50.356486,156.318810,7.971998,0.000000,1.221657e-03,74.114453,53995002,28259406,111628913,77185032,1883792253,97165455,5718834,890453982,0,0,0,0,13232715,8.085091,31.063565,37.164424,0.000000,2.981019,1.182393,"Low (2)","Mid (4)","Idle (0)","Low (1)","Low (1)","Mid (5)","Low (3)","Low (1)","Idle (0)",291943482,434164328,286128027,0.000000,0,0.000000,0.000000,0.000000,0.000000,1010953824,0,3305532604,69641673,495940677,1887066561,83689986,0,0.000000,0,0.000000,130979646,6679237,0,7.970779,0,5107255,6.094828,3.816253,0.005166,1.774243,0.000000,9.941625,5.760463,2.577140,0.000000
"Tesla K40c (0)","1","7","kernel(void)",0,0,0,0,0,0,0,0,2970797,2966825,4677785,4680479,1501243,1501636,1502124,1500172,1048633,1048022,1046758,1046944,1670255,1670166,1669201,1669647,32760055,32767680,32770093,32681918,31713892,31721482,31724525,31635780,0,0,0,0,0,0,0,0,0,0,0,0,0,0,0,0,0,0,0,0,0,0,0,0,0,0,0,0,0,0,0,0,0,0,0,0,4,5,4,0,32762803,32769875,32772396,32684327,1670663,1670349,1669227,1669865,276334218,0,0,987003867,0,0,0,0,28792458,0,0,0,0,0,0,0,0,0,0,0,0,0,0,0,0,408,13056,291943482,138080556,148033666,7207518824,36190467,5151,0,0,40066008,923406,260941442,7134268294,51,6923914262,0,0,0,0,0,0,65996564,4300728,214659,0,26008484,3377322,0,0,36405126,5151,66162721,4304374,0,0,0.000000,0.000000,94.429653,1.118908,0.427279,108.144733,4.295687,94.429653,1.118908,0.487123,0.000735,0.100656,0.000000,0.000000,0.000000,7.086901,11.169639,7.962297,156.324498,0.000000,37.356943,69.179645,53.950346,96.805562,0.000000,156.332032,0.000000,0.010552,77.150194,0.000000,1.663775,715547.750000,27.411727,0.000000,0.000000,1.005931,1.000000,1.650406,4.657462,0,0,36405126,5151,65996564,4300728,0,13,0,5937622,9358264,130989401,6680104,0.000000,3.343950,347.613275,50.364592,156.343555,7.973097,0.000000,0.015888,74.114455,53998959,28259406,111625075,77185032,1883792253,97165455,5718834,890453982,0,0,0,0,13232715,8.087871,31.076497,37.177209,0.000000,2.975674,1.180504,"Low (2)","Mid (4)","Idle (0)","Low (1)","Low (1)","Mid (5)","Low (3)","Low (1)","Idle (0)",291943482,434155775,286122969,0.000000,0,0.000000,0.000000,0.000000,0.000000,1010953824,0,3305532766,69641673,495940677,1887066575,83690000,0,0.000000,0,0.000000,130979746,6679269,0,7.972100,0,5100354,6.087573,3.818552,0.005169,1.775281,0.000000,9.919890,5.758634,2.575819,0.000000
"Tesla K40c (0)","1","7","kernel(void)",0,0,0,0,0,0,0,0,2970272,2964746,4671346,4673230,1499847,1499903,1502134,1500745,1048854,1047025,1047539,1047288,1670507,1670046,1669085,1669603,32760051,32767680,32769845,32681834,31714087,31721315,31724040,31636419,0,0,0,0,0,0,0,0,0,0,0,0,0,0,0,0,0,0,0,0,0,0,0,0,0,0,0,0,0,0,0,0,0,0,0,0,0,0,4,4,32762447,32770880,32772608,32684946,1670642,1670376,1669389,1669660,276322788,0,0,987003867,0,0,0,0,28792458,0,0,0,0,0,0,0,0,0,0,0,0,0,0,0,0,408,13056,291943512,138089589,148035736,7207518920,36190467,5151,0,0,40066008,923406,260962077,7134954018,51,6923914364,0,0,0,0,0,0,65996564,4300728,214659,0,26008484,3377322,0,0,36405126,5151,66162240,4304361,0,0,0.000000,0.000000,94.414363,1.118981,0.427302,108.148986,4.295855,94.414363,1.118981,0.487141,0.000735,0.100656,0.000000,0.000000,0.000000,7.084072,11.153740,7.962610,156.330646,0.000000,37.356943,69.179645,53.950346,96.805949,0.000000,156.337779,0.000000,0.010288,77.150187,0.000000,1.664132,715547.823529,27.418135,0.000000,0.000000,1.005931,1.000000,1.650406,4.657462,0,0,36405126,5151,65996564,4300728,0,8,0,5935018,9344576,130990881,6680067,0.000000,3.317192,347.626947,50.366572,156.351471,7.973366,0.000000,9.777069e-03,74.114449,54007493,28259416,111626350,77185032,1883792239,97165455,5718834,890453975,0,0,0,0,13232714,8.088087,31.068577,37.174693,0.000000,2.983396,1.181826,"Low (2)","Mid (4)","Idle (0)","Low (1)","Low (1)","Mid (5)","Low (3)","Low (1)","Idle (0)",291943512,434152693,286122934,0.000000,0,0.000000,0.000000,0.000000,0.000000,1010953820,0,3305532753,69641672,495940682,1887066584,83690010,0,0.000000,0,0.000000,130979410,6679241,0,7.972381,0,5086259,6.070988,3.809900,0.005113,1.775354,0.000000,9.933968,5.754440,2.575730,0.000000
"Tesla K40c (0)","1","7","kernel(void)",0,0,0,0,0,0,0,0,2967479,2965181,4679767,4672153,1501696,1499570,1499666,1496332,1047557,1047170,1047786,1047185,1670361,1670392,1669093,1669647,32759919,32767628,32769913,32681790,31713273,31720960,31724146,31636351,0,0,0,0,0,0,0,0,0,0,0,0,0,0,0,0,0,0,0,0,0,0,0,0,0,0,0,0,0,0,0,0,0,0,0,0,0,0,0,0,32762200,32770563,32772802,32684618,1670468,1670422,1669406,1669995,276533598,0,0,987003867,0,0,0,0,28792458,0,0,0,0,0,0,0,0,0,0,0,0,0,0,0,0,408,13056,291943482,138086214,148037756,7207518770,36190467,5151,0,0,40066008,923406,260973786,7137773802,51,6923914316,0,0,0,0,0,0,65996564,4300728,214659,0,26008484,3377322,0,0,36405126,5151,66161831,4303066,0,0,0.000000,0.000000,94.373224,1.118713,0.427352,108.141494,4.295558,94.373224,1.118713,0.487143,0.000735,0.100656,0.000000,0.000000,0.000000,7.080767,11.161732,7.962058,156.319815,0.000000,37.356944,69.179645,53.950346,96.805204,0.000000,156.326757,0.000000,0.010355,77.150194,0.000000,1.663613,715547.750000,27.409479,0.000000,0.000000,1.005931,1.000000,1.650406,4.657462,0,0,36405126,5151,65996564,4300728,0,0,0,5932660,9351920,130990183,6680291,0.000000,3.429402,347.602862,50.363083,156.339805,7.973081,0.000000,0.000000,74.114456,53994975,28259406,111629635,77185032,1883792253,97165455,5718834,890453982,0,0,0,0,13232715,8.085580,31.061953,37.176783,0.000000,2.984049,1.180984,"Low (2)","Mid (4)","Idle (0)","Low (1)","Idle (0)","Mid (5)","Low (3)","Low (1)","Idle (0)",291943482,434159232,286126092,0.000000,0,0.000000,0.000000,0.000000,0.000000,1010953824,0,3305532699,69641673,495940677,1887066585,83690010,0,0.000000,0,0.000000,130979250,6679493,0,7.972129,0,5097618,6.084125,3.820153,0.005215,1.774001,0.000000,9.920863,5.764419,2.577708,0.000000
"Tesla K40c (0)","1","7","kernel(void)",0,0,0,0,0,0,0,0,2972941,2966014,4687108,4663535,1503589,1497929,1497838,1499234,1049687,1047633,1046297,1047336,1670359,1669986,1669185,1669499,32760067,32767592,32769905,32682006,31714635,31721821,31724642,31636308,0,0,0,0,0,0,0,0,0,0,0,0,0,0,0,0,0,0,0,0,0,0,0,0,0,0,0,0,0,0,0,0,0,0,0,0,0,1,0,0,32762883,32770539,32773400,32684378,1670523,1670384,1669415,1669939,276493260,0,0,987003867,0,0,0,0,28792458,0,0,0,0,0,0,0,0,0,0,0,0,0,0,0,0,408,13056,291943482,138085678,148030575,7207518798,36190467,5151,0,0,40066008,923406,260933525,7136344848,51,6923914284,0,0,0,0,0,0,65996564,4300728,214659,0,26008484,3377322,0,0,36405126,5151,66158162,4304364,0,0,0.000000,0.000000,94.384409,1.118814,0.427322,108.134309,4.295272,94.384409,1.118814,0.487140,0.000735,0.100656,0.000000,0.000000,0.000000,7.087809,11.159467,7.961529,156.309430,0.000000,37.356944,69.179645,53.950346,96.807010,0.000000,156.316753,0.000000,0.010250,77.150194,0.000000,1.663611,715547.750000,27.409286,0.000000,0.000000,1.005931,1.000000,1.650406,4.657462,0,0,36405126,5151,65996564,4300728,0,1,0,5938955,9350643,130991200,6680261,0.000000,3.248305,347.579769,50.359737,156.330633,7.972516,0.000000,1.221657e-03,74.114455,54006081,28259406,111631215,77185032,1883792253,97165455,5718834,890453982,0,0,0,0,13232715,8.089181,31.074051,37.179504,0.000000,2.963996,1.181393,"Low (2)","Mid (4)","Idle (0)","Low (1)","Low (1)","Mid (5)","Low (3)","Low (1)","Idle (0)",291943482,434160940,286124037,0.000000,0,0.000000,0.000000,0.000000,0.000000,1010953824,0,3305532788,69641673,495940677,1887066607,83690032,0,0.000000,0,0.000000,130979570,6679029,0,7.971046,0,5100055,6.086629,3.808715,0.005188,1.774260,0.000000,9.931373,5.766600,2.577756,0.000000
