==25199== NVPROF is profiling process 25199, command: ./gaussian -s 16
==25199== Some kernel(s) will be replayed on device 0 in order to collect all events/metrics.
==25199== Profiling application: ./gaussian -s 16
==25199== Profiling result:
"Device","Context","Stream","Kernel","tex0_cache_sector_queries","tex1_cache_sector_queries","tex2_cache_sector_queries","tex3_cache_sector_queries","tex0_cache_sector_misses","tex1_cache_sector_misses","tex2_cache_sector_misses","tex3_cache_sector_misses","fb_subp0_read_sectors","fb_subp1_read_sectors","fb_subp0_write_sectors","fb_subp1_write_sectors","l2_subp0_write_sector_misses","l2_subp1_write_sector_misses","l2_subp2_write_sector_misses","l2_subp3_write_sector_misses","l2_subp0_read_sector_misses","l2_subp1_read_sector_misses","l2_subp2_read_sector_misses","l2_subp3_read_sector_misses","l2_subp0_write_l1_sector_queries","l2_subp1_write_l1_sector_queries","l2_subp2_write_l1_sector_queries","l2_subp3_write_l1_sector_queries","l2_subp0_read_l1_sector_queries","l2_subp1_read_l1_sector_queries","l2_subp2_read_l1_sector_queries","l2_subp3_read_l1_sector_queries","l2_subp0_read_l1_hit_sectors","l2_subp1_read_l1_hit_sectors","l2_subp2_read_l1_hit_sectors","l2_subp3_read_l1_hit_sectors","l2_subp0_read_tex_sector_queries","l2_subp1_read_tex_sector_queries","l2_subp2_read_tex_sector_queries","l2_subp3_read_tex_sector_queries","l2_subp0_read_tex_hit_sectors","l2_subp1_read_tex_hit_sectors","l2_subp2_read_tex_hit_sectors","l2_subp3_read_tex_hit_sectors","rocache_subp0_gld_thread_count_32b","rocache_subp1_gld_thread_count_32b","rocache_subp2_gld_thread_count_32b","rocache_subp3_gld_thread_count_32b","rocache_subp0_gld_thread_count_64b","rocache_subp1_gld_thread_count_64b","rocache_subp2_gld_thread_count_64b","rocache_subp3_gld_thread_count_64b","rocache_subp0_gld_thread_count_128b","rocache_subp1_gld_thread_count_128b","rocache_subp2_gld_thread_count_128b","rocache_subp3_gld_thread_count_128b","rocache_subp0_gld_warp_count_32b","rocache_subp1_gld_warp_count_32b","rocache_subp2_gld_warp_count_32b","rocache_subp3_gld_warp_count_32b","rocache_subp0_gld_warp_count_64b","rocache_subp1_gld_warp_count_64b","rocache_subp2_gld_warp_count_64b","rocache_subp3_gld_warp_count_64b","rocache_subp0_gld_warp_count_128b","rocache_subp1_gld_warp_count_128b","rocache_subp2_gld_warp_count_128b","rocache_subp3_gld_warp_count_128b","l2_subp0_read_sysmem_sector_queries","l2_subp1_read_sysmem_sector_queries","l2_subp2_read_sysmem_sector_queries","l2_subp3_read_sysmem_sector_queries","l2_subp0_write_sysmem_sector_queries","l2_subp1_write_sysmem_sector_queries","l2_subp2_write_sysmem_sector_queries","l2_subp3_write_sysmem_sector_queries","l2_subp0_total_read_sector_queries","l2_subp1_total_read_sector_queries","l2_subp2_total_read_sector_queries","l2_subp3_total_read_sector_queries","l2_subp0_total_write_sector_queries","l2_subp1_total_write_sector_queries","l2_subp2_total_write_sector_queries","l2_subp3_total_write_sector_queries","elapsed_cycles_sm","gld_inst_8bit","gld_inst_16bit","gld_inst_32bit","gld_inst_64bit","gld_inst_128bit","gst_inst_8bit","gst_inst_16bit","gst_inst_32bit","gst_inst_64bit","gst_inst_128bit","rocache_gld_inst_8bit","rocache_gld_inst_16bit","rocache_gld_inst_32bit","rocache_gld_inst_64bit","rocache_gld_inst_128bit","prof_trigger_00","prof_trigger_01","prof_trigger_02","prof_trigger_03","prof_trigger_04","prof_trigger_05","prof_trigger_06","prof_trigger_07","atom_cas_count","warps_launched","threads_launched","inst_executed","inst_issued1","inst_issued2","thread_inst_executed","shared_load","shared_store","local_load","local_store","gld_request","gst_request","active_cycles","active_warps","sm_cta_launched","not_predicated_off_thread_inst_executed","l1_local_load_hit","l1_local_load_miss","l1_local_store_hit","l1_local_store_miss","l1_global_load_hit","l1_global_load_miss","uncached_global_load_transaction","global_store_transaction","shared_load_replay","shared_store_replay","global_ld_mem_divergence_replays","global_st_mem_divergence_replays","local_load_transactions","local_store_transactions","l1_shared_load_transactions","l1_shared_store_transactions","__l1_global_load_transactions","__l1_global_store_transactions","atom_count","gred_count","L1 Global Hit Rate","L1 Local Hit Rate","Multiprocessor Activity","Executed IPC","Achieved Occupancy","Requested Global Load Throughput","Requested Global Store Throughput","Multiprocessor Activity","Executed IPC","Instruction Replay Overhead","Shared Memory Replay Overhead","Global Memory Replay Overhead","Global Memory Cache Replay Overhead","Texture Cache Hit Rate","Texture Cache Throughput","Device Memory Read Throughput","Device Memory Write Throughput","Global Store Throughput","Global Load Throughput","Local Memory Cache Replay Overhead","Shared Memory Efficiency","Global Memory Load Efficiency","Global Memory Store Efficiency","L2 Hit Rate (L1 Reads)","L2 Hit Rate (Texture Reads)","L2 Throughput (L1 Reads)","L2 Throughput (Texture Reads)","Local Memory Overhead","Warp Execution Efficiency","Requested Non-Coherent Global Load Throughput","Issued IPC","Instructions per warp","Issue Slot Utilization","Local Memory Load Transactions Per Request","Local Memory Store Transactions Per Request","Shared Memory Load Transactions Per Request","Shared Memory Store Transactions Per Request","Global Load Transactions Per Request","Global Store Transactions Per Request","Local Load Transactions","Local Store Transactions","Shared Load Transactions","Shared Store Transactions","Global Load Transactions","Global Store Transactions","System Memory Read Transactions","System Memory Write Transactions","Texture Cache Transactions","Device Memory Read Transactions","Device Memory Write Transactions","L2 Read Transactions","L2 Write Transactions","Local Memory Load Throughput","Local Memory Store Throughput","Shared Memory Load Throughput","Shared Memory Store Throughput","L2 Throughput (Reads)","L2 Throughput (Writes)","System Memory Read Throughput","System Memory Write Throughput","Warp Non-Predicated Execution Efficiency","Issued Control-Flow Instructions","Executed Control-Flow Instructions","Issued Load/Store Instructions","Executed Load/Store Instructions","Floating Point Operations(Single Precision)","Floating Point Operations(Single Precision Add)","Floating Point Operation(Single Precision Mul)","Floating Point Operations(Single Precision FMA)","Floating Point Operations(Double Precision)","Floating Point Operations(Double Precision Add)","Floating Point Operations(Double Precision Mul)","Floating Point Operations(Double Precison FMA)","Floating Point Operations(Single Precision Special)","Issue Stall Reasons (Instructions Fetch)","Issue Stall Reasons (Execution Dependency)","Issue Stall Reasons (Data Request)","Issue Stall Reasons (Texture)","Issue Stall Reasons (Synchronization)","Issue Stall Reasons (Other)","L1/Shared Memory Utilization","L2 Cache Utilization","Texture Cache Utilization","Device Memory Utilization","System Memory Utilization","Load/Store Function Unit Utilization","Arithmetic Function Unit Utilization","Control-Flow Function Unit Utilization","Texture Function Unit Utilization","Instructions Executed","Instructions Issued","Issue Slots","L2 Throughput (Non-Coherent Reads)","L2 Non-Coherent Read Transactions","Non-Coherent Global Hit Rate","Non-Coherent Global Memory Load Throughput","Non-Coherent Global Load Efficiency","L2 Throughput (Atomic requests)","FP Instructions(Single)","FP Instructions(Double)","Integer Instructions","Bit-Convert Instructions","Control-Flow Instructions","Load/Store Instructions","Misc Instructions","Inter-Thread Instructions","Atomic Replay Overhead","Atomic Transactions","Atomic Transactions Per Request","L2 Read Transactions (L1 read requests)","L2 Write Transactions (L1 write requests)","L2 Transactions (Texture Reads)","L2 Throughput (L1 Writes)","L2 Transactions (Atomic requests)","ECC Transactions","ECC Throughput","Issue Stall Reasons (Pipe Busy)","Issue Stall Reasons (Immediate constant)","FLOP Efficiency(Peak Single)","FLOP Efficiency(Peak Double)","Issue Stall Reasons (Memory Throttle)","Issue Stall Reasons (Not Selected)","Eligible Warps Per Active Cycle","Atomic Throughput"
,,,,,,,,,,,,,,,,,,,,,,,,,,,,,,,,,,,,,,,,,,,,,,,,,,,,,,,,,,,,,,,,,,,,,,,,,,,,,,,,,,,,,,,,,,,,,,,,,,,,,,,,,,,,,,,,,,,,,,,,,,,,,,,,,,,,,,,,,,,,,,,,,%,%,%,,,MB/s,MB/s,%,,,,,,%,B/s,MB/s,MB/s,MB/s,GB/s,,%,%,%,%,%,GB/s,B/s,%,%,B/s,,,%,,,,,,,,,,,,,,,,,,,,B/s,B/s,B/s,B/s,GB/s,MB/s,B/s,MB/s,%,,,,,,,,,,,,,,%,%,%,%,%,%,,,,,,,,,,,,,B/s,,%,B/s,%,B/s,,,,,,,,,,,,,,,MB/s,,,MB/s,%,%,%,%,%,%,,B/s
"Tesla K40c (0)","1","7","Fan1(float*, float*, int, int)",0,0,0,0,0,0,0,0,0,0,13,14,4,3,4,4,0,0,0,0,4,3,4,4,8,8,8,8,8,8,8,8,0,0,0,0,0,0,0,0,0,0,0,0,0,0,0,0,0,0,0,0,0,0,0,0,0,0,0,0,0,0,0,0,0,0,0,0,4,4,0,0,12,23,23,49,4,3,4,5,77313,0,0,30,0,0,0,0,15,0,0,0,0,0,0,0,0,0,0,0,0,0,0,0,0,16,512,183,191,67,5194,0,0,0,0,2,1,1774,9724,1,5162,0,0,0,0,1,8,0,8,0,0,7,7,0,0,0,0,10,8,0,0,11.111111,0.000000,2.294569,0.114662,0.095020,12.473974,11.694350,2.294569,0.114662,0.765027,0.000000,0.076503,0.043716,0.000000,0.000000,0.000000,168.398653,93.554807,0.219269,0.000000,0.000000,5.555556,12.500000,100.000000,0.000000,0.194906,0.000000,0.000000,88.695355,0.000000,0.183202,11.437500,3.635851,0.000000,0.000000,0.000000,0.000000,4.500000,8.000000,0,0,0,0,9,8,0,8,0,0,27,107,16,0.000000,0.000000,0.000000,0.000000,0.651716,99.791794,0.000000,49.895897,88.148907,21,21,18,3,210,0,0,105,0,0,0,0,15,1.637480,21.719354,1.614737,0.000000,0.000000,2.888333,"Low (1)","Low (1)","Idle (0)","Low (1)","Low (1)","Low (1)","Low (1)","Low (1)","Idle (0)",183,323,256,0.000000,0,0.000000,0.000000,0.000000,0.000000,135,0,2318,15,557,45,2093,0,0.000000,0,0.000000,32,15,0,93.554807,0,12,74.843845,3.388674,63.770753,0.000707,0.000000,3.229475,1.751194,0.232244,0.000000
"Tesla K40c (0)","1","7","Fan2(float*, float*, float*, int, int, int)",0,0,0,0,0,0,0,0,0,0,29,27,10,10,10,11,0,0,0,0,16,16,16,17,64,112,64,172,64,112,64,172,0,0,0,0,0,0,0,0,0,0,0,0,0,0,0,0,0,0,0,0,0,0,0,0,0,0,0,0,0,0,0,0,0,0,0,0,0,1,5,0,64,115,125,217,16,17,16,18,72633,0,0,765,0,0,0,0,255,0,0,0,0,0,0,0,0,0,0,0,0,0,0,0,0,16,256,732,616,217,11124,0,0,0,0,60,20,16390,17582,16,9954,0,0,0,0,20,103,0,48,0,0,63,28,0,0,0,0,128,48,0,0,16.260163,0.000000,22.565501,0.044490,0.016697,318.157902,203.844887,22.565501,0.044490,0.438525,0.000000,0.124317,0.140710,0.000000,0.000000,0.000000,358.127488,415.683692,3.072662,0.000000,0.000000,10.111789,49.038462,100.000000,0.000000,2.573042,0.000000,0.000000,47.489754,0.000000,0.064063,45.750000,1.270592,0.000000,0.000000,0.000000,0.000000,2.050000,2.400000,0,0,0,0,123,48,0,6,0,0,56,521,67,0.000000,0.000000,0.000000,0.000000,3.253774,428.473959,0.000000,38.370802,42.494877,70,64,186,80,510,255,255,0,0,0,0,0,0,2.648436,32.680463,13.697955,0.000000,0.000000,2.229613,"Low (1)","Low (1)","Idle (0)","Low (1)","Low (1)","Low (1)","Low (1)","Low (1)","Idle (0)",732,1053,836,0.000000,0,0.000000,0.000000,0.000000,0.000000,510,0,5434,0,481,1020,2509,0,0.000000,0,0.000000,412,65,0,415.683692,0,15,95.927006,0.000000,35.291944,0.001829,0.000000,13.279133,0.172456,0.052532,0.000000
"Tesla K40c (0)","1","7","Fan1(float*, float*, int, int)",0,0,0,0,0,0,0,0,0,0,11,14,5,2,4,5,0,0,0,0,4,2,4,4,8,8,8,8,8,8,8,8,0,0,0,0,0,0,0,0,0,0,0,0,0,0,0,0,0,0,0,0,0,0,0,0,0,0,0,0,0,0,0,0,0,0,0,0,0,4,1,0,12,12,16,45,6,2,5,5,74028,0,0,28,0,0,0,0,14,0,0,0,0,0,0,0,0,0,0,0,0,0,0,0,0,16,512,183,190,67,5154,0,0,0,0,2,1,1385,9530,1,5126,0,0,0,0,0,8,0,7,0,0,6,6,0,0,0,0,8,7,0,0,0.000000,0.000000,2.104609,0.131939,0.107359,12.339973,11.517308,2.104609,0.131939,0.770492,0.000000,0.065574,0.043716,0.000000,0.000000,0.000000,164.532985,92.138472,0.205666,0.000000,0.000000,5.859375,12.500000,100.000000,0.000000,0.205666,0.000000,0.000000,88.012295,0.000000,0.206675,11.437500,4.091784,0.000000,0.000000,0.000000,0.000000,4.000000,7.000000,0,0,0,0,8,7,0,5,0,0,25,85,18,0.000000,0.000000,0.000000,0.000000,0.546301,118.463749,0.000000,32.906596,87.534153,21,21,15,3,196,0,0,98,0,0,0,0,14,1.714948,22.201622,1.552723,0.000000,0.000000,3.082271,"Low (1)","Low (1)","Idle (0)","Low (1)","Low (1)","Low (1)","Low (1)","Low (1)","Idle (0)",183,322,255,0.000000,0,0.000000,0.000000,0.000000,0.000000,126,0,2300,14,554,42,2090,0,0.000000,0,0.000000,32,14,0,92.138472,0,9,59.231874,3.522596,65.098494,0.000689,0.000000,0.996524,1.830823,0.265083,0.000000
"Tesla K40c (0)","1","7","Fan2(float*, float*, float*, int, int, int)",0,0,0,0,0,0,0,0,0,0,29,22,8,8,9,6,0,0,0,0,20,20,20,15,64,48,64,124,64,48,64,124,0,0,0,0,0,0,0,0,0,0,0,0,0,0,0,0,0,0,0,0,0,0,0,0,0,0,0,0,0,0,0,0,0,0,0,0,4,1,1,1,109,88,111,167,24,24,20,16,73134,0,0,672,0,0,0,0,224,0,0,0,0,0,0,0,0,0,0,0,0,0,0,0,0,16,256,732,556,211,10172,0,0,0,0,60,20,15562,16618,16,9094,0,0,0,0,12,75,0,32,0,0,27,12,0,0,0,0,89,32,0,0,13.793103,0.000000,21.546750,0.046950,0.016514,295.982145,185.195532,21.546750,0.046950,0.337432,0.000000,0.053279,0.102459,0.000000,0.000000,0.000000,337.320434,496.059462,2.247769,0.000000,0.000000,12.859195,37.333333,100.000000,0.000000,1.937732,0.000000,0.000000,43.425546,0.000000,0.062064,45.750000,1.216842,0.000000,0.000000,0.000000,0.000000,1.450000,1.600000,0,0,0,0,87,32,0,7,0,0,51,475,84,0.000000,0.000000,0.000000,0.000000,3.068076,555.586597,0.000000,46.298882,38.823429,65,64,129,80,448,224,224,0,0,0,0,0,0,2.786057,35.143190,15.226124,0.000000,0.000000,2.280679,"Low (1)","Low (1)","Idle (0)","Low (1)","Low (1)","Low (1)","Low (1)","Low (1)","Idle (0)",732,979,768,0.000000,0,0.000000,0.000000,0.000000,0.000000,448,0,4930,0,452,896,2368,0,0.000000,0,0.000000,300,75,0,496.059462,0,20,132.282523,0.000000,37.605287,0.001595,0.000000,6.764287,0.194376,0.050577,0.000000
"Tesla K40c (0)","1","7","Fan1(float*, float*, int, int)",0,0,0,0,0,0,0,0,0,0,8,12,3,2,4,5,0,0,0,0,3,2,4,4,8,8,8,4,8,8,8,4,0,0,0,0,0,0,0,0,0,0,0,0,0,0,0,0,0,0,0,0,0,0,0,0,0,0,0,0,0,0,0,0,0,0,0,0,1,0,0,0,20,12,29,17,3,2,8,10,74085,0,0,26,0,0,0,0,13,0,0,0,0,0,0,0,0,0,0,0,0,0,0,0,0,16,512,183,187,67,5114,0,0,0,0,2,1,1728,12422,1,5090,0,0,0,0,1,7,0,7,0,0,6,6,0,0,0,0,9,7,0,0,12.500000,0.000000,2.093541,0.117308,0.112323,10.979802,10.195531,2.093541,0.117308,0.754098,0.000000,0.065574,0.038251,0.000000,0.000000,0.000000,125.483462,81.564250,0.196068,0.000000,0.000000,5.468750,12.500000,100.000000,0.000000,0.171559,0.000000,0.000000,87.329235,0.000000,0.207608,11.437500,4.110251,0.000000,0.000000,0.000000,0.000000,4.000000,7.000000,0,0,0,0,8,7,0,1,0,0,20,78,23,0.000000,0.000000,0.000000,0.000000,0.477916,144.305982,0.000000,6.274173,86.919399,21,21,16,3,182,0,0,91,0,0,0,0,13,25.229596,16.548259,1.282273,0.000000,0.000000,2.148674,"Low (1)","Low (1)","Idle (0)","Low (1)","Low (1)","Low (1)","Low (1)","Low (1)","Idle (0)",183,322,255,0.000000,0,0.000000,0.000000,0.000000,0.000000,117,0,2282,13,551,39,2087,0,0.000000,0,0.000000,28,13,0,81.564250,0,6,37.645039,2.668515,48.501126,0.000640,0.000000,2.235315,1.386242,0.267569,0.000000
"Tesla K40c (0)","1","7","Fan2(float*, float*, float*, int, int, int)",0,0,0,0,0,0,0,0,0,0,25,20,9,11,7,7,0,0,0,0,20,20,15,15,112,48,156,64,112,48,156,64,0,0,0,0,0,0,0,0,0,0,0,0,0,0,0,0,0,0,0,0,0,0,0,0,0,0,0,0,0,0,0,0,0,0,0,0,1,0,0,0,117,88,241,144,21,20,16,16,72663,0,0,585,0,0,0,0,195,0,0,0,0,0,0,0,0,0,0,0,0,0,0,0,0,16,256,732,605,216,9272,0,0,0,0,60,20,16250,17390,16,8284,0,0,0,0,19,95,0,44,0,0,54,24,0,0,0,0,121,44,0,0,16.666667,0.000000,22.344247,0.044980,0.016696,256.990131,156.603361,22.344247,0.044980,0.416667,0.000000,0.106557,0.129781,0.000000,0.000000,0.000000,289.113897,449.732730,2.861023,0.000000,0.000000,8.771930,34.821429,100.000000,0.000000,2.384186,0.000000,0.000000,39.583333,0.000000,0.063439,45.750000,1.254927,0.000000,0.000000,0.000000,0.000000,1.900000,2.200000,0,0,0,0,114,44,0,1,0,0,45,590,73,0.000000,0.000000,0.000000,0.000000,3.701762,469.006989,0.000000,6.424753,35.365437,69,64,173,80,390,195,195,0,0,0,0,0,0,2.824930,33.481125,14.872055,0.000000,0.000000,2.178870,"Low (1)","Low (1)","Idle (0)","Low (1)","Low (1)","Low (1)","Low (1)","Low (1)","Idle (0)",732,1030,815,0.000000,0,0.000000,0.000000,0.000000,0.000000,390,0,4456,0,425,780,2233,0,0.000000,0,0.000000,380,70,0,449.732730,0,11,70.672286,0.000000,36.027363,0.001398,0.000000,10.425640,0.190018,0.052045,0.000000
"Tesla K40c (0)","1","7","Fan1(float*, float*, int, int)",0,0,0,0,0,0,0,0,0,0,8,14,2,2,5,5,0,0,0,0,2,2,4,4,8,8,8,4,8,8,8,4,0,0,0,0,0,0,0,0,0,0,0,0,0,0,0,0,0,0,0,0,0,0,0,0,0,0,0,0,0,0,0,0,0,0,0,0,0,0,0,0,12,12,24,12,3,8,8,5,73929,0,0,24,0,0,0,0,12,0,0,0,0,0,0,0,0,0,0,0,0,0,0,0,0,16,512,183,185,67,5076,0,0,0,0,2,1,1382,9516,1,5052,0,0,0,0,0,7,0,6,0,0,5,5,0,0,0,0,7,6,0,0,0.000000,0.000000,2.097959,0.133091,0.108136,10.699258,9.876239,2.097959,0.133091,0.743169,0.000000,0.054645,0.038251,0.000000,0.000000,0.000000,144.851503,79.009911,0.180036,0.000000,0.000000,5.803571,12.500000,100.000000,0.000000,0.180036,0.000000,0.000000,86.680328,0.000000,0.205674,11.437500,4.061896,0.000000,0.000000,0.000000,0.000000,3.500000,6.000000,0,0,0,0,7,6,0,0,0,0,22,60,24,0.000000,0.000000,0.000000,0.000000,0.385791,158.019821,0.000000,0.000000,86.270492,21,21,13,3,168,0,0,84,0,0,0,0,12,25.698226,16.880379,1.106622,0.000000,0.000000,2.301071,"Low (1)","Low (1)","Idle (0)","Low (1)","Idle (0)","Low (1)","Low (1)","Low (1)","Idle (0)",183,319,252,0.000000,0,0.000000,0.000000,0.000000,0.000000,108,0,2264,12,548,36,2084,0,0.000000,0,0.000000,28,12,0,79.009911,0,8,52.673273,2.705076,49.235904,0.000592,0.000000,0.720183,1.352538,0.261767,0.000000
"Tesla K40c (0)","1","7","Fan2(float*, float*, float*, int, int, int)",0,0,0,0,0,0,0,0,0,0,20,15,8,8,5,7,0,0,0,0,20,20,10,13,48,48,96,60,48,48,96,60,0,0,0,0,0,0,0,0,0,0,0,0,0,0,0,0,0,0,0,0,0,0,0,0,0,0,0,0,0,0,0,0,0,0,0,0,1,1,4,5,91,48,136,140,25,25,10,14,70674,0,0,504,0,0,0,0,168,0,0,0,0,0,0,0,0,0,0,0,0,0,0,0,0,16,256,585,468,175,8424,0,0,0,0,45,15,14023,14530,16,7524,0,0,0,0,9,63,0,27,0,0,27,12,0,0,0,0,72,27,0,0,12.500000,0.000000,19.846054,0.041735,0.016190,225.080477,140.050074,19.846054,0.041735,0.398291,0.000000,0.066667,0.107692,0.000000,0.000000,0.000000,233.416790,420.150223,1.875671,0.000000,0.000000,11.718750,33.333333,100.000000,0.000000,1.641212,0.000000,0.000000,45.000000,0.000000,0.058320,36.562500,1.146086,0.000000,0.000000,0.000000,0.000000,1.600000,1.800000,0,0,0,0,72,27,0,11,0,0,35,415,74,0.000000,0.000000,0.000000,0.000000,2.702789,493.509786,0.000000,73.359562,40.192308,52,52,102,60,336,168,168,0,0,0,0,0,0,2.431022,34.571216,11.424310,0.000000,0.000000,2.237136,"Low (1)","Low (1)","Idle (0)","Low (1)","Low (1)","Low (1)","Low (1)","Low (1)","Idle (0)",585,818,643,0.000000,0,0.000000,0.000000,0.000000,0.000000,336,0,4012,0,400,672,2104,0,0.000000,0,0.000000,252,63,0,420.150223,0,7,46.683357,0.000000,42.893363,0.001238,0.000000,6.428039,0.014914,0.045986,0.000000
"Tesla K40c (0)","1","7","Fan1(float*, float*, int, int)",0,0,0,0,0,0,0,0,0,0,8,11,3,3,5,4,0,0,0,0,2,2,4,3,8,8,4,4,8,8,4,4,0,0,0,0,0,0,0,0,0,0,0,0,0,0,0,0,0,0,0,0,0,0,0,0,0,0,0,0,0,0,0,0,0,0,0,0,0,0,0,0,25,20,20,25,7,6,5,7,73989,0,0,22,0,0,0,0,11,0,0,0,0,0,0,0,0,0,0,0,0,0,0,0,0,16,512,183,187,67,5038,0,0,0,0,2,1,1542,9632,1,5014,0,0,0,0,1,6,0,6,0,0,5,5,0,0,0,0,8,6,0,0,14.285714,0.000000,2.071930,0.118600,0.098174,9.442320,8.655459,2.071930,0.118600,0.754098,0.000000,0.054645,0.032787,0.000000,0.000000,0.000000,119.602719,69.243679,0.172126,0.000000,0.000000,5.357143,12.500000,100.000000,0.000000,0.147536,0.000000,0.000000,86.031421,0.000000,0.207436,11.437500,4.093281,0.000000,0.000000,0.000000,0.000000,3.500000,6.000000,0,0,0,0,7,6,0,0,0,0,19,90,25,0.000000,0.000000,0.000000,0.000000,0.553261,157.371999,0.000000,0.000000,85.621585,21,21,14,3,154,0,0,77,0,0,0,0,11,1.625086,21.789883,1.625086,0.000000,0.000000,3.067063,"Low (1)","Low (1)","Idle (0)","Low (1)","Idle (0)","Low (1)","Low (1)","Low (1)","Idle (0)",183,318,251,0.000000,0,0.000000,0.000000,0.000000,0.000000,99,0,2246,11,545,33,2081,0,0.000000,0,0.000000,24,11,0,69.243679,0,4,25.179520,3.433280,63.859007,0.000542,0.000000,2.861067,1.739528,0.262883,0.000000
"Tesla K40c (0)","1","7","Fan2(float*, float*, float*, int, int, int)",0,0,0,0,0,0,0,0,0,0,19,19,8,6,4,7,0,0,0,0,12,9,6,10,36,84,36,72,36,84,36,72,0,0,0,0,0,0,0,0,0,0,0,0,0,0,0,0,0,0,0,0,0,0,0,0,0,0,0,0,0,0,0,0,0,0,0,0,0,0,4,5,43,92,79,160,12,9,7,10,72645,0,0,429,0,0,0,0,143,0,0,0,0,0,0,0,0,0,0,0,0,0,0,0,0,16,256,507,430,157,7628,0,0,0,0,36,12,13334,13862,16,6814,0,0,0,0,14,57,0,27,0,0,35,15,0,0,0,0,74,27,0,0,19.718310,0.000000,18.388051,0.038043,0.016216,182.459594,115.450097,18.388051,0.038043,0.467456,0.000000,0.098619,0.112426,0.000000,0.000000,0.000000,245.432374,238.973627,1.791293,0.000000,0.000000,9.947183,48.310811,100.000000,0.000000,1.438080,0.000000,0.000000,47.016765,0.000000,0.055772,31.687500,1.100464,0.000000,0.000000,0.000000,0.000000,1.972222,2.250000,0,0,0,0,71,27,0,9,0,0,38,374,38,0.000000,0.000000,0.000000,0.000000,2.358956,245.432374,0.000000,58.128719,41.999507,49,46,107,48,286,143,143,0,0,0,0,0,0,2.215936,32.327518,9.885274,0.000000,0.000000,1.980198,"Low (1)","Low (1)","Idle (0)","Low (1)","Low (1)","Low (1)","Low (1)","Low (1)","Idle (0)",507,745,588,0.000000,0,0.000000,0.000000,0.000000,0.000000,286,0,3598,0,377,572,1981,0,0.000000,0,0.000000,228,37,0,238.973627,0,13,83.963707,0.000000,44.994499,0.001025,0.000000,8.596574,0.000000,0.044019,0.000000
"Tesla K40c (0)","1","7","Fan1(float*, float*, int, int)",0,0,0,0,0,0,0,0,0,0,8,9,3,3,5,2,0,0,0,0,2,2,4,2,8,8,4,4,8,8,4,4,0,0,0,0,0,0,0,0,0,0,0,0,0,0,0,0,0,0,0,0,0,0,0,0,0,0,0,0,0,0,0,0,0,0,0,0,0,0,1,0,25,12,25,21,2,3,5,2,70614,0,0,20,0,0,0,0,10,0,0,0,0,0,0,0,0,0,0,0,0,0,0,0,0,16,512,183,184,67,4998,0,0,0,0,2,1,1507,9456,1,4978,0,0,0,0,0,6,0,5,0,0,4,4,0,0,0,0,6,5,0,0,0.000000,0.000000,1.887728,0.137801,0.111258,9.194056,8.358232,1.887728,0.137801,0.748634,0.000000,0.043716,0.032787,0.000000,0.000000,0.000000,113.671960,66.865859,0.156717,0.000000,0.000000,5.729167,12.500000,100.000000,0.000000,0.156717,0.000000,0.000000,85.348361,0.000000,0.238560,11.437500,4.707427,0.000000,0.000000,0.000000,0.000000,3.000000,5.000000,0,0,0,0,6,5,0,1,0,0,17,83,12,0.000000,0.000000,0.000000,0.000000,0.541979,80.239031,0.000000,6.686585,85.006831,21,21,11,3,140,0,0,70,0,0,0,0,10,26.083128,16.924974,1.179993,0.000000,0.000000,2.342374,"Low (1)","Low (1)","Idle (0)","Low (1)","Low (1)","Low (1)","Low (1)","Low (1)","Idle (0)",183,320,253,0.000000,0,0.000000,0.000000,0.000000,0.000000,90,0,2228,10,542,30,2078,0,0.000000,0,0.000000,24,10,0,66.865859,0,4,26.746344,2.729834,48.837619,0.000516,0.000000,0.510743,1.391335,0.306827,0.000000
"Tesla K40c (0)","1","7","Fan2(float*, float*, float*, int, int, int)",0,0,0,0,0,0,0,0,0,0,18,15,10,4,5,6,0,0,0,0,16,8,8,12,36,60,36,36,36,60,36,36,0,0,0,0,0,0,0,0,0,0,0,0,0,0,0,0,0,0,0,0,0,0,0,0,0,0,0,0,0,0,0,0,0,0,0,0,1,5,0,0,41,64,76,115,17,10,8,12,73095,0,0,360,0,0,0,0,120,0,0,0,0,0,0,0,0,0,0,0,0,0,0,0,0,16,256,507,401,156,6884,0,0,0,0,36,12,12711,16084,16,6154,0,0,0,0,8,42,0,18,0,0,14,6,0,0,0,0,50,18,0,0,16.000000,0.000000,21.253164,0.032892,0.016304,164.542399,100.740244,21.253164,0.032892,0.396450,0.000000,0.039448,0.082840,0.000000,0.000000,0.000000,221.628538,295.504717,1.311722,0.000000,0.000000,12.250000,34.090909,100.000000,0.000000,1.101846,0.000000,0.000000,42.430966,0.000000,0.045896,31.687500,0.896363,0.000000,0.000000,0.000000,0.000000,1.388889,1.500000,0,0,0,0,50,18,0,6,0,0,33,296,47,0.000000,0.000000,0.000000,0.000000,1.941348,315.652766,0.000000,40.296098,37.931460,47,46,72,48,240,120,120,0,0,0,0,0,0,2.267872,33.886606,11.224322,0.000000,0.000000,2.235004,"Low (1)","Low (1)","Idle (0)","Low (1)","Low (1)","Low (1)","Low (1)","Low (1)","Idle (0)",507,708,554,0.000000,0,0.000000,0.000000,0.000000,0.000000,240,0,3214,0,356,480,1864,0,0.000000,0,0.000000,168,44,0,295.504717,0,8,53.728130,0.000000,46.935086,0.000855,0.000000,3.221035,0.230074,0.037657,0.000000
"Tesla K40c (0)","1","7","Fan1(float*, float*, int, int)",0,0,0,0,0,0,0,0,0,0,6,8,2,2,4,2,0,0,0,0,2,2,3,2,8,4,4,4,8,4,4,4,0,0,0,0,0,0,0,0,0,0,0,0,0,0,0,0,0,0,0,0,0,0,0,0,0,0,0,0,0,0,0,0,0,0,0,0,1,1,0,0,15,11,20,20,6,3,8,6,75825,0,0,18,0,0,0,0,9,0,0,0,0,0,0,0,0,0,0,0,0,0,0,0,0,16,512,183,182,67,4958,0,0,0,0,2,1,1675,12348,1,4942,0,0,0,0,1,5,0,5,0,0,4,4,0,0,0,0,8,5,0,0,16.666667,0.000000,2.209034,0.122244,0.116438,7.947286,7.152557,2.209034,0.122244,0.726776,0.000000,0.043716,0.027322,0.000000,0.000000,0.000000,89.009603,57.220459,0.149012,0.000000,0.000000,5.208333,12.500000,100.000000,0.000000,0.124176,0.000000,0.000000,84.665301,0.000000,0.191045,11.437500,3.776119,0.000000,0.000000,0.000000,0.000000,3.000000,5.000000,0,0,0,0,6,5,0,2,0,0,14,66,23,0.000000,0.000000,0.000000,0.000000,0.409782,146.230062,0.000000,12.715657,84.392077,21,21,12,3,126,0,0,63,0,0,0,0,9,1.581481,21.957369,1.673161,0.000000,0.000000,2.979601,"Low (1)","Low (1)","Idle (0)","Low (1)","Low (1)","Low (1)","Low (1)","Low (1)","Idle (0)",183,320,253,0.000000,0,0.000000,0.000000,0.000000,0.000000,81,0,2210,9,539,27,2075,0,0.000000,0,0.000000,20,9,0,57.220459,0,4,25.431314,3.529681,63.878066,0.000433,0.000000,2.612881,1.787761,0.244179,0.000000
"Tesla K40c (0)","1","7","Fan2(float*, float*, float*, int, int, int)",0,0,0,0,0,0,0,0,0,0,15,16,6,4,4,7,0,0,0,0,12,8,8,12,84,24,60,36,84,24,60,36,0,0,0,0,0,0,0,0,0,0,0,0,0,0,0,0,0,0,0,0,0,0,0,0,0,0,0,0,0,0,0,0,0,0,0,0,5,0,1,0,88,24,143,92,13,8,13,12,72381,0,0,297,0,0,0,0,99,0,0,0,0,0,0,0,0,0,0,0,0,0,0,0,0,16,256,507,423,155,6192,0,0,0,0,36,12,15950,16630,16,5544,0,0,0,0,13,51,0,24,0,0,28,12,0,0,0,0,67,24,0,0,20.312500,0.000000,18.214725,0.031819,0.016291,135.633680,79.926990,18.214725,0.031819,0.445759,0.000000,0.078895,0.100592,0.000000,0.000000,0.000000,200.221147,258.349867,1.614687,0.000000,0.000000,8.203125,30.937500,100.000000,0.000000,1.286703,0.000000,0.000000,38.165680,0.000000,0.055522,31.687500,1.094129,0.000000,0.000000,0.000000,0.000000,1.777778,2.000000,0,0,0,0,64,24,0,6,0,0,31,347,46,0.000000,0.000000,0.000000,0.000000,2.188657,297.102347,0.000000,38.752480,34.171598,49,46,97,48,198,99,99,0,0,0,0,0,0,2.432046,31.568908,10.936258,0.000000,0.000000,2.002861,"Low (1)","Low (1)","Idle (0)","Low (1)","Low (1)","Low (1)","Low (1)","Low (1)","Idle (0)",507,732,577,0.000000,0,0.000000,0.000000,0.000000,0.000000,198,0,2860,0,337,396,1753,0,0.000000,0,0.000000,204,40,0,258.349867,0,10,64.587466,0.000000,45.541249,0.000712,0.000000,7.280242,0.238436,0.046041,0.000000
"Tesla K40c (0)","1","7","Fan1(float*, float*, int, int)",0,0,0,0,0,0,0,0,0,0,8,6,2,2,2,2,0,0,0,0,2,2,2,2,8,4,4,4,8,4,4,4,0,0,0,0,0,0,0,0,0,0,0,0,0,0,0,0,0,0,0,0,0,0,0,0,0,0,0,0,0,0,0,0,0,0,0,0,0,0,5,4,15,11,12,25,3,3,7,2,73950,0,0,16,0,0,0,0,8,0,0,0,0,0,0,0,0,0,0,0,0,0,0,0,0,16,512,183,181,67,4920,0,0,0,0,2,1,1322,12182,1,4904,0,0,0,0,0,5,0,4,0,0,3,3,0,0,0,0,5,4,0,0,0.000000,0.000000,2.021636,0.122984,0.127919,7.502682,6.669050,2.021636,0.122984,0.726776,0.000000,0.032787,0.027322,0.000000,0.000000,0.000000,93.366715,53.352408,0.130255,0.000000,0.000000,5.625000,12.500000,100.000000,0.000000,0.130255,0.000000,0.000000,84.016393,0.000000,0.210702,11.437500,4.147157,0.000000,0.000000,0.000000,0.000000,2.500000,4.000000,0,0,0,0,5,4,0,9,0,0,14,63,15,0.000000,0.000000,0.000000,0.000000,0.410303,100.035767,0.000000,60.021460,83.743169,21,21,9,3,112,0,0,56,0,0,0,0,8,25.684508,16.975799,1.095213,0.000000,0.000000,2.172761,"Low (1)","Low (1)","Idle (0)","Low (1)","Low (1)","Low (1)","Low (1)","Low (1)","Idle (0)",183,316,249,0.000000,0,0.000000,0.000000,0.000000,0.000000,72,0,2192,8,536,24,2072,0,0.000000,0,0.000000,20,8,0,53.352408,0,6,40.014306,2.702703,49.514220,0.000394,0.000000,0.494612,1.360184,0.268896,0.000000
"Tesla K40c (0)","1","7","Fan2(float*, float*, float*, int, int, int)",0,0,0,0,0,0,0,0,0,0,12,15,5,4,4,5,0,0,0,0,8,8,8,10,48,24,24,32,48,24,24,32,0,0,0,0,0,0,0,0,0,0,0,0,0,0,0,0,0,0,0,0,0,0,0,0,0,0,0,0,0,0,0,0,0,0,0,0,0,0,1,4,59,67,103,76,12,9,9,14,70038,0,0,240,0,0,0,0,80,0,0,0,0,0,0,0,0,0,0,0,0,0,0,0,0,16,256,386,321,124,5552,0,0,0,0,24,8,11188,11682,16,4984,0,0,0,0,6,32,0,14,0,0,14,6,0,0,0,0,38,14,0,0,15.789474,0.000000,15.944202,0.034544,0.016335,111.107687,67.337992,15.944202,0.034544,0.474093,0.000000,0.051813,0.082902,0.000000,0.000000,0.000000,181.812579,228.949174,0.999548,0.000000,0.000000,10.855263,29.411765,100.000000,0.000000,0.841725,0.000000,0.000000,44.948187,0.000000,0.050954,24.125000,0.996239,0.000000,0.000000,0.000000,0.000000,1.583333,1.750000,0,0,0,0,38,14,0,5,0,0,27,305,44,0.000000,0.000000,0.000000,0.000000,2.005673,296.287166,0.000000,33.668996,40.349741,36,36,54,32,160,80,80,0,0,0,0,0,0,21.460177,24.764012,6.150442,0.000000,0.000000,1.769912,"Low (1)","Low (1)","Idle (0)","Low (1)","Low (1)","Low (1)","Low (1)","Low (1)","Idle (0)",386,569,445,0.000000,0,0.000000,0.000000,0.000000,0.000000,160,0,2536,0,320,320,1648,0,0.000000,0,0.000000,128,34,0,228.949174,0,9,60.604193,0.000000,42.404130,0.000595,0.000000,3.244838,0.206490,0.042357,0.000000
"Tesla K40c (0)","1","7","Fan1(float*, float*, int, int)",0,0,0,0,0,0,0,0,0,0,8,7,3,2,2,1,0,0,0,0,2,2,2,1,4,4,4,4,4,4,4,4,0,0,0,0,0,0,0,0,0,0,0,0,0,0,0,0,0,0,0,0,0,0,0,0,0,0,0,0,0,0,0,0,0,0,0,0,4,0,5,0,19,8,12,12,2,3,3,1,72915,0,0,14,0,0,0,0,7,0,0,0,0,0,0,0,0,0,0,0,0,0,0,0,0,16,512,183,185,67,4880,0,0,0,0,2,1,1656,9636,1,4868,0,0,0,0,1,4,0,4,0,0,3,3,0,0,0,0,6,4,0,0,20.000000,0.000000,2.036618,0.123482,0.101594,6.403184,5.602786,2.036618,0.123482,0.743169,0.000000,0.032787,0.021858,0.000000,0.000000,0.000000,96.047770,44.822292,0.125062,0.000000,0.000000,5.000000,12.500000,100.000000,0.000000,0.100050,0.000000,0.000000,83.333333,0.000000,0.213468,11.437500,4.208754,0.000000,0.000000,0.000000,0.000000,2.500000,4.000000,0,0,0,0,5,4,0,9,0,0,15,51,9,0.000000,0.000000,0.000000,0.000000,0.318909,57.628661,0.000000,57.628661,83.128415,21,21,10,3,98,0,0,49,0,0,0,0,7,25.501483,16.605617,1.221001,0.000000,0.000000,2.110588,"Low (1)","Low (1)","Idle (0)","Low (1)","Low (1)","Low (1)","Low (1)","Low (1)","Idle (0)",183,317,250,0.000000,0,0.000000,0.000000,0.000000,0.000000,63,0,2174,7,533,21,2069,0,0.000000,0,0.000000,16,7,0,44.822292,0,7,44.822292,2.616431,48.560963,0.000350,0.000000,1.971045,1.412873,0.277441,0.000000
"Tesla K40c (0)","1","7","Fan2(float*, float*, float*, int, int, int)",0,0,0,0,0,0,0,0,0,0,9,9,2,2,2,3,0,0,0,0,4,4,4,4,16,32,16,32,16,32,16,32,0,0,0,0,0,0,0,0,0,0,0,0,0,0,0,0,0,0,0,0,0,0,0,0,0,0,0,0,0,0,0,0,0,0,0,0,0,0,1,0,21,75,60,104,4,4,9,8,72147,0,0,189,0,0,0,0,63,0,0,0,0,0,0,0,0,0,0,0,0,0,0,0,0,16,256,334,292,112,4964,0,0,0,0,18,6,13320,14020,16,4474,0,0,0,0,9,24,0,12,0,0,15,6,0,0,0,0,35,12,0,0,27.272727,0.000000,14.862711,0.025030,0.016417,82.769436,51.122298,14.862711,0.025030,0.544910,0.000000,0.062874,0.071856,0.000000,0.000000,0.000000,116.850968,103.867528,0.836823,0.000000,0.000000,9.659091,49.218750,100.000000,0.000000,0.608599,0.000000,0.000000,46.444611,0.000000,0.048121,20.875000,0.941901,0.000000,0.000000,0.000000,0.000000,1.833333,2.000000,0,0,0,0,33,12,0,1,0,0,18,260,25,0.000000,0.000000,0.000000,0.000000,1.648288,162.293013,0.000000,6.491720,41.860030,34,32,51,24,126,63,63,0,0,0,0,0,0,1.800232,28.939218,6.233062,0.000000,0.000000,1.877662,"Low (1)","Low (1)","Idle (0)","Low (1)","Low (1)","Low (1)","Low (1)","Low (1)","Idle (0)",334,516,404,0.000000,0,0.000000,0.000000,0.000000,0.000000,126,0,2242,0,305,252,1549,0,0.000000,0,0.000000,96,16,0,103.867528,0,9,58.425484,0.000000,55.090979,0.000455,0.000000,5.768486,0.290360,0.040474,0.000000
"Tesla K40c (0)","1","7","Fan1(float*, float*, int, int)",0,0,0,0,0,0,0,0,0,0,8,5,3,2,2,0,0,0,0,0,2,2,2,0,4,4,4,4,4,4,4,4,0,0,0,0,0,0,0,0,0,0,0,0,0,0,0,0,0,0,0,0,0,0,0,0,0,0,0,0,0,0,0,0,0,0,0,0,0,0,1,4,28,8,24,12,2,6,3,0,69552,0,0,12,0,0,0,0,6,0,0,0,0,0,0,0,0,0,0,0,0,0,0,0,0,16,512,183,179,67,4842,0,0,0,0,2,1,1278,9436,1,4830,0,0,0,0,0,4,0,3,0,0,2,2,0,0,0,0,4,3,0,0,0.000000,0.000000,1.824534,0.144208,0.115366,5.952492,5.102136,1.824534,0.144208,0.710383,0.000000,0.021858,0.021858,0.000000,0.000000,0.000000,88.437029,40.817090,0.106295,0.000000,0.000000,5.468750,12.500000,100.000000,0.000000,0.106295,0.000000,0.000000,82.684426,0.000000,0.246651,11.437500,4.846336,0.000000,0.000000,0.000000,0.000000,2.000000,3.000000,0,0,0,0,4,3,0,5,0,0,13,72,11,0.000000,0.000000,0.000000,0.000000,0.478325,74.831332,0.000000,34.014242,82.479508,21,21,7,3,84,0,0,42,0,0,0,0,6,1.680473,22.674556,1.562130,0.000000,0.000000,2.627219,"Low (1)","Low (1)","Idle (0)","Low (1)","Low (1)","Low (1)","Low (1)","Low (1)","Idle (0)",183,313,246,0.000000,0,0.000000,0.000000,0.000000,0.000000,54,0,2156,6,530,18,2066,0,0.000000,0,0.000000,16,6,0,40.817090,0,6,40.817090,3.526627,65.727811,0.000315,0.000000,0.378698,1.822485,0.315209,0.000000
"Tesla K40c (0)","1","7","Fan2(float*, float*, float*, int, int, int)",0,0,0,0,0,0,0,0,0,0,6,7,2,2,2,1,0,0,0,0,4,4,4,2,16,16,16,24,16,16,16,24,0,0,0,0,0,0,0,0,0,0,0,0,0,0,0,0,0,0,0,0,0,0,0,0,0,0,0,0,0,0,0,0,0,0,0,0,0,0,1,0,56,16,56,64,8,4,10,2,72552,0,0,144,0,0,0,0,48,0,0,0,0,0,0,0,0,0,0,0,0,0,0,0,0,16,256,334,274,109,4428,0,0,0,0,18,6,12915,10824,16,4014,0,0,0,0,5,18,0,8,0,0,5,2,0,0,0,0,23,8,0,0,21.739130,0.000000,17.857537,0.032380,0.016396,69.051915,40.420632,17.857537,0.032380,0.473054,0.000000,0.020958,0.053892,0.000000,0.000000,0.000000,87.578038,94.314811,0.605257,0.000000,0.000000,11.141304,42.857143,100.000000,0.000000,0.473679,0.000000,0.000000,41.429641,0.000000,0.038129,20.875000,0.740969,0.000000,0.000000,0.000000,0.000000,1.277778,1.333333,0,0,0,0,23,8,0,1,0,0,13,192,24,0.000000,0.000000,0.000000,0.000000,1.263145,161.682532,0.000000,6.736772,37.556138,32,32,33,24,96,48,48,0,0,0,0,0,0,22.950047,23.154257,5.670751,0.000000,0.000000,1.508011,"Low (1)","Low (1)","Idle (0)","Low (1)","Low (1)","Low (1)","Low (1)","Low (1)","Idle (0)",334,494,384,0.000000,0,0.000000,0.000000,0.000000,0.000000,96,0,1978,0,292,192,1456,0,0.000000,0,0.000000,72,14,0,94.314811,0,6,40.420632,0.000000,45.444549,0.000345,0.000000,1.272385,0.000000,0.029639,0.000000
"Tesla K40c (0)","1","7","Fan1(float*, float*, int, int)",0,0,0,0,0,0,0,0,0,0,6,4,2,2,1,0,0,0,0,0,2,2,1,0,4,4,4,0,4,4,4,0,0,0,0,0,0,0,0,0,0,0,0,0,0,0,0,0,0,0,0,0,0,0,0,0,0,0,0,0,0,0,0,0,0,0,0,0,4,0,5,0,13,11,25,11,2,6,2,0,72495,0,0,10,0,0,0,0,5,0,0,0,0,0,0,0,0,0,0,0,0,0,0,0,0,16,512,183,182,67,4802,0,0,0,0,2,1,1454,9566,1,4794,0,0,0,0,1,3,0,3,0,0,2,2,0,0,0,0,5,3,0,0,25.000000,0.000000,2.005656,0.125687,0.103510,4.865685,4.054737,2.005656,0.125687,0.715847,0.000000,0.021858,0.016393,0.000000,0.000000,0.000000,64.875803,32.437901,0.101368,0.000000,0.000000,4.687500,12.500000,100.000000,0.000000,0.076026,0.000000,0.000000,82.001366,0.000000,0.217331,11.437500,4.281293,0.000000,0.000000,0.000000,0.000000,2.000000,3.000000,0,0,0,0,4,3,0,9,0,0,10,60,10,0.000000,0.000000,0.000000,0.000000,0.380132,64.875803,0.000000,58.388223,81.864754,21,21,8,3,70,0,0,35,0,0,0,0,5,1.703107,22.002301,1.703107,0.000000,0.000000,2.646720,"Low (1)","Low (1)","Idle (0)","Low (1)","Low (1)","Low (1)","Low (1)","Low (1)","Idle (0)",183,314,247,0.000000,0,0.000000,0.000000,0.000000,0.000000,45,0,2138,5,527,15,2063,0,0.000000,0,0.000000,12,5,0,32.437901,0,5,32.437901,3.475259,64.349827,0.000251,0.000000,2.347526,1.772152,0.277166,0.000000
"Tesla K40c (0)","1","7","Fan2(float*, float*, float*, int, int, int)",0,0,0,0,0,0,0,0,0,0,9,6,2,2,1,2,0,0,0,0,4,4,2,2,32,16,24,8,32,16,24,8,0,0,0,0,0,0,0,0,0,0,0,0,0,0,0,0,0,0,0,0,0,0,0,0,0,0,0,0,0,0,0,0,0,0,0,0,4,0,5,0,32,16,71,48,4,4,8,6,74730,0,0,105,0,0,0,0,35,0,0,0,0,0,0,0,0,0,0,0,0,0,0,0,0,16,256,334,284,110,3944,0,0,0,0,18,6,10631,11140,16,3604,0,0,0,0,8,20,0,10,0,0,10,4,0,0,0,0,30,10,0,0,28.571429,0.000000,17.650207,0.025299,0.016373,51.955868,28.413365,17.650207,0.025299,0.514970,0.000000,0.041916,0.059880,0.000000,0.000000,0.000000,97.417253,77.933802,0.710334,0.000000,0.000000,7.142857,36.458333,100.000000,0.000000,0.507382,0.000000,0.000000,36.901198,0.000000,0.038211,20.875000,0.746778,0.000000,0.000000,0.000000,0.000000,1.555556,1.666667,0,0,0,0,28,10,0,9,0,0,15,167,22,0.000000,0.000000,0.000000,0.000000,1.059159,142.878637,0.000000,58.450352,33.720060,34,32,44,24,70,35,35,0,0,0,0,0,0,22.977146,22.421248,5.528104,0.000000,0.000000,1.714021,"Low (1)","Low (1)","Idle (0)","Low (1)","Low (1)","Low (1)","Low (1)","Low (1)","Idle (0)",334,506,395,0.000000,0,0.000000,0.000000,0.000000,0.000000,70,0,1744,0,281,140,1369,0,0.000000,0,0.000000,80,12,0,77.933802,0,8,51.955868,0.000000,43.838789,0.000244,0.000000,3.520692,0.000000,0.029871,0.000000
"Tesla K40c (0)","1","7","Fan1(float*, float*, int, int)",0,0,0,0,0,0,0,0,0,0,8,0,2,3,0,0,0,0,0,0,2,2,0,0,4,4,4,0,4,4,4,0,0,0,0,0,0,0,0,0,0,0,0,0,0,0,0,0,0,0,0,0,0,0,0,0,0,0,0,0,0,0,0,0,0,0,0,0,0,0,1,4,21,13,12,13,2,3,5,4,69438,0,0,8,0,0,0,0,4,0,0,0,0,0,0,0,0,0,0,0,0,0,0,0,0,16,512,183,179,67,4764,0,0,0,0,2,1,1266,9350,1,4756,0,0,0,0,0,3,0,2,0,0,1,1,0,0,0,0,3,2,0,0,0.000000,0.000000,1.821769,0.144664,0.115398,4.267954,3.414363,1.821769,0.144664,0.710383,0.000000,0.010929,0.016393,0.000000,0.000000,0.000000,54.629810,27.314905,0.080024,0.000000,0.000000,5.208333,12.500000,100.000000,0.000000,0.080024,0.000000,0.000000,81.352459,0.000000,0.247431,11.437500,4.861660,0.000000,0.000000,0.000000,0.000000,1.500000,2.000000,0,0,0,0,3,2,0,5,0,0,8,59,14,0.000000,0.000000,0.000000,0.000000,0.393452,95.602169,0.000000,34.143631,81.215847,21,21,5,3,56,0,0,28,0,0,0,0,4,1.644737,22.509398,1.480263,0.000000,0.000000,3.289474,"Low (1)","Low (1)","Idle (0)","Low (1)","Low (1)","Low (1)","Low (1)","Low (1)","Idle (0)",183,313,246,0.000000,0,0.000000,0.000000,0.000000,0.000000,36,0,2120,4,524,12,2060,0,0.000000,0,0.000000,12,4,0,27.314905,0,3,20.486178,3.618421,65.296053,0.000210,0.000000,0.305451,1.856203,0.319368,0.000000
"Tesla K40c (0)","1","7","Fan2(float*, float*, float*, int, int, int)",0,0,0,0,0,0,0,0,0,0,8,4,2,2,0,1,0,0,0,0,4,4,0,1,16,16,8,4,16,16,8,4,0,0,0,0,0,0,0,0,0,0,0,0,0,0,0,0,0,0,0,0,0,0,0,0,0,0,0,0,0,0,0,0,0,0,0,0,0,0,1,4,59,59,76,44,5,4,1,1,69801,0,0,72,0,0,0,0,24,0,0,0,0,0,0,0,0,0,0,0,0,0,0,0,0,16,256,239,213,87,3512,0,0,0,0,9,3,9106,9656,16,3244,0,0,0,0,3,11,0,5,0,0,5,2,0,0,0,0,14,5,0,0,21.428571,0.000000,13.045658,0.020368,0.016489,35.493417,20.281952,13.045658,0.020368,0.623431,0.000000,0.029289,0.046025,0.000000,0.000000,0.000000,81.127810,60.845858,0.369723,0.000000,0.000000,9.375000,33.333333,100.000000,0.000000,0.290497,0.000000,0.000000,45.920502,0.000000,0.042499,14.937500,0.823633,0.000000,0.000000,0.000000,0.000000,1.555556,1.666667,0,0,0,0,14,5,0,5,0,0,12,238,11,0.000000,0.000000,0.000000,0.000000,1.571323,74.367159,0.000000,33.803254,42.416318,24,24,20,12,48,24,24,0,0,0,0,0,0,1.522274,26.886053,3.559436,0.000000,0.000000,1.768525,"Low (1)","Low (1)","Idle (0)","Low (1)","Low (1)","Low (1)","Low (1)","Low (1)","Idle (0)",239,388,301,0.000000,0,0.000000,0.000000,0.000000,0.000000,48,0,1540,0,272,96,1288,0,0.000000,0,0.000000,44,9,0,60.845858,0,7,47.324555,0.000000,64.741437,0.000179,0.000000,1.499888,0.022386,0.033165,0.000000
"Tesla K40c (0)","1","7","Fan1(float*, float*, int, int)",0,0,0,0,0,0,0,0,10,0,7,0,2,2,1,0,4,0,0,0,2,1,0,0,4,4,0,0,4,4,0,0,0,0,0,0,0,0,0,0,0,0,0,0,0,0,0,0,0,0,0,0,0,0,0,0,0,0,0,0,0,0,0,0,0,0,0,0,0,0,5,0,13,21,13,8,6,2,2,0,71487,0,0,6,0,0,0,0,3,0,0,0,0,0,0,0,0,0,0,0,0,0,0,0,0,16,512,183,178,67,4724,0,0,0,0,2,1,1436,9560,1,4718,0,0,0,0,1,2,0,2,0,0,1,1,0,0,0,0,4,2,0,0,33.333333,0.000000,1.956999,0.114662,0.105046,3.272311,2.454233,1.956999,0.114662,0.704918,0.000000,0.010929,0.010929,0.000000,0.000000,65.446232,45.812362,19.633869,0.076695,0.000000,0.000000,4.166667,12.500000,100.000000,0.000000,0.051130,0.000000,0.000000,80.669399,0.000000,0.223731,11.437500,4.395997,0.000000,0.000000,0.000000,0.000000,1.500000,2.000000,0,0,0,0,3,2,0,5,0,10,7,55,10,0.000000,0.000000,0.000000,0.000000,0.351518,65.446232,0.000000,32.723116,80.566940,21,21,6,3,42,0,0,21,0,0,0,0,3,1.604768,21.939477,1.604768,0.000000,0.000000,3.186612,"Low (1)","Low (1)","Idle (0)","Low (1)","Low (1)","Low (1)","Low (1)","Low (1)","Idle (0)",183,313,246,0.000000,0,0.000000,0.000000,0.000000,0.000000,27,0,2102,3,521,9,2057,0,0.000000,0,0.000000,8,3,0,19.633869,0,8,52.356985,3.507565,64.167813,0.000153,0.000000,2.200825,1.788171,0.287348,0.000000
"Tesla K40c (0)","1","7","Fan2(float*, float*, float*, int, int, int)",0,0,0,0,0,0,0,0,0,0,7,2,3,1,1,1,0,0,0,0,2,1,0,1,8,8,0,4,8,8,0,4,0,0,0,0,0,0,0,0,0,0,0,0,0,0,0,0,0,0,0,0,0,0,0,0,0,0,0,0,0,0,0,0,0,0,0,0,0,0,5,0,13,19,40,47,6,1,5,1,71940,0,0,45,0,0,0,0,15,0,0,0,0,0,0,0,0,0,0,0,0,0,0,0,0,16,256,213,195,81,3132,0,0,0,0,6,2,8911,9398,16,2934,0,0,0,0,4,5,0,3,0,0,3,1,0,0,0,0,11,3,0,0,44.444444,0.000000,12.354740,0.023965,0.016522,21.247242,12.258024,12.354740,0.023965,0.676056,0.000000,0.018779,0.023474,0.000000,0.000000,0.000000,58.838518,26.150452,0.229838,0.000000,0.000000,9.027778,46.875000,100.000000,0.000000,0.127688,0.000000,0.000000,45.950704,0.000000,0.040167,13.312500,0.776328,0.000000,0.000000,0.000000,0.000000,1.500000,1.500000,0,0,0,0,9,3,0,5,0,0,9,119,13,0.000000,0.000000,0.000000,0.000000,0.759742,84.988971,0.000000,32.688066,43.045775,23,22,15,8,30,15,15,0,0,0,0,0,0,1.382170,25.501037,2.856485,0.000000,0.000000,2.096291,"Low (1)","Low (1)","Idle (0)","Low (1)","Low (1)","Low (1)","Low (1)","Low (1)","Idle (0)",213,357,276,0.000000,0,0.000000,0.000000,0.000000,0.000000,30,0,1366,0,265,60,1213,0,0.000000,0,0.000000,20,4,0,26.150452,0,3,19.612839,0.000000,65.422714,0.000109,0.000000,2.395761,0.345543,0.034428,0.000000
"Tesla K40c (0)","1","7","Fan1(float*, float*, int, int)",0,0,0,0,0,0,0,0,0,0,5,0,3,0,0,0,0,0,0,0,2,0,0,0,4,4,0,0,4,4,0,0,0,0,0,0,0,0,0,0,0,0,0,0,0,0,0,0,0,0,0,0,0,0,0,0,0,0,0,0,0,0,0,0,0,0,0,0,0,4,1,0,13,11,17,8,7,0,1,1,68355,0,0,4,0,0,0,0,2,0,0,0,0,0,0,0,0,0,0,0,0,0,0,0,0,16,512,183,177,67,4686,0,0,0,0,2,1,1193,9308,1,4682,0,0,0,0,0,2,0,1,0,0,0,0,0,0,0,0,2,1,0,0,0.000000,0.000000,1.745300,0.153010,0.121603,2.604481,1.736320,1.745300,0.153010,0.688525,0.000000,0.000000,0.010929,0.000000,0.000000,0.000000,34.726419,13.890568,0.054260,0.000000,0.000000,4.687500,12.500000,100.000000,0.000000,0.054260,0.000000,0.000000,80.020492,0.000000,0.260687,11.437500,5.113160,0.000000,0.000000,0.000000,0.000000,1.000000,1.000000,0,0,0,0,2,1,0,5,0,0,5,49,9,0.000000,0.000000,0.000000,0.000000,0.332343,62.507556,0.000000,34.726419,79.952186,21,21,3,3,28,0,0,14,0,0,0,0,2,25.828167,16.917626,1.116032,0.000000,0.000000,2.320638,"Low (1)","Low (1)","Idle (0)","Low (1)","Low (1)","Low (1)","Low (1)","Low (1)","Idle (0)",183,309,242,0.000000,0,0.000000,0.000000,0.000000,0.000000,18,0,2084,2,518,6,2054,0,0.000000,0,0.000000,8,2,0,13.890568,0,2,13.890568,2.674934,49.778565,0.000107,0.000000,0.000000,1.364039,0.333613,0.000000
"Tesla K40c (0)","1","7","Fan2(float*, float*, float*, int, int, int)",0,0,0,0,0,0,0,0,0,0,5,2,3,0,1,1,0,0,0,0,2,0,0,1,8,4,0,4,8,4,0,4,0,0,0,0,0,0,0,0,0,0,0,0,0,0,0,0,0,0,0,0,0,0,0,0,0,0,0,0,0,0,0,0,0,0,0,0,0,0,1,4,13,44,40,68,2,1,2,1,68904,0,0,24,0,0,0,0,8,0,0,0,0,0,0,0,0,0,0,0,0,0,0,0,0,16,256,213,189,78,2774,0,0,0,0,6,2,8656,9166,16,2674,0,0,0,0,2,4,0,2,0,0,0,0,0,0,0,0,6,2,0,0,33.333333,0.000000,12.562406,0.024641,0.016540,13.833898,6.916948,12.562406,0.024641,0.619718,0.000000,0.000000,0.018779,0.000000,0.000000,0.000000,48.418641,20.750846,0.162116,0.000000,0.000000,8.333333,33.333333,100.000000,0.000000,0.108077,0.000000,0.000000,40.698357,0.000000,0.039857,13.312500,0.771141,0.000000,0.000000,0.000000,0.000000,1.000000,1.000000,0,0,0,0,6,2,0,5,0,0,7,165,6,0.000000,0.000000,0.000000,0.000000,1.114547,41.501693,0.000000,34.584743,39.231221,22,22,9,8,16,8,8,0,0,0,0,0,0,1.417769,25.992439,3.189981,0.000000,0.000000,2.150284,"Low (1)","Low (1)","Idle (0)","Low (1)","Low (1)","Low (1)","Low (1)","Low (1)","Idle (0)",213,345,267,0.000000,0,0.000000,0.000000,0.000000,0.000000,16,0,1222,0,260,32,1144,0,0.000000,0,0.000000,16,3,0,20.750846,0,2,13.833898,0.000000,67.225898,0.000060,0.000000,0.000000,0.023629,0.031077,0.000000
"Tesla K40c (0)","1","7","Fan1(float*, float*, int, int)",0,0,0,0,0,0,0,0,0,0,4,2,2,0,1,0,0,0,0,0,1,0,0,0,4,0,0,0,4,0,0,0,0,0,0,0,0,0,0,0,0,0,0,0,0,0,0,0,0,0,0,0,0,0,0,0,0,0,0,0,0,0,0,0,0,0,0,0,0,0,1,0,8,17,40,21,1,0,2,0,68568,0,0,2,0,0,0,0,1,0,0,0,0,0,0,0,0,0,0,0,0,0,0,0,0,16,512,183,175,67,4646,0,0,0,0,2,1,1210,9366,1,4644,0,0,0,0,1,1,0,1,0,0,0,0,0,0,0,0,3,1,0,0,50.000000,0.000000,1.764672,0.149755,0.119758,1.742269,0.871134,1.764672,0.149755,0.693989,0.000000,0.000000,0.005464,0.000000,0.000000,0.000000,41.814447,6.969074,0.054446,0.000000,0.000000,3.125000,12.500000,100.000000,0.000000,0.027223,0.000000,0.000000,79.337432,0.000000,0.255372,11.437500,5.000000,0.000000,0.000000,0.000000,0.000000,1.000000,1.000000,0,0,0,0,2,1,0,1,0,0,6,86,3,0.000000,0.000000,0.000000,0.000000,0.585293,20.907224,0.000000,6.969074,79.303279,21,21,5,3,14,0,0,7,0,0,0,0,1,1.708402,22.279429,0.000000,0.000000,0.000000,3.135970,"Low (1)","Low (1)","Idle (0)","Low (1)","Low (1)","Low (1)","Low (1)","Low (1)","Idle (0)",183,310,243,0.000000,0,0.000000,0.000000,0.000000,0.000000,9,0,2066,1,515,3,2051,0,0.000000,0,0.000000,4,1,0,6.969074,0,3,20.907224,3.604025,65.527732,0.000053,0.000000,1.965832,1.778610,0.325620,0.000000
"Tesla K40c (0)","1","7","Fan2(float*, float*, float*, int, int, int)",0,0,0,0,0,0,0,0,0,0,2,4,1,0,0,1,0,0,0,0,1,0,0,1,8,0,0,4,8,0,0,4,0,0,0,0,0,0,0,0,0,0,0,0,0,0,0,0,0,0,0,0,0,0,0,0,0,0,0,0,0,0,0,0,0,0,0,0,0,4,5,0,51,16,69,68,1,0,1,1,68751,0,0,9,0,0,0,0,3,0,0,0,0,0,0,0,0,0,0,0,0,0,0,0,0,16,256,213,189,78,2498,0,0,0,0,6,2,8672,9182,16,2464,0,0,0,0,3,3,0,2,0,0,0,0,0,0,0,0,7,2,0,0,50.000000,0.000000,12.606362,0.019001,0.016544,6.981830,2.618186,12.606362,0.019001,0.619718,0.000000,0.000000,0.014085,0.000000,0.000000,0.000000,41.890979,13.963659,0.163637,0.000000,0.000000,4.166667,18.750000,100.000000,0.000000,0.081818,0.000000,0.000000,36.649061,0.000000,0.039806,13.312500,0.770163,0.000000,0.000000,0.000000,0.000000,1.000000,1.000000,0,0,0,0,6,2,0,9,0,0,6,204,3,0.000000,0.000000,0.000000,0.000000,1.390911,20.945489,0.000000,62.836468,36.150235,22,22,10,8,6,3,3,0,0,0,0,0,0,1.355140,25.467290,1.728972,0.000000,0.000000,2.172897,"Low (1)","Low (1)","Idle (0)","Low (1)","Low (1)","Low (1)","Low (1)","Low (1)","Idle (0)",213,345,267,0.000000,0,0.000000,0.000000,0.000000,0.000000,6,0,1108,0,257,12,1081,0,0.000000,0,0.000000,12,2,0,13.963659,0,4,27.927319,0.000000,67.313084,0.000023,0.000000,1.588785,0.373832,0.034499,0.000000
