"","input.size.1","input.size.2","duration","grid.X","grid.y","block.x","block.y","registers.per.thread","static.smem","device","kernel","l2_subp0_write_sysmem_sector_queries","l2_subp1_write_sysmem_sector_queries","elapsed_cycles_sm","gld_inst_32bit","gst_inst_32bit","warps_launched","inst_executed","inst_issued1","inst_issued2","shared_load","shared_store","gld_request","gst_request","active_cycles","active_warps","sm_cta_launched","multiprocessor_activity","executed_ipc","achieved_occupancy","requested_global_load_throughput","requested_global_store_throughput","device_memory_read_throughput","device_memory_write_throughput","global_store_throughput","global_load_throughput","shared_memory_efficiency","global_memory_load_efficiency","global_memory_store_efficiency","issued_ipc","instructions_per_warp","issue_slot_utilization","shared_memory_load_transactions_per_request","shared_memory_store_transactions_per_request","global_load_transactions_per_request","shared_load_transactions","shared_store_transactions","global_load_transactions","global_store_transactions","system_memory_write_transactions","device_memory_read_transactions","l2_read_transactions","l2_write_transactions","shared_memory_load_throughput","shared_memory_store_throughput","l2_throughput_.reads.","l2_throughput_.writes.","system_memory_write_throughput","issued_control.flow_instructions","executed_control.flow_instructions","issued_load.store_instructions","executed_load.store_instructions","floating_point_operations.single_precision.","floating_point_operations.single_precision_add.","floating_point_operations.double_precision.","floating_point_operations.double_precision_add.","floating_point_operations.double_precision_mul.","floating_point_operations.double_precison_fma.","floating_point_operations.single_precision_special.","l1.shared_memory_utilization","device_memory_utilization","system_memory_utilization","control.flow_function_unit_utilization","texture_function_unit_utilization","issue_slots","fp_instructions.single.","fp_instructions.double.","integer_instructions","control.flow_instructions","load.store_instructions","misc_instructions","ecc_transactions","ecc_throughput","flop_efficiency.peak_single.","flop_efficiency.peak_double.","eligible_warps_per_active_cycle"
"83",16384,0,0.000236,1,1024,16,16,18,1.0625,7,1,0,5,950176,278528,278528,8192,2185216,1892864,146432,55296,39936,16384,16384,935303,58241046,1024,98.469315,2.336372,0.973756,4.56667,0.004459638671875,0.0001482021484375,0.001021787109375,0.0062959609375,0.0065582919921875,59.677419,68,70.833333,2.33769,266.75,54.526923,1,1,5.75,55296,39936,94208,49152,5,1157,51224,49158,29.011786,20.952956,6.718839,6.447851,687.686523,130048,130048,283648,218112,1556480,245760,0,0,0,0,2097152,2,1,1,1,1,2039296,6799360,0,31244288,3145728,2375680,7340032,0,0,0.639881,0,2.92727
"103",18432,0,0.000265,1,1152,16,16,18,1.0625,7,1,1,0,1069884,313344,313344,9216,2458368,2129408,164736,62208,44928,18432,18432,1052311,65769134,1152,98.646143,2.331396,0.975363,4.567106,0.004460064453125,0.001793568359375,0.0032071513671875,0.006296560546875,0.00655891796875,59.677419,68,70.833333,2.333625,266.75,54.432016,1,1,5.75,62208,44928,105984,55296,5,15751,57660,55302,29.014553,20.954955,6.723328,6.448378,611.334961,146304,146304,319104,245376,1751040,276480,0,0,0,0,2359296,2,1,1,1,1,2294144,7649280,0,35149824,3538944,2672640,8257536,0,0,0.639322,0,2.920909
"33",11264,0,0.000163,1,704,16,16,18,1.0625,7,1,4,0,659352,191488,191488,5632,1502336,1301472,100672,38016,27456,11264,11264,643489,39971122,704,97.727562,2.329987,0.969424,4.540381,0.0044339658203125,2.22265625e-06,7.4837890625e-05,0.006259716796875,0.0065205380859375,59.677419,68,70.833333,2.331636,266.75,54.386057,1,1,5.75,38016,27456,64768,33792,5,12,35280,33798,28.844775,20.832338,6.692206,6.411088,994.512695,89408,89408,195008,149952,1070080,168960,0,0,0,0,1441792,1,1,1,1,1,1402140,4674560,0,21480448,2162688,1633280,5046272,0,0,0.633956,0,2.917849
"223",30720,0,0.000441,1,1920,16,16,18,1.0625,7,1,4,0,1768088,522240,522240,15360,4097280,3548672,274560,103680,74880,30720,30720,1753004,109573770,1920,99.014719,2.33941,0.978617,4.595044,0.00448734765625,0.0045253603515625,0.004666552734375,0.0063350791015625,0.0065990400390625,59.677419,68,70.833333,2.337583,266.75,54.524006,1,1,5.75,103680,74880,176640,92160,5,65833,96024,92166,29.192043,21.083142,6.759107,6.487543,369.044922,243840,243840,531840,408960,2918400,460800,0,0,0,0,3932160,2,2,1,1,1,3823232,12748800,0,58583040,5898240,4454400,13762560,0,0,0.644764,0,2.925722
"183",26624,0,0.000382,1,1664,16,16,18,1.0625,7,1,1,0,1533404,452608,452608,13312,3550976,3075584,237952,89856,64896,26624,26624,1517906,95083236,1664,99.035452,2.337716,0.978041,4.589915,0.0044823388671875,0.0043875048828125,0.00468183203125,0.0063280078125,0.0065916748046875,59.677419,68,70.833333,2.339729,266.75,54.57413,1,1,5.75,89856,64896,153088,79872,5,55379,83224,79878,29.159462,21.059611,6.751822,6.480367,425.345703,211328,211328,460928,354432,2529280,399360,0,0,0,0,3407872,2,2,1,1,1,3313536,11048960,0,50771968,5111808,3860480,11927552,0,0,0.644318,0,2.930485
"323",40960,0,0.000587,1,2560,16,16,18,1.0625,7,1,4,0,2350368,696320,696320,20480,5463040,4731392,366080,138240,99840,40960,40960,2331901,146292914,2560,99.329977,2.339921,0.979753,4.622615,0.0045142724609375,0.0046278037109375,0.0046808603515625,0.00637308984375,0.0066386357421875,59.677419,68,70.833333,2.340232,266.75,54.585671,1,1,5.75,138240,99840,235520,122880,5,89229,128024,122886,29.3672,21.209644,6.799238,6.526363,278.444336,325120,325120,709120,545280,3891200,614400,0,0,0,0,5242880,2,2,1,1,1,5097472,16998400,0,78110720,7864320,5939200,18350080,0,0,0.646707,0,2.928359
"373",46080,0,0.00066,1,2880,16,16,18,1.0625,7,1,0,0,2642464,783360,783360,23040,6145920,5322752,411840,155520,112320,46080,46080,2624953,164577482,2880,99.302753,2.341345,0.980132,5.165581,0.0050445126953125,0.00519684765625,0.0052078720703125,0.0071216650390625,0.0074184013671875,59.677419,68,70.833333,2.340768,266.75,54.598127,1,1,5.75,155520,112320,264960,138240,5,100877,144080,138246,32.816633,23.700902,7.600663,7.292902,276.577148,365760,365760,797760,613440,4377600,691200,0,0,0,0,5898240,2,2,1,1,1,5734592,19123200,0,87874560,8847360,6681600,20643840,0,0,0.647123,0,2.931095
"93",17408,0,0.000251,1,1088,16,16,18,1.0625,7,1,4,0,1009116,295936,295936,8704,2321792,2011136,155584,58752,42432,17408,17408,994291,62113680,1088,98.503373,2.335123,0.97461,4.566778,0.004459744140625,0.0013675087890625,0.0022682099609375,0.0062961083984375,0.0065584462890625,59.677419,68,70.833333,2.329663,266.75,54.339659,1,1,5.75,58752,42432,100096,52224,5,11343,54480,52230,29.012469,20.95345,6.725726,6.447956,647.249023,138176,138176,301376,231744,1653760,261120,0,0,0,0,2228224,1,1,1,1,1,2166720,7224320,0,33197056,3342336,2524160,7798784,0,0,0.640164,0,2.915974
"413",50176,0,0.000719,1,3136,16,16,18,1.0625,7,1,5,0,2872536,852992,852992,25088,6692224,5795840,448448,169344,122304,50176,50176,2857244,179332582,3136,99.449397,2.341266,0.980538,4.723455,0.0046127490234375,0.004761958984375,0.0048203193359375,0.0065121162109375,0.0067834541015625,59.677419,68,70.833333,2.342375,266.75,54.635586,1,1,5.75,169344,122304,288512,150528,5,110073,157334,150534,30.007831,21.672322,6.969913,6.668673,232.259766,398272,398272,868672,667968,4766720,752640,0,0,0,0,6422528,2,2,1,1,1,6244288,20823040,0,95685632,9633792,7275520,22478848,0,0,0.648208,0,2.932133
"563",65536,0,0.000937,1,4096,16,16,18,1.0625,7,1,1,4,3745944,1114112,1114112,32768,8740864,7569920,585728,221184,159744,65536,65536,3729484,234142960,4096,99.534866,2.343302,0.981139,4.616726,0.004508521484375,0.0046727548828125,0.004809728515625,0.0063649716796875,0.0066301787109375,59.677419,68,70.833333,2.343189,266.75,54.654505,1,1,5.75,221184,159744,376832,196608,5,144337,204824,196614,29.32979,21.182626,6.790099,6.51793,173.805664,520192,520192,1134592,872448,6225920,983040,0,0,0,0,8388608,2,2,1,1,1,8155648,27197440,0,124977152,12582912,9502720,29360128,0,0,0.649236,0,2.933615
"553",64512,0,0.000922,1,4032,16,16,18,1.0625,7,1,4,0,3691352,1096704,1096704,32256,8604288,7451648,576576,217728,157248,64512,64512,3672930,230666410,4032,99.542336,2.342747,0.981298,5.033897,0.0049159150390625,0.005129494140625,0.0051545244140625,0.006940115234375,0.0072292861328125,59.677419,68,70.833333,2.342167,266.75,54.630671,1,1,5.75,217728,157248,370944,193536,5,143044,201624,193542,31.98005,23.096703,7.403671,7.106898,192.518555,512064,512064,1116864,858816,6128640,967680,0,0,0,0,8257536,2,2,1,1,1,8028224,26772480,0,123024384,12386304,9354240,28901376,0,0,0.648543,0,2.932477
"13",9216,0,0.000134,1,576,16,16,18,1.0625,7,1,1,4,541888,156672,156672,4608,1229184,1064925,82368,31104,22464,9216,9216,528348,32658406,576,96.911332,2.326467,0.967553,4.523006,0.004416998046875,0.0011962705078125,0.0001051025390625,0.00623576171875,0.0064955849609375,59.677419,68,70.833333,2.329682,266.75,54.340686,1,1,5.75,31104,22464,52992,27648,5,5304,28824,27654,28.73439,20.752615,6.657022,6.386806,1.182485,73152,73152,159552,122688,875520,138240,0,0,0,0,1179648,1,1,1,1,1,1147271,3824640,0,17574912,1769472,1336320,4128768,0,0,0.631127,0,2.914021
"213",29696,0,0.000426,1,1856,16,16,18,1.0625,7,1,0,4,1710684,504832,504832,14848,3960704,3430400,265408,100224,72384,29696,29696,1693239,105936448,1856,99.058705,2.337133,0.978459,4.59464,0.004486953125,0.0044952724609375,0.0046392578125,0.006334521484375,0.0065984599609375,59.677419,68,70.833333,2.339431,266.75,54.567134,1,1,5.75,100224,72384,170752,89088,5,63221,92824,89094,29.189476,21.081288,6.758571,6.486987,381.736328,235712,235712,514112,395328,2821120,445440,0,0,0,0,3801088,2,2,1,1,1,3695808,12323840,0,56630272,5701632,4305920,13303808,0,0,0.644187,0,2.928995
"163",24576,0,0.000354,1,1536,16,16,18,1.0625,7,1,1,4,1417024,417792,417792,12288,3277824,2839040,219648,82944,59904,24576,24576,1402143,87722124,1536,98.866033,2.334327,0.977701,4.583298,0.004475876953125,0.004148740234375,0.00468594140625,0.0063188857421875,0.0065821728515625,59.677419,68,70.833333,2.33449,266.75,54.451989,1,1,5.75,82944,59904,141312,73728,5,48407,76824,73734,29.117425,21.029252,6.742251,6.471066,460.126953,195072,195072,425472,327168,2334720,368640,0,0,0,0,3145728,2,2,1,1,1,3058688,10199040,0,46866432,4718592,3563520,11010048,0,0,0.643602,0,2.920208
"283",36864,0,0.000529,1,2304,16,16,18,1.0625,7,1,1,0,2118840,626688,626688,18432,4916736,4258304,329472,124416,89856,36864,36864,2101350,131625122,2304,99.226828,2.339799,0.979403,4.601229,0.0044933876953125,0.00456830078125,0.0046609951171875,0.0063436064453125,0.006607923828125,59.677419,68,70.833333,2.341709,266.75,54.620178,1,1,5.75,124416,89856,211968,110592,5,79642,115224,110598,29.231339,21.111523,6.767923,6.496206,307.951172,292608,292608,638208,490752,3502080,552960,0,0,0,0,4718592,2,2,1,1,1,4587776,15298560,0,70299648,7077888,5345280,16515072,0,0,0.645636,0,2.931761
"523",61440,0,0.000879,1,3840,16,16,18,1.0625,7,1,4,0,3514908,1044480,1044480,30720,8194560,7096832,549120,207360,149760,61440,61440,3498788,219721162,3840,99.516732,2.342381,0.981238,4.616185,0.0045079931640625,0.004688609375,0.00466437109375,0.006364224609375,0.0066294013671875,59.677419,68,70.833333,2.34207,266.75,54.628427,1,1,5.75,207360,149760,353280,184320,5,135791,192152,184326,29.326349,21.180141,6.793881,6.517179,185.371094,487680,487680,1063680,817920,5836800,921600,0,0,0,0,7864320,2,2,1,1,1,7645952,25497600,0,117166080,11796480,8908800,27525120,0,0,0.648666,0,2.932085
"233",31744,0,0.000456,1,1984,16,16,18,1.0625,7,1,0,4,1825276,539648,539648,15872,4233856,3666944,283712,107136,77376,31744,31744,1811621,113424952,1984,99.157095,2.338249,0.978914,4.597408,0.00448965625,0.004517943359375,0.004694318359375,0.0063383388671875,0.006602435546875,59.677419,68,70.833333,2.337241,266.75,54.51602,1,1,5.75,107136,77376,182528,95232,5,67881,99284,95238,29.207064,21.093991,6.766619,6.490868,357.323242,251968,251968,549568,422592,3015680,476160,0,0,0,0,4063232,2,2,1,1,1,3950656,13173760,0,60535808,6094848,4602880,14221312,0,0,0.645382,0,2.924704
"453",54272,0,0.000777,1,3392,16,16,18,1.0625,7,1,0,1,3109212,922624,922624,27136,7238528,6268928,485056,183168,132288,54272,54272,3092941,194028798,3392,99.490389,2.341776,0.9808,5.029261,0.0049113876953125,0.0050838623046875,0.00510890234375,0.0069337236328125,0.00722262890625,59.677419,68,70.833333,2.341621,266.75,54.617989,1,1,5.75,183168,132288,312064,162816,5,119378,169680,162822,31.950599,23.075433,7.399461,7.100395,228.632812,430784,430784,939584,722496,5155840,814080,0,0,0,0,6946816,2,2,1,1,1,6753984,22522880,0,103496704,10420224,7869440,24313856,0,0,0.647753,0,2.932687
"133",21504,0,0.000309,1,1344,16,16,18,1.0625,7,1,0,4,1244924,365568,365568,10752,2868096,2484224,192192,72576,52416,21504,21504,1227477,76726758,1344,98.77711,2.332362,0.976683,4.576498,0.004469236328125,0.0024796162109375,0.0044954482421875,0.0063095107421875,0.0065724072265625,59.677419,68,70.833333,2.335028,266.75,54.464632,1,1,5.75,72576,52416,123648,64512,5,25353,67224,64518,29.074225,20.998051,6.732548,6.46154,525.079102,170688,170688,372288,286272,2042880,322560,0,0,0,0,2752512,2,1,1,1,1,2676416,8924160,0,41008128,4128768,3118080,9633792,0,0,0.641003,0,2.922024
"243",32768,0,0.000471,1,2048,16,16,18,1.0625,7,1,0,1,1882648,557056,557056,16384,4370432,3785216,292864,110592,79872,32768,32768,1867561,116967272,2048,99.170569,2.335797,0.97861,4.597996,0.00449023046875,0.0045543291015625,0.0047700966796875,0.0063391494140625,0.0066032802734375,59.677419,68,70.833333,2.339916,266.75,54.578392,1,1,5.75,110592,79872,188416,98304,5,70626,102480,98310,29.210801,21.096689,6.767042,6.491685,346.201172,260096,260096,567296,436224,3112960,491520,0,0,0,0,4194304,2,2,1,1,1,4078080,13598720,0,62488576,6291456,4751360,14680064,0,0,0.645899,0,2.928456
"143",22528,0,0.000324,1,1408,16,16,18,1.0625,7,1,0,0,1301724,382976,382976,11264,3004672,2602496,201344,76032,54912,22528,22528,1285215,80373108,1408,98.623991,2.333157,0.976704,4.580145,0.0044727978515625,0.0036050908203125,0.004546515625,0.0063145380859375,0.0065776435546875,59.677419,68,70.833333,2.337675,266.75,54.526333,1,1,5.75,76032,54912,129536,67584,5,38585,70424,67590,29.09739,21.014782,6.737803,6.466661,501.611328,178816,178816,390016,299904,2140160,337920,0,0,0,0,2883584,2,2,1,1,1,2803840,9349120,0,42960896,4325376,3266560,10092544,0,0,0.642225,0,2.926679
"23",10240,0,0.000149,1,640,16,16,18,1.0625,7,1,0,4,600892,174080,174080,5120,1365760,1183190,91520,34560,24960,10240,10240,586103,36330088,640,97.60607,2.332878,0.967754,4.53486,0.00442857421875,2.4423828125e-06,0.000153453125,0.0062521044921875,0.0065126083984375,59.677419,68,70.833333,2.328939,266.75,54.323238,1,1,5.75,34560,24960,58880,30720,5,12,32102,30726,28.809697,20.807003,6.690168,6.403405,1.067025,81280,81280,177280,136320,972800,153600,0,0,0,0,1310720,1,1,1,1,1,1274710,4249600,0,19527680,1966080,1484800,4587520,0,0,0.632393,0,2.917435
"513",60416,0,0.000864,1,3776,16,16,18,1.0625,7,1,0,0,3455772,1027072,1027072,30208,8057984,6978560,539968,203904,147264,60416,60416,3439839,216068244,3776,99.496633,2.342547,0.980848,5.044399,0.0049261708984375,0.0051336025390625,0.00513690234375,0.0069545947265625,0.007244369140625,59.677419,68,70.833333,2.341081,266.75,54.605368,1,1,5.75,203904,147264,347392,181248,5,133790,188880,181254,32.04677,23.14489,7.421377,7.12174,206,479552,479552,1045952,804288,5739520,906240,0,0,0,0,7733248,2,2,1,1,1,7518528,25072640,0,115213312,11599872,8760320,27066368,0,0,0.64877,0,2.931337
"43",12288,0,0.000178,1,768,16,16,18,1.0625,7,1,4,0,718268,208896,208896,6144,1638912,1419718,109824,41472,29952,12288,12288,702333,43611452,768,97.718836,2.336999,0.971004,4.549271,0.0044426474609375,2.0419921875e-06,5.955078125e-06,0.00627197265625,0.0065333046875,59.677419,68,70.833333,2.333684,266.75,54.433649,1,1,5.75,41472,29952,70656,36864,5,12,38480,36870,28.901249,20.873124,6.704042,6.423545,913.421875,97536,97536,212736,163584,1167360,184320,0,0,0,0,1572864,1,1,1,1,1,1529600,5099520,0,23433216,2359296,1781760,5505024,0,0,0.634861,0,2.920079
"493",58368,0,0.000835,1,3648,16,16,18,1.0625,7,1,0,4,3341276,992256,992256,29184,7784832,6742016,521664,196992,142272,58368,58368,3323850,208712686,3648,99.497505,2.340979,0.980813,4.613764,0.00450562890625,0.0048971904296875,0.004710146484375,0.0063608876953125,0.0066259248046875,59.677419,68,70.833333,2.342267,266.75,54.633031,1,1,5.75,196992,142272,335616,175104,5,134811,182480,175110,29.310972,21.169035,6.787923,6.513772,195.025391,463296,463296,1010496,777024,5544960,875520,0,0,0,0,7471104,2,2,1,1,1,7263680,24222720,0,111307776,11206656,8463360,26148864,0,0,0.648255,0,2.933042
"433",52224,0,0.000747,1,3264,16,16,18,1.0625,7,1,0,1,2989532,887808,887808,26112,6965376,6032384,466752,176256,127296,52224,52224,2972048,186536558,3264,99.467175,2.341455,0.980536,4.61086,0.00450279296875,0.004651052734375,0.004713333984375,0.006356884765625,0.0066217548828125,59.677419,68,70.833333,2.340945,266.75,54.602218,1,1,5.75,176256,127296,300288,156672,5,114630,163280,156678,29.292525,21.155713,6.784001,6.509699,217.832031,414528,414528,904128,695232,4961280,783360,0,0,0,0,6684672,2,2,1,1,1,6499136,21672960,0,99591168,10027008,7572480,23396352,0,0,0.648262,0,2.930842
"53",13312,0,0.000193,1,832,16,16,18,1.0625,7,1,0,1,777112,226304,226304,6656,1775488,1538008,118976,44928,32448,13312,13312,759407,47391418,832,97.812232,2.333414,0.971671,4.556278,0.004449490234375,1.39990234375e-05,0.0002659814453125,0.0062816328125,0.0065433681640625,59.677419,68,70.833333,2.338614,266.75,54.548615,1,1,5.75,44928,32448,76544,39936,5,89,41624,39942,28.945765,20.905275,6.704274,6.433359,844.457031,105664,105664,230464,177216,1264640,199680,0,0,0,0,1703936,1,1,1,1,1,1656991,5524480,0,25385984,2555904,1930240,5963776,0,0,0.635687,0,2.926911
"363",45056,0,0.000646,1,2816,16,16,18,1.0625,7,1,4,1,2582556,765952,765952,22528,6009344,5204480,402688,152064,109824,45056,45056,2567622,160938728,2816,99.317215,2.340522,0.979944,4.608231,0.0045002255859375,0.004626474609375,0.0047416787109375,0.006353259765625,0.006617978515625,59.677419,68,70.833333,2.342605,266.75,54.640982,1,1,5.75,152064,109824,259072,135168,5,98430,141068,135174,29.27582,21.143648,6.789709,6.506027,252.34375,357632,357632,780032,599808,4280320,675840,0,0,0,0,5767168,2,2,1,1,1,5607168,18698240,0,85921792,8650752,6533120,20185088,0,0,0.647421,0,2.9333
"343",43008,0,0.000616,1,2688,16,16,18,1.0625,7,1,0,0,2462556,731136,731136,21504,5736192,4967936,384384,145152,104832,43008,43008,2446723,153617812,2688,99.372418,2.33781,0.980204,4.607902,0.004499904296875,0.0046116240234375,0.00468695703125,0.0063528056640625,0.006617505859375,59.677419,68,70.833333,2.344648,266.75,54.688659,1,1,5.75,145152,104832,247296,129024,5,93661,134424,129030,29.273729,21.142137,6.777536,6.505576,264.34082,341376,341376,744576,572544,4085760,645120,0,0,0,0,5505024,2,2,1,1,1,5352320,17848320,0,82016256,8257536,6236160,19267584,0,0,0.648107,0,2.936341
"533",62464,0,0.000893,1,3904,16,16,18,1.0625,7,1,4,0,3573528,1061888,1061888,31232,8331136,7215104,558272,210816,152256,62464,62464,3557584,223118866,3904,99.52191,2.341796,0.980847,5.037536,0.00491946875,0.0051190478515625,0.0051648193359375,0.0069451328125,0.0072345126953125,59.677419,68,70.833333,2.341412,266.75,54.613075,1,1,5.75,210816,152256,359168,187392,5,138121,195280,187398,32.00317,23.113401,7.411177,7.112043,198.974609,495808,495808,1081408,831552,5934080,936960,0,0,0,0,7995392,2,2,1,1,1,7773376,25922560,0,119118848,11993088,9057280,27983872,0,0,0.648659,0,2.930956
"173",25600,0,0.000368,1,1600,16,16,18,1.0625,7,1,0,1,1477696,435200,435200,12800,3414400,2957312,228800,86400,62400,25600,25600,1463728,91414028,1600,99.005377,2.338012,0.977543,4.587464,0.0044799453125,0.004287818359375,0.0046954599609375,0.0063246279296875,0.006588154296875,59.677419,68,70.833333,2.333024,266.75,54.417761,1,1,5.75,86400,62400,147200,76800,5,52067,80024,76806,29.143886,21.048362,6.748294,6.476925,442.123047,203200,203200,443200,340800,2432000,384000,0,0,0,0,3276800,2,2,1,1,1,3186112,10624000,0,48819200,4915200,3712000,11468800,0,0,0.642893,0,2.919988
"483",57344,0,0.00082,1,3584,16,16,18,1.0625,7,1,0,1,3278652,974848,974848,28672,7648256,6623744,512512,193536,139776,57344,57344,3263717,205209388,3584,99.43762,2.343509,0.980977,4.61339,0.004505263671875,0.0050937109375,0.00468409765625,0.006360373046875,0.006625388671875,59.677419,68,70.833333,2.342091,266.75,54.628932,1,1,5.75,193536,139776,329728,172032,5,137772,179224,172038,29.308598,21.167321,6.785306,6.513249,198.491211,455168,455168,992768,763392,5447680,860160,0,0,0,0,7340032,2,2,1,1,1,7136256,23797760,0,109355008,11010048,8314880,25690112,0,0,0.649047,0,2.931757
"3",8192,0,0.00012,1,512,16,16,18,1.0625,7,1,0,0,485532,139264,139264,4096,1092608,946648,73216,27648,19968,8192,8192,468929,28961646,512,96.994197,2.328021,0.964917,4.509098,0.004403416015625,0,3.541015625e-06,0.006216587890625,0.0064756123046875,59.677419,68,70.833333,2.329076,266.75,54.326792,1,1,5.75,27648,19968,47104,24576,5,0,25624,24582,28.646037,20.688805,6.637244,6.36734,1.326205,65024,65024,141824,109056,778240,122880,0,0,0,0,1048576,1,1,1,1,1,1019866,3399680,0,15622144,1572864,1187840,3670016,0,0,0.626117,0,2.913988
"73",15360,0,0.000222,1,960,16,16,18,1.0625,7,1,0,1,892828,261120,261120,7680,2048640,1774592,137280,51840,37440,15360,15360,878382,54658414,960,98.342417,2.333412,0.973225,4.558822,0.004451974609375,0.0003449462890625,0.00078305078125,0.006285140625,0.006547021484375,59.677419,68,70.833333,2.332871,266.75,54.414594,1,1,5.75,51840,37440,88320,46080,5,2529,48024,46086,28.961929,20.916949,6.707502,6.436822,732.271484,121920,121920,265920,204480,1459200,230400,0,0,0,0,1966080,1,1,1,1,1,1911872,6374400,0,29291520,2949120,2227200,6881280,0,0,0.638421,0,2.91862
"263",34816,0,0.000499,1,2176,16,16,18,1.0625,7,1,0,0,2001628,591872,591872,17408,4643584,4021760,311168,117504,84864,34816,34816,1982721,124269884,2176,99.173603,2.33872,0.97878,4.598331,0.0044905576171875,0.004566427734375,0.0047111884765625,0.0063396103515625,0.0066037607421875,59.677419,68,70.833333,2.342284,266.75,54.633607,1,1,5.75,117504,84864,200192,104448,5,75234,108824,104454,29.212925,21.098224,6.763743,6.492134,325.860352,276352,276352,602752,463488,3307520,522240,0,0,0,0,4456448,2,2,1,1,1,4332928,14448640,0,66394112,6684672,5048320,15597568,0,0,0.645475,0,2.933075
"423",51200,0,0.000733,1,3200,16,16,18,1.0625,7,1,1,0,2929336,870400,870400,25600,6828800,5914112,457600,172800,124800,51200,51200,2913998,183058804,3200,99.465641,2.342453,0.980497,5.035849,0.0049178212890625,0.00508709765625,0.0051188740234375,0.006942806640625,0.0072320908203125,59.677419,68,70.833333,2.342103,266.75,54.62924,1,1,5.75,172800,124800,294400,153600,5,112545,160024,153606,31.992454,23.105661,7.406771,7.109712,242.667969,406400,406400,886400,681600,4864000,768000,0,0,0,0,6553600,2,2,1,1,1,6371712,21248000,0,97638400,9830400,7424000,22937600,0,0,0.648611,0,2.933101
"193",27648,0,0.000397,1,1728,16,16,18,1.0625,7,1,0,0,1591548,470016,470016,13824,3687552,3193856,247104,93312,67392,27648,27648,1576110,98627244,1728,99.013073,2.338279,0.977756,4.589804,0.00448223046875,0.00449458984375,0.004721326171875,0.00632785546875,0.006591515625,59.677419,68,70.833333,2.338033,266.75,54.534551,1,1,5.75,93312,67392,158976,82944,5,58914,86480,82950,29.158756,21.059102,6.755962,6.480192,409.582031,219456,219456,478656,368064,2626560,414720,0,0,0,0,3538944,2,2,1,1,1,3440960,11473920,0,52724736,5308416,4008960,12386304,0,0,0.644655,0,2.926555
"63",14336,0,0.000207,1,896,16,16,18,1.0625,7,1,4,0,834908,243712,243712,7168,1912064,1656320,128128,48384,34944,14336,14336,819957,51036290,896,98.082037,2.328957,0.972238,4.550411,0.0044437607421875,0.000167603515625,0.0002850283203125,0.0062735439453125,0.00653494140625,59.677419,68,70.833333,2.334759,266.75,54.458693,1,1,5.75,48384,34944,82432,43008,5,1149,44880,43014,28.908492,20.878355,6.70373,6.425005,783.128906,113792,113792,248192,190848,1361920,215040,0,0,0,0,1835008,1,1,1,1,1,1784448,5949440,0,27338752,2752512,2078720,6422528,0,0,0.637196,0,2.922377
"253",33792,0,0.000485,1,2112,16,16,18,1.0625,7,1,0,1,1941852,574464,574464,16896,4507008,3903488,302016,114048,82368,33792,33792,1927825,120748236,2112,99.064055,2.34192,0.979141,4.59847,0.004490693359375,0.00455210546875,0.0047280859375,0.006339802734375,0.0066039609375,59.677419,68,70.833333,2.338138,266.75,54.5369,1,1,5.75,114048,82368,194304,101376,5,72790,105680,101382,29.213809,21.098862,6.767579,6.492342,335.745117,268224,268224,585024,449856,3210240,506880,0,0,0,0,4325376,2,2,1,1,1,4205504,14023680,0,64441344,6488064,4899840,15138816,0,0,0.645775,0,2.927665
"153",23552,0,0.000338,1,1472,16,16,18,1.0625,7,1,0,4,1359676,400384,400384,11776,3141248,2720768,210496,79488,57408,23552,23552,1344813,84260320,1472,98.866948,2.34072,0.97694,4.582902,0.004475490234375,0.0044224619140625,0.004654337890625,0.0063183388671875,0.0065816025390625,59.677419,68,70.833333,2.33827,266.75,54.540177,1,1,5.75,79488,57408,135424,70656,5,49455,73882,70662,29.114905,21.027432,6.765384,6.470528,480.09082,186944,186944,407744,313536,2237440,353280,0,0,0,0,3014656,2,2,1,1,1,2931264,9774080,0,44913664,4521984,3415040,10551296,0,0,0.6428,0,2.927248
"473",56320,0,0.000806,1,3520,16,16,18,1.0625,7,1,0,1,3221596,957440,957440,28160,7511680,6505472,503360,190080,137280,56320,56320,3205931,201356058,3520,99.499168,2.343462,0.981024,4.61332,0.0045051953125,0.0046835126953125,0.0047236416015625,0.006360275390625,0.006625287109375,59.677419,68,70.833333,2.342404,266.75,54.636232,1,1,5.75,190080,137280,323840,168960,5,124417,176024,168966,29.308148,21.166996,6.785219,6.513153,202.097656,447040,447040,975040,749760,5350400,844800,0,0,0,0,7208960,2,2,1,1,1,7008832,23372800,0,107402240,10813440,8166400,25231360,0,0,0.648747,0,2.932536
"303",38912,0,0.000558,1,2432,16,16,18,1.0625,7,1,0,5,2234012,661504,661504,19456,5189888,4494848,347776,131328,94848,38912,38912,2217452,139074884,2432,99.283266,2.341491,0.979788,4.604643,0.0044967216796875,0.0045961318359375,0.0046305556640625,0.0063483134765625,0.006612826171875,59.677419,68,70.833333,2.338804,266.75,54.552386,1,1,5.75,131328,94848,223744,116736,5,84516,121680,116742,29.253026,21.127186,6.775989,6.501007,291.959961,308864,308864,673664,518016,3696640,583680,0,0,0,0,4980736,2,2,1,1,1,4842624,16148480,0,74205184,7471104,5642240,17432576,0,0,0.646371,0,2.926061
"123",20480,0,0.000295,1,1280,16,16,18,1.0625,7,1,0,4,1185596,348160,348160,10240,2731520,2365952,183040,69120,49920,20480,20480,1171083,73199296,1280,98.69158,2.335285,0.976651,4.572236,0.00446507421875,0.0021675927734375,0.0043405205078125,0.006303634765625,0.0065662861328125,59.677419,68,70.833333,2.332134,266.75,54.397156,1,1,5.75,69120,49920,117760,61440,5,21127,64080,61446,29.047147,20.978495,6.732281,6.455552,550.819336,162560,162560,354560,272640,1945600,307200,0,0,0,0,2621440,2,1,1,1,1,2548992,8499200,0,39055360,3932160,2969600,9175040,0,0,0.641028,0,2.919521
"543",63488,0,0.000908,1,3968,16,16,18,1.0625,7,1,0,1,3628700,1079296,1079296,31744,8467712,7333376,567424,214272,154752,63488,63488,3612592,226936692,3968,99.476937,2.343576,0.98103,4.617063,0.0045088505859375,0.0046990478515625,0.004654130859375,0.0063654365234375,0.0066306630859375,59.677419,68,70.833333,2.344085,266.75,54.675424,1,1,5.75,214272,154752,365056,190464,5,140603,198424,190470,29.33193,21.184172,6.79062,6.518412,179.425781,503936,503936,1099136,845184,6031360,952320,0,0,0,0,8126464,2,2,1,1,1,7900800,26347520,0,121071616,12189696,9205760,28442624,0,0,0.649268,0,2.935517
"393",48128,0,0.000689,1,3008,16,16,18,1.0625,7,1,1,0,2758684,818176,818176,24064,6419072,5559296,430144,162432,117312,48128,48128,2742664,171934030,3008,99.350157,2.338173,0.980089,5.130561,0.0050103134765625,0.0051804560546875,0.00525702734375,0.0070733837890625,0.0073681083984375,59.677419,68,70.833333,2.340415,266.75,54.58988,1,1,5.75,162432,117312,276736,144384,5,105745,150480,144390,32.594152,23.540221,7.548956,7.243446,263.012695,382016,382016,833216,640704,4572160,721920,0,0,0,0,6160384,2,2,1,1,1,5989440,19973120,0,91780096,9240576,6978560,21561344,0,0,0.64741,0,2.930561
"443",53248,0,0.000763,1,3328,16,16,18,1.0625,7,1,1,0,3048344,905216,905216,26624,7101952,6150656,475904,179712,129792,53248,53248,3032643,190444220,3328,99.442667,2.341836,0.980826,5.037055,0.0049189990234375,0.0050859765625,0.005124232421875,0.00694446875,0.007233822265625,59.677419,68,70.833333,2.340028,266.75,54.580827,1,1,5.75,179712,129792,306176,159744,5,116993,166480,159750,32.000113,23.111193,7.410995,7.111403,233.390625,422656,422656,921856,708864,5058560,798720,0,0,0,0,6815744,2,2,1,1,1,6626560,22097920,0,101543936,10223616,7720960,23855104,0,0,0.648221,0,2.928937
"273",35840,0,0.000514,1,2240,16,16,18,1.0625,7,1,0,1,2059640,609280,609280,17920,4780160,4140032,320320,120960,87360,35840,35840,2042655,128002640,2240,99.244521,2.34017,0.979132,4.602265,0.0044943994140625,0.0045780791015625,0.0046794033203125,0.0063450341796875,0.00660941015625,59.677419,68,70.833333,2.338962,266.75,54.556102,1,1,5.75,120960,87360,206080,107520,5,77578,112168,107526,29.237917,21.116273,6.778188,6.497677,316.821289,284480,284480,620480,477120,3404800,537600,0,0,0,0,4587520,2,2,1,1,1,4460352,14873600,0,68346880,6881280,5196800,16056320,0,0,0.645744,0,2.928207
"313",39936,0,0.000573,1,2496,16,16,18,1.0625,7,1,0,0,2292096,678912,678912,19968,5326464,4613120,356928,134784,97344,39936,39936,2274821,142704600,2496,99.265931,2.342017,0.979799,4.60257,0.004494697265625,0.0045969169921875,0.004698765625,0.006345455078125,0.0066098486328125,59.677419,68,70.833333,2.341712,266.75,54.62021,1,1,5.75,134784,97344,229632,119808,5,86794,124824,119814,29.239855,21.117673,6.769787,6.498071,284.345703,316992,316992,691392,531648,3793920,599040,0,0,0,0,5111808,2,2,1,1,1,4970048,16573440,0,76157952,7667712,5790720,17891328,0,0,0.64657,0,2.931247
"333",41984,0,0.000602,1,2624,16,16,18,1.0625,7,1,0,1,2405724,713728,713728,20992,5599616,4849664,375232,141696,102336,41984,41984,2390949,150068264,2624,99.328178,2.341497,0.980074,4.628061,0.0045195908203125,0.0046296728515625,0.00478838671875,0.0063805986328125,0.00664645703125,59.677419,68,70.833333,2.341569,266.75,54.616863,1,1,5.75,141696,102336,241408,125952,5,91389,131280,125958,29.401797,21.234631,6.810122,6.534044,271.972656,333248,333248,726848,558912,3988480,629760,0,0,0,0,5373952,2,2,1,1,1,5224896,17423360,0,80063488,8060928,6087680,18808832,0,0,0.647622,0,2.930689
"403",49152,0,0.000704,1,3072,16,16,18,1.0625,7,1,1,0,2815060,835584,835584,24576,6555648,5677568,439296,165888,119808,49152,49152,2799605,175834664,3072,99.426671,2.34156,0.980754,4.610486,0.004502427734375,0.00465886328125,0.0046883916015625,0.006356369140625,0.0066212177734375,59.677419,68,70.833333,2.341816,266.75,54.622563,1,1,5.75,165888,119808,282624,147456,5,108077,153680,147462,29.290149,21.153997,6.783658,6.509187,231.427734,390144,390144,850944,654336,4669440,737280,0,0,0,0,6291456,2,2,1,1,1,6116864,20398080,0,93732864,9437184,7127040,22020096,0,0,0.647944,0,2.930811
"353",44032,0,0.000631,1,2752,16,16,18,1.0625,7,1,0,4,2523420,748544,748544,22016,5872768,5086208,393536,148608,107328,44032,44032,2507370,157272634,2752,99.394744,2.339927,0.979843,4.642203,0.0045334013671875,0.0046441591796875,0.004688830078125,0.0064000966796875,0.006666767578125,59.677419,68,70.833333,2.343482,266.75,54.661464,1,1,5.75,148608,107328,253184,132096,5,95854,137684,132102,29.491645,21.299521,6.830937,6.553997,260.115234,349504,349504,762304,586176,4183040,660480,0,0,0,0,5636096,2,2,1,1,1,5479744,18273280,0,83969024,8454144,6384640,19726336,0,0,0.647534,0,2.933062
"203",28672,0,0.000412,1,1792,16,16,18,1.0625,7,1,0,5,1652732,487424,487424,14336,3824128,3312128,256256,96768,69888,28672,28672,1636480,102398920,1792,99.127894,2.339771,0.978132,4.59366,0.00448599609375,0.0045205283203125,0.004683466796875,0.006333171875,0.0065970537109375,59.677419,68,70.833333,2.337415,266.75,54.520131,1,1,5.75,96768,69888,164864,86016,5,61397,89680,86022,29.183255,21.076795,6.761415,6.48562,395.286133,227584,227584,496384,381696,2723840,430080,0,0,0,0,3670016,2,2,1,1,1,3568384,11898880,0,54677504,5505024,4157440,12845056,0,0,0.643783,0,2.926547
"383",47104,0,0.000675,1,2944,16,16,18,1.0625,7,1,4,1,2703552,800768,800768,23552,6282496,5441024,420992,158976,114816,47104,47104,2683141,168346256,2944,99.428404,2.34221,0.980467,4.609108,0.00450108203125,0.00464052734375,0.004688373046875,0.00635446875,0.00661923828125,59.677419,68,70.833333,2.339995,266.75,54.580098,1,1,5.75,158976,114816,270848,141312,5,103197,147280,141318,29.281394,21.147673,6.781784,6.507253,241.417969,373888,373888,815488,627072,4474880,706560,0,0,0,0,6029312,2,2,1,1,1,5862016,19548160,0,89827328,9043968,6830080,21102592,0,0,0.646557,0,2.928519
"293",37888,0,0.000543,1,2368,16,16,18,1.0625,7,1,1,4,2176344,644096,644096,18944,5053312,4376576,338624,127872,92352,37888,37888,2160765,135309442,2368,99.20945,2.341149,0.979526,4.603613,0.0044957158203125,0.0045874599609375,0.004660162109375,0.006346892578125,0.0066113466796875,59.677419,68,70.833333,2.339267,266.75,54.563187,1,1,5.75,127872,92352,217856,113664,5,82155,118480,113670,29.246483,21.12246,6.774594,6.499562,299.783203,300736,300736,655936,504384,3599360,568320,0,0,0,0,4849664,2,2,1,1,1,4715200,15723520,0,72252416,7274496,5493760,16973824,0,0,0.646038,0,2.928509
"503",59392,0,0.00085,1,3712,16,16,18,1.0625,7,1,0,5,3401116,1009664,1009664,29696,7921408,6860288,530816,200448,144768,59392,59392,3382598,212444988,3712,99.515478,2.343167,0.981104,5.031801,0.0049138681640625,0.00532945703125,0.0051261015625,0.0069372255859375,0.00722627734375,59.677419,68,70.833333,2.341963,266.75,54.625941,1,1,5.75,200448,144768,341504,178176,5,136882,185624,178182,31.966737,23.087088,7.400664,7.103959,209.02832,471424,471424,1028224,790656,5642240,890880,0,0,0,0,7602176,2,2,1,1,1,7391104,24647680,0,113260544,11403264,8611840,26607616,0,0,0.648023,0,2.933122
"463",55296,0,0.000792,1,3456,16,16,18,1.0625,7,1,0,4,3167744,940032,940032,27648,7375104,6387200,494208,186624,134784,55296,55296,3150186,197730766,3456,99.458457,2.341182,0.980749,4.611126,0.004503052734375,0.0046660771484375,0.0046746611328125,0.0063572509765625,0.00662213671875,59.677419,68,70.833333,2.34177,266.75,54.621459,1,1,5.75,186624,134784,317952,165888,5,121758,172880,165894,29.294213,21.156932,6.784207,6.510061,205.742188,438912,438912,957312,736128,5253120,829440,0,0,0,0,7077888,2,2,1,1,1,6881408,22947840,0,105449472,10616832,8017920,24772608,0,0,0.64778,0,2.93186
"113",19456,0,0.00028,1,1216,16,16,18,1.0625,7,1,4,0,1128256,330752,330752,9728,2594944,2247680,173888,65664,47424,19456,19456,1111749,69277262,1216,98.550105,2.335393,0.975073,4.569533,0.0044624345703125,0.001593001953125,0.0038224921875,0.006299908203125,0.006562404296875,59.677419,68,70.833333,2.336758,266.75,54.505054,1,1,5.75,65664,47424,111872,58368,5,14759,60884,58374,29.029976,20.966094,6.729186,6.451769,579.466797,154432,154432,336832,259008,1848320,291840,0,0,0,0,2490368,2,1,1,1,1,2421568,8074240,0,37102592,3735552,2821120,8716288,0,0,0.639926,0,2.923162
