"","Gpus","Kernels","Measured","Predicted","Accuracy","threshCorr","numberFeatures"
"51","GTX-680","bpnn_adjust_weights_cuda",1.37250071593609,1.33680708949106,0.973993728359786,"0.5","5"
"10","GTX-680","bpnn_adjust_weights_cuda",1.2222955466729,1.20299905202827,0.984212906038019,"0.5","5"
"55","GTX-680","bpnn_adjust_weights_cuda",1.36355649664949,1.33619119554396,0.979930937095184,"0.5","5"
"20","GTX-680","bpnn_adjust_weights_cuda",1.42895691701595,1.38262595215474,0.967577073661563,"0.5","5"
"30","GTX-680","bpnn_adjust_weights_cuda",1.34664664802548,1.30600874121753,0.969822887936096,"0.5","5"
"40","GTX-680","bpnn_adjust_weights_cuda",1.20662908475549,1.19392925274993,0.989474949538342,"0.5","5"
"12","GTX-680","bpnn_adjust_weights_cuda",1.46038374637646,1.43114434516975,0.979978275381895,"0.5","5"
"49","GTX-680","bpnn_adjust_weights_cuda",1.27900175948754,1.23403736934724,0.964844153022651,"0.5","5"
"11","GTX-680","bpnn_adjust_weights_cuda",1.20363811248881,1.18664195187079,0.985879343266327,"0.5","5"
"21","GTX-680","bpnn_adjust_weights_cuda",1.2558849693668,1.22312552460308,0.973915250550192,"0.5","5"
"17","GTX-680","bpnn_adjust_weights_cuda",1.30548116979265,1.25112339396482,0.958361884425753,"0.5","5"
"29","GTX-680","bpnn_adjust_weights_cuda",1.35385200700291,1.31402540221751,0.970582748646532,"0.5","5"
"32","GTX-680","bpnn_adjust_weights_cuda",1.39291935689805,1.34800010556024,0.967751721508247,"0.5","5"
"28","GTX-680","bpnn_adjust_weights_cuda",1.40427290519514,1.35353460145878,0.963868630129761,"0.5","5"
"13","GTX-680","bpnn_adjust_weights_cuda",1.18651353918482,1.17532080034539,0.990566699435124,"0.5","5"
"27","GTX-680","bpnn_adjust_weights_cuda",1.16470741705174,1.16471662708943,1.0000079075977,"0.5","5"
"22","GTX-680","bpnn_adjust_weights_cuda",1.18179095142436,1.17369381873848,0.993148422167117,"0.5","5"
"6","GTX-680","bpnn_adjust_weights_cuda",1.21591056764786,1.1970049548617,0.984451477527061,"0.5","5"
"1","GTX-680","bpnn_adjust_weights_cuda",1.17667643423187,1.1715255387267,0.995622504746998,"0.5","5"
"7","GTX-680","bpnn_adjust_weights_cuda",1.31183737324164,1.25965395897698,0.960221125477082,"0.5","5"
"41","GTX-680","bpnn_adjust_weights_cuda",1.31790734491057,1.26068123896319,0.956578050673772,"0.5","5"
"36","GTX-680","bpnn_adjust_weights_cuda",1.19754764411316,1.18624350297468,0.990560591727567,"0.5","5"
"19","GTX-680","bpnn_adjust_weights_cuda",1.18431728666829,1.17355141953289,0.990909642832554,"0.5","5"
"34","GTX-680","bpnn_adjust_weights_cuda",1.19241225986795,1.17962049765564,0.989272366074354,"0.5","5"
"47","GTX-680","bpnn_adjust_weights_cuda",1.25210350627435,1.22087853318462,0.975061987341095,"0.5","5"
"37","GTX-680","bpnn_adjust_weights_cuda",1.22870401306376,1.20935074462668,0.984249039450259,"0.5","5"
"15","GTX-680","bpnn_adjust_weights_cuda",1.23989152999626,1.21575426628746,0.980532761838554,"0.5","5"
"33","GTX-680","bpnn_adjust_weights_cuda",1.21220478619174,1.19601629094666,0.986645412203049,"0.5","5"
"42","GTX-680","bpnn_adjust_weights_cuda",1.17177608019433,1.16958136845938,0.998127021218435,"0.5","5"
"57","GTX-680","bpnn_adjust_weights_cuda",1.23309471091094,1.20793485387618,0.979596168232546,"0.5","5"
"2","GTX-680","bpnn_adjust_weights_cuda",1.17884882396685,1.17258185306646,0.994683821391699,"0.5","5"
"44","GTX-680","bpnn_adjust_weights_cuda",1.2642315803095,1.224585695001,0.968640329884182,"0.5","5"
"31","GTX-680","bpnn_adjust_weights_cuda",1.17440621602291,1.16949702123576,0.995819849452278,"0.5","5"
"18","GTX-680","bpnn_adjust_weights_cuda",1.24364259931774,1.21528444831609,0.977197507533755,"0.5","5"
"54","GTX-680","bpnn_adjust_weights_cuda",1.33871582222074,1.29944452379948,0.970664947878099,"0.5","5"
"46","GTX-680","bpnn_adjust_weights_cuda",1.24699674766759,1.23190740716863,0.987899454808371,"0.5","5"
"5","GTX-680","bpnn_adjust_weights_cuda",1.22567966054394,1.20932449760281,0.986656250023862,"0.5","5"
"50","GTX-680","bpnn_adjust_weights_cuda",1.16976107304724,1.16918885851783,0.99951082785827,"0.5","5"
"48","GTX-680","bpnn_adjust_weights_cuda",1.28901344363193,1.24888330921794,0.968867559440718,"0.5","5"
"24","GTX-680","bpnn_adjust_weights_cuda",1.2191083828248,1.198135257637,0.982796340765699,"0.5","5"
"3","GTX-680","bpnn_adjust_weights_cuda",1.2007414121218,1.18630664941032,0.987978458504258,"0.5","5"
"14","GTX-680","bpnn_adjust_weights_cuda",1.28374012900308,1.2461732315671,0.970736368999269,"0.5","5"
"23","GTX-680","bpnn_adjust_weights_cuda",1.30030264196424,1.26029397849481,0.96923126803081,"0.5","5"
"38","GTX-680","bpnn_adjust_weights_cuda",1.20953592909989,1.19450438535031,0.987572470244221,"0.5","5"
"26","GTX-680","bpnn_adjust_weights_cuda",1.44265522540832,1.40656078345193,0.974980548837522,"0.5","5"
"39","GTX-680","bpnn_adjust_weights_cuda",1.33186607248025,1.26787280743138,0.95195217719624,"0.5","5"
"25","GTX-680","bpnn_adjust_weights_cuda",1.32464014979442,1.26744390958772,0.956821299569111,"0.5","5"
"8","GTX-680","bpnn_adjust_weights_cuda",1.19468501506996,1.18121277328745,0.988723185096849,"0.5","5"
"35","GTX-680","bpnn_adjust_weights_cuda",1.41575848588481,1.36967684060604,0.967450913599878,"0.5","5"
"56","GTX-680","bpnn_adjust_weights_cuda",1.18942522328659,1.17652996283498,0.989158410130244,"0.5","5"
"43","GTX-680","bpnn_adjust_weights_cuda",1.27458177559117,1.23514846208667,0.969061762642722,"0.5","5"
"9","GTX-680","bpnn_adjust_weights_cuda",1.26965905927792,1.2413829849044,0.977729395803621,"0.5","5"
"53","GTX-680","bpnn_adjust_weights_cuda",1.25943291476804,1.22322165259442,0.971247962675105,"0.5","5"
"45","GTX-680","bpnn_adjust_weights_cuda",1.16734905999188,1.16698748263771,0.999690257724479,"0.5","5"
"4","GTX-680","bpnn_adjust_weights_cuda",1.29448396762115,1.2498491130444,0.965519190895214,"0.5","5"
"16","GTX-680","bpnn_adjust_weights_cuda",1.38226497321198,1.35319059023546,0.97896612911419,"0.5","5"
"52","GTX-680","bpnn_adjust_weights_cuda",1.23641015418699,1.21172542474694,0.980035161183,"0.5","5"
"501","Tesla-K40","bpnn_adjust_weights_cuda",1.22345690351102,1.23924886322402,1.01290765507774,"0.5","5"
"131","Tesla-K40","bpnn_adjust_weights_cuda",1.44601714118573,1.45125045711092,1.00361912440464,"0.5","5"
"261","Tesla-K40","bpnn_adjust_weights_cuda",1.20437574057762,1.22003541982212,1.01300232038632,"0.5","5"
"301","Tesla-K40","bpnn_adjust_weights_cuda",1.26572442719584,1.28260615152662,1.01333759858628,"0.5","5"
"291","Tesla-K40","bpnn_adjust_weights_cuda",1.20750841138375,1.22490931101091,1.01441058253766,"0.5","5"
"221","Tesla-K40","bpnn_adjust_weights_cuda",1.18530403363833,1.20827503556524,1.01937983949687,"0.5","5"
"281","Tesla-K40","bpnn_adjust_weights_cuda",1.33977956989692,1.35267254918292,1.00962320935151,"0.5","5"
"201","Tesla-K40","bpnn_adjust_weights_cuda",1.1678291488878,1.19989239210618,1.02745542295199,"0.5","5"
"271","Tesla-K40","bpnn_adjust_weights_cuda",1.17033284184236,1.20029297646412,1.02559967006873,"0.5","5"
"431","Tesla-K40","bpnn_adjust_weights_cuda",1.28483461435562,1.29754578111872,1.00989323187675,"0.5","5"
"121","Tesla-K40","bpnn_adjust_weights_cuda",1.25283883884506,1.2655374202746,1.01013584591714,"0.5","5"
"151","Tesla-K40","bpnn_adjust_weights_cuda",1.21983125174514,1.2364496231588,1.01362350029144,"0.5","5"
"381","Tesla-K40","bpnn_adjust_weights_cuda",1.21669496262677,1.23075807773857,1.01155845593496,"0.5","5"
"161","Tesla-K40","bpnn_adjust_weights_cuda",1.28976999263455,1.30182462097492,1.00934633958706,"0.5","5"
"321","Tesla-K40","bpnn_adjust_weights_cuda",1.19607683227468,1.21302770350163,1.01417205882561,"0.5","5"
"311","Tesla-K40","bpnn_adjust_weights_cuda",1.33250006770816,1.35136168567449,1.01415505966823,"0.5","5"
"391","Tesla-K40","bpnn_adjust_weights_cuda",1.32588853988887,1.32892590075856,1.00229081161675,"0.5","5"
"111","Tesla-K40","bpnn_adjust_weights_cuda",1.39394709965707,1.40376868284226,1.00704587942226,"0.5","5"
"371","Tesla-K40","bpnn_adjust_weights_cuda",1.19041464124564,1.21085975456052,1.01717478314404,"0.5","5"
"411","Tesla-K40","bpnn_adjust_weights_cuda",1.22670221005665,1.24652521347826,1.01615958890357,"0.5","5"
"101","Tesla-K40","bpnn_adjust_weights_cuda",1.17997703828064,1.20439102257123,1.02069021980814,"0.5","5"
"241","Tesla-K40","bpnn_adjust_weights_cuda",1.17511174143133,1.20311578761891,1.02383096449489,"0.5","5"
"141","Tesla-K40","bpnn_adjust_weights_cuda",1.40601133368088,1.40641717017633,1.00028864382934,"0.5","5"
"331","Tesla-K40","bpnn_adjust_weights_cuda",1.17748043739501,1.20336093607271,1.02197955724425,"0.5","5"
"451","Tesla-K40","bpnn_adjust_weights_cuda",1.35577058097167,1.36143742878959,1.00417979848321,"0.5","5"
"171","Tesla-K40","bpnn_adjust_weights_cuda",1.27055499676474,1.29112734025181,1.016191619835,"0.5","5"
"541","Tesla-K40","bpnn_adjust_weights_cuda",1.2752394010897,1.28470008926935,1.00741875460526,"0.5","5"
"571","Tesla-K40","bpnn_adjust_weights_cuda",1.46150245967744,1.47405878895795,1.00859138429591,"0.5","5"
"231","Tesla-K40","bpnn_adjust_weights_cuda",1.36434260729319,1.37850522674123,1.01038054471973,"0.5","5"
"491","Tesla-K40","bpnn_adjust_weights_cuda",1.24117792436859,1.25279973591979,1.00936353388424,"0.5","5"
"81","Tesla-K40","bpnn_adjust_weights_cuda",1.24512530014274,1.25644421959482,1.00909058666689,"0.5","5"
"191","Tesla-K40","bpnn_adjust_weights_cuda",1.34776841564187,1.38183668341527,1.02527753832039,"0.5","5"
"110","Tesla-K40","bpnn_adjust_weights_cuda",1.26147523651224,1.278653043703,1.01361723694097,"0.5","5"
"511","Tesla-K40","bpnn_adjust_weights_cuda",1.24846491955312,1.26252432418003,1.01126135336822,"0.5","5"
"91","Tesla-K40","bpnn_adjust_weights_cuda",1.31904271573005,1.32334728749666,1.00326340588919,"0.5","5"
"410","Tesla-K40","bpnn_adjust_weights_cuda",1.25709331729866,1.27366408327351,1.01318181056794,"0.5","5"
"481","Tesla-K40","bpnn_adjust_weights_cuda",1.30696573119974,1.31583921263624,1.00678937574618,"0.5","5"
"421","Tesla-K40","bpnn_adjust_weights_cuda",1.18283671147731,1.20567705751143,1.01930980482132,"0.5","5"
"561","Tesla-K40","bpnn_adjust_weights_cuda",1.27976708844277,1.28994827707127,1.00795550121615,"0.5","5"
"401","Tesla-K40","bpnn_adjust_weights_cuda",1.19886373602944,1.21541644440128,1.01380699730451,"0.5","5"
"310","Tesla-K40","bpnn_adjust_weights_cuda",1.4190077908004,1.42660459405437,1.00535360221644,"0.5","5"
"351","Tesla-K40","bpnn_adjust_weights_cuda",1.16586699695625,1.19989239210618,1.02918462846856,"0.5","5"
"441","Tesla-K40","bpnn_adjust_weights_cuda",1.17272404987024,1.20218702279134,1.02512353432537,"0.5","5"
"211","Tesla-K40","bpnn_adjust_weights_cuda",1.43176501681676,1.4393659516557,1.00530878653247,"0.5","5"
"341","Tesla-K40","bpnn_adjust_weights_cuda",1.18786085725824,1.20947158486059,1.01819297897586,"0.5","5"
"471","Tesla-K40","bpnn_adjust_weights_cuda",1.2303361891606,1.24773584686351,1.01414219776367,"0.5","5"
"361","Tesla-K40","bpnn_adjust_weights_cuda",1.30074532639413,1.3145099098491,1.01058207411986,"0.5","5"
"71","Tesla-K40","bpnn_adjust_weights_cuda",1.29569608384179,1.31478694451336,1.01473405755381,"0.5","5"
"61","Tesla-K40","bpnn_adjust_weights_cuda",1.21032346364866,1.22687769829231,1.01367752930589,"0.5","5"
"531","Tesla-K40","bpnn_adjust_weights_cuda",1.2134745294664,1.23078793648744,1.01426763117034,"0.5","5"
"58","Tesla-K40","bpnn_adjust_weights_cuda",1.20165506647742,1.21727426917613,1.01299807501706,"0.5","5"
"181","Tesla-K40","bpnn_adjust_weights_cuda",1.19337315554355,1.21084145144812,1.01463774832157,"0.5","5"
"551","Tesla-K40","bpnn_adjust_weights_cuda",1.37333652892313,1.38416341388901,1.00788363575704,"0.5","5"
"521","Tesla-K40","bpnn_adjust_weights_cuda",1.23733288597995,1.25328736100895,1.01289424633401,"0.5","5"
"461","Tesla-K40","bpnn_adjust_weights_cuda",1.23343792703592,1.24803743330178,1.01183643371576,"0.5","5"
"251","Tesla-K40","bpnn_adjust_weights_cuda",1.31213243586468,1.32279549757069,1.00812651331112,"0.5","5"
"210","Tesla-K40","bpnn_adjust_weights_cuda",1.38298134350371,1.38726613585401,1.00309822859898,"0.5","5"
"172","Tesla-K20","bpnn_adjust_weights_cuda",1.26441476331409,1.2594446566712,0.996069243426212,"0.5","5"
"152","Tesla-K20","bpnn_adjust_weights_cuda",1.44907666541294,1.45271561208046,1.00251121749068,"0.5","5"
"542","Tesla-K20","bpnn_adjust_weights_cuda",1.17375940992364,1.14998662712164,0.979746460304374,"0.5","5"
"282","Tesla-K20","bpnn_adjust_weights_cuda",1.22323328181978,1.19611582575457,0.977831329094586,"0.5","5"
"502","Tesla-K20","bpnn_adjust_weights_cuda",1.24440232411127,1.22360102279908,0.983284102810519,"0.5","5"
"232","Tesla-K20","bpnn_adjust_weights_cuda",1.17857965593699,1.15670980961268,0.981443896291487,"0.5","5"
"432","Tesla-K20","bpnn_adjust_weights_cuda",1.22637122313625,1.20160396875228,0.979804439376334,"0.5","5"
"512","Tesla-K20","bpnn_adjust_weights_cuda",1.19377893866668,1.17040320643829,0.98041870946852,"0.5","5"
"312","Tesla-K20","bpnn_adjust_weights_cuda",1.43428333470474,1.43919902985819,1.00342728318353,"0.5","5"
"82","Tesla-K20","bpnn_adjust_weights_cuda",1.16921705578587,1.14915038858613,0.982837517550367,"0.5","5"
"402","Tesla-K20","bpnn_adjust_weights_cuda",1.288322302557,1.28941434759326,1.00084764894164,"0.5","5"
"342","Tesla-K20","bpnn_adjust_weights_cuda",1.2370663933825,1.22575763989383,0.990858410228297,"0.5","5"
"332","Tesla-K20","bpnn_adjust_weights_cuda",1.32261004328016,1.31763806436819,0.996240782430745,"0.5","5"
"442","Tesla-K20","bpnn_adjust_weights_cuda",1.21061371290623,1.19004823324897,0.983012351968245,"0.5","5"
"302","Tesla-K20","bpnn_adjust_weights_cuda",1.21707493967811,1.23704988427488,1.01641225527334,"0.5","5"
"313","Tesla-K20","bpnn_adjust_weights_cuda",1.40875952144864,1.44086627115314,1.02279079517524,"0.5","5"
"562","Tesla-K20","bpnn_adjust_weights_cuda",1.1910853592609,1.17075162362919,0.982928397638667,"0.5","5"
"222","Tesla-K20","bpnn_adjust_weights_cuda",1.23003819145192,1.24776530137328,1.01441183700194,"0.5","5"
"352","Tesla-K20","bpnn_adjust_weights_cuda",1.20766645392216,1.19126108204066,0.986415643302655,"0.5","5"
"462","Tesla-K20","bpnn_adjust_weights_cuda",1.17154773766581,1.14830841506205,0.980163571780642,"0.5","5"
"212","Tesla-K20","bpnn_adjust_weights_cuda",1.32903048534778,1.32747590342063,0.998830288737325,"0.5","5"
"362","Tesla-K20","bpnn_adjust_weights_cuda",1.39706410198286,1.42274614201885,1.01838286446523,"0.5","5"
"482","Tesla-K20","bpnn_adjust_weights_cuda",1.18333524453239,1.16251071025063,0.982401830438185,"0.5","5"
"292","Tesla-K20","bpnn_adjust_weights_cuda",1.20194537651107,1.17775197369525,0.979871462307174,"0.5","5"
"422","Tesla-K20","bpnn_adjust_weights_cuda",1.19630627618442,1.19209146071469,0.996476809029902,"0.5","5"
"472","Tesla-K20","bpnn_adjust_weights_cuda",1.34337472844932,1.33631187897665,0.994742457690249,"0.5","5"
"112","Tesla-K20","bpnn_adjust_weights_cuda",1.35887431405153,1.36698100030625,1.00596573661809,"0.5","5"
"452","Tesla-K20","bpnn_adjust_weights_cuda",1.30425308076564,1.33326992683006,1.02224786469156,"0.5","5"
"162","Tesla-K20","bpnn_adjust_weights_cuda",1.46564089743395,1.45858828466989,0.99518803495699,"0.5","5"
"382","Tesla-K20","bpnn_adjust_weights_cuda",1.17609162288002,1.15715516369815,0.983898823175448,"0.5","5"
"252","Tesla-K20","bpnn_adjust_weights_cuda",1.29302138089676,1.29197141310632,0.999187973373099,"0.5","5"
"92","Tesla-K20","bpnn_adjust_weights_cuda",1.20472499430228,1.18225499190205,0.981348438434916,"0.5","5"
"392","Tesla-K20","bpnn_adjust_weights_cuda",1.25605798781612,1.23636811045023,0.984324069782702,"0.5","5"
"113","Tesla-K20","bpnn_adjust_weights_cuda",1.21358289137434,1.27552433341196,1.05104014112087,"0.5","5"
"62","Tesla-K20","bpnn_adjust_weights_cuda",1.19918359799463,1.178796182735,0.982998920854382,"0.5","5"
"242","Tesla-K20","bpnn_adjust_weights_cuda",1.18837733239284,1.17032565890271,0.984809813349624,"0.5","5"
"182","Tesla-K20","bpnn_adjust_weights_cuda",1.27788895570659,1.28631954923607,1.00659728178402,"0.5","5"
"192","Tesla-K20","bpnn_adjust_weights_cuda",1.37718481901841,1.38085320956605,1.00266368790665,"0.5","5"
"372","Tesla-K20","bpnn_adjust_weights_cuda",1.27361586140636,1.27347551932585,0.999889808155841,"0.5","5"
"72","Tesla-K20","bpnn_adjust_weights_cuda",1.2521500238011,1.23206273808483,0.983957764377719,"0.5","5"
"272","Tesla-K20","bpnn_adjust_weights_cuda",1.35161616004093,1.35108255668813,0.999605210881184,"0.5","5"
"59","Tesla-K20","bpnn_adjust_weights_cuda",1.31026422249142,1.29322996876523,0.986999375062083,"0.5","5"
"122","Tesla-K20","bpnn_adjust_weights_cuda",1.18588862411821,1.16207225158434,0.979916855554986,"0.5","5"
"202","Tesla-K20","bpnn_adjust_weights_cuda",1.24817737816963,1.22619332028101,0.982387072323922,"0.5","5"
"532","Tesla-K20","bpnn_adjust_weights_cuda",1.4209268149876,1.44615000359053,1.01775122288979,"0.5","5"
"213","Tesla-K20","bpnn_adjust_weights_cuda",1.18093062755825,1.1727654911492,0.993085845841822,"0.5","5"
"132","Tesla-K20","bpnn_adjust_weights_cuda",1.33617850564061,1.33022609100931,0.995545195042299,"0.5","5"
"552","Tesla-K20","bpnn_adjust_weights_cuda",1.31623127776289,1.31337389646503,0.99782911913268,"0.5","5"
"492","Tesla-K20","bpnn_adjust_weights_cuda",1.26017711686866,1.25539323348212,0.996203800781254,"0.5","5"
"142","Tesla-K20","bpnn_adjust_weights_cuda",1.2407222366637,1.28094462059352,1.0324185242605,"0.5","5"
"522","Tesla-K20","bpnn_adjust_weights_cuda",1.26896951024271,1.26223543882342,0.994693275634332,"0.5","5"
"102","Tesla-K20","bpnn_adjust_weights_cuda",1.36795858015154,1.40624064932897,1.02798481601189,"0.5","5"
"412","Tesla-K20","bpnn_adjust_weights_cuda",1.38660339215261,1.38552529891118,0.999222493434292,"0.5","5"
"572","Tesla-K20","bpnn_adjust_weights_cuda",1.21992545700183,1.20060332814413,0.984161221698593,"0.5","5"
"262","Tesla-K20","bpnn_adjust_weights_cuda",1.29858079283432,1.33522305013936,1.02821715638121,"0.5","5"
"322","Tesla-K20","bpnn_adjust_weights_cuda",1.28286155386279,1.28568430138417,1.00220035241751,"0.5","5"
"413","Tesla-K20","bpnn_adjust_weights_cuda",1.23324208794142,1.21417244786793,0.984536985673813,"0.5","5"
"203","Titan","bpnn_adjust_weights_cuda",1.40517100994764,1.3758176736003,0.979110488232719,"0.5","5"
"363","Titan","bpnn_adjust_weights_cuda",1.24889244559328,1.21354215698211,0.971694689373845,"0.5","5"
"303","Titan","bpnn_adjust_weights_cuda",1.26949237781443,1.22797451595045,0.967295698194376,"0.5","5"
"483","Titan","bpnn_adjust_weights_cuda",1.25881695563936,1.21608078056873,0.966050524757246,"0.5","5"
"293","Titan","bpnn_adjust_weights_cuda",1.49419464015562,1.45123365832124,0.971248068571639,"0.5","5"
"153","Titan","bpnn_adjust_weights_cuda",1.23375840726043,1.19605781032615,0.969442480219454,"0.5","5"
"123","Titan","bpnn_adjust_weights_cuda",1.2174601180148,1.17536697256547,0.965425442011223,"0.5","5"
"353","Titan","bpnn_adjust_weights_cuda",1.26214987309633,1.22584224283493,0.971233503219136,"0.5","5"
"114","Titan","bpnn_adjust_weights_cuda",1.27696066165161,1.24273047731553,0.973194018136939,"0.5","5"
"133","Titan","bpnn_adjust_weights_cuda",1.25227287065337,1.21255410892567,0.968282662142978,"0.5","5"
"523","Titan","bpnn_adjust_weights_cuda",1.32237319377996,1.29311690578896,0.977875921768067,"0.5","5"
"433","Titan","bpnn_adjust_weights_cuda",1.23096568284287,1.19340078394137,0.96948339062163,"0.5","5"
"314","Titan","bpnn_adjust_weights_cuda",1.21998543740127,1.17671359722192,0.964530855162067,"0.5","5"
"513","Titan","bpnn_adjust_weights_cuda",1.35084745693229,1.32033913043115,0.977415417007609,"0.5","5"
"315","Titan","bpnn_adjust_weights_cuda",1.20490269531109,1.16405458057233,0.966098412014741,"0.5","5"
"563","Titan","bpnn_adjust_weights_cuda",1.20750560078435,1.1664203309144,0.965975089603508,"0.5","5"
"173","Titan","bpnn_adjust_weights_cuda",1.37183375827485,1.34377482810202,0.97954640640414,"0.5","5"
"283","Titan","bpnn_adjust_weights_cuda",1.22267353614071,1.18469372126478,0.968937076207753,"0.5","5"
"63","Titan","bpnn_adjust_weights_cuda",1.25538351217865,1.21776222156863,0.970032033840613,"0.5","5"
"383","Titan","bpnn_adjust_weights_cuda",1.41501128390154,1.38433555760916,0.978321214366715,"0.5","5"
"443","Titan","bpnn_adjust_weights_cuda",1.47801723356761,1.44850096754825,0.980029822826819,"0.5","5"
"163","Titan","bpnn_adjust_weights_cuda",1.23658285223764,1.19321985818268,0.964933207688838,"0.5","5"
"463","Titan","bpnn_adjust_weights_cuda",1.31698966682037,1.27946950812429,0.971510665845488,"0.5","5"
"373","Titan","bpnn_adjust_weights_cuda",1.20264023895667,1.16358207511072,0.967522986026284,"0.5","5"
"273","Titan","bpnn_adjust_weights_cuda",1.29797862410762,1.26611200838223,0.975449044280445,"0.5","5"
"423","Titan","bpnn_adjust_weights_cuda",1.39634500765166,1.35912697976784,0.973346108819904,"0.5","5"
"510","Titan","bpnn_adjust_weights_cuda",1.32759279672484,1.29738508678649,0.977246253510216,"0.5","5"
"83","Titan","bpnn_adjust_weights_cuda",1.302418770816,1.27137931416453,0.976167836837902,"0.5","5"
"214","Titan","bpnn_adjust_weights_cuda",1.34474709890179,1.31481100411177,0.977738494610278,"0.5","5"
"215","Titan","bpnn_adjust_weights_cuda",1.42500605476372,1.39268601902906,0.977319369537678,"0.5","5"
"93","Titan","bpnn_adjust_weights_cuda",1.28920000372365,1.26072907871465,0.977915819945106,"0.5","5"
"493","Titan","bpnn_adjust_weights_cuda",1.28480219429499,1.2535271760014,0.975657717248255,"0.5","5"
"403","Titan","bpnn_adjust_weights_cuda",1.3875259778267,1.36011563718816,0.980245169404707,"0.5","5"
"253","Titan","bpnn_adjust_weights_cuda",1.24561243730983,1.20648958031984,0.968591468888601,"0.5","5"
"533","Titan","bpnn_adjust_weights_cuda",1.35751390478554,1.32673731010326,0.977328707592765,"0.5","5"
"103","Titan","bpnn_adjust_weights_cuda",1.20982633186176,1.1672086795158,0.96477374378157,"0.5","5"
"453","Titan","bpnn_adjust_weights_cuda",1.29357307387223,1.25896716709064,0.973247814537446,"0.5","5"
"193","Titan","bpnn_adjust_weights_cuda",1.36460394058853,1.33714130773231,0.979875015717471,"0.5","5"
"573","Titan","bpnn_adjust_weights_cuda",1.44879560183221,1.41984100004536,0.980014708941533,"0.5","5"
"323","Titan","bpnn_adjust_weights_cuda",1.33853813333424,1.30544485448465,0.975276551317099,"0.5","5"
"343","Titan","bpnn_adjust_weights_cuda",1.27319339961455,1.23747184196915,0.97194333739382,"0.5","5"
"503","Titan","bpnn_adjust_weights_cuda",1.30692690796735,1.2701019642131,0.97182325688624,"0.5","5"
"73","Titan","bpnn_adjust_weights_cuda",1.24238009929874,1.20469413309039,0.969666315301068,"0.5","5"
"473","Titan","bpnn_adjust_weights_cuda",1.26593630607253,1.22682351056424,0.969103662387536,"0.5","5"
"115","Titan","bpnn_adjust_weights_cuda",1.19808425574836,1.16282335191097,0.970568928129879,"0.5","5"
"243","Titan","bpnn_adjust_weights_cuda",1.2397330995564,1.20631492135806,0.973044054232077,"0.5","5"
"233","Titan","bpnn_adjust_weights_cuda",1.46273271059805,1.432279589581,0.979180665888986,"0.5","5"
"414","Titan","bpnn_adjust_weights_cuda",1.21484579046538,1.17293665877736,0.965502509028765,"0.5","5"
"223","Titan","bpnn_adjust_weights_cuda",1.37885988802441,1.3509025933939,0.979724339743776,"0.5","5"
"393","Titan","bpnn_adjust_weights_cuda",1.31201985150404,1.28333358395215,0.97813579762608,"0.5","5"
"263","Titan","bpnn_adjust_weights_cuda",1.33313284235727,1.2937471297103,0.97045627307679,"0.5","5"
"543","Titan","bpnn_adjust_weights_cuda",1.2002249305195,1.1652133754733,0.970829171969419,"0.5","5"
"183","Titan","bpnn_adjust_weights_cuda",1.22533192649595,1.17990136543211,0.962923873865133,"0.5","5"
"143","Titan","bpnn_adjust_weights_cuda",1.22805892437615,1.18990004963353,0.968927488750587,"0.5","5"
"553","Titan","bpnn_adjust_weights_cuda",1.43657645916355,1.40616522982133,0.978830761740359,"0.5","5"
"415","Titan","bpnn_adjust_weights_cuda",1.2811265838331,1.23568756757149,0.964531985492287,"0.5","5"
"333","Titan","bpnn_adjust_weights_cuda",1.21225877923692,1.17023430489825,0.965333743043609,"0.5","5"
"416","Quadro","bpnn_adjust_weights_cuda",1.14104468528891,1.17144146824809,1.02663943257532,"0.5","5"
"384","Quadro","bpnn_adjust_weights_cuda",1.22957925614057,1.26567768536052,1.02935835899936,"0.5","5"
"74","Quadro","bpnn_adjust_weights_cuda",1.19006147125478,1.22375140622478,1.02830940735732,"0.5","5"
"234","Quadro","bpnn_adjust_weights_cuda",1.24775267378079,1.2846141188671,1.02954226896154,"0.5","5"
"574","Quadro","bpnn_adjust_weights_cuda",1.1773614532608,1.21212807856706,1.02952927090485,"0.5","5"
"316","Quadro","bpnn_adjust_weights_cuda",1.24320572579084,1.28045481954109,1.02996213175141,"0.5","5"
"554","Quadro","bpnn_adjust_weights_cuda",1.13880075317713,1.17235996552436,1.02946890599923,"0.5","5"
"94","Quadro","bpnn_adjust_weights_cuda",1.20661008826062,1.24364514790255,1.03069347753864,"0.5","5"
"164","Quadro","bpnn_adjust_weights_cuda",1.18613904708058,1.22314469928356,1.03119840991161,"0.5","5"
"354","Quadro","bpnn_adjust_weights_cuda",1.25295919794401,1.28606171895411,1.02641947244924,"0.5","5"
"204","Quadro","bpnn_adjust_weights_cuda",1.17164844602472,1.20408465068988,1.02768424673391,"0.5","5"
"274","Quadro","bpnn_adjust_weights_cuda",1.36550326473802,1.40129261807152,1.02620964318263,"0.5","5"
"444","Quadro","bpnn_adjust_weights_cuda",1.22189868263948,1.25350766258896,1.02586874050899,"0.5","5"
"216","Quadro","bpnn_adjust_weights_cuda",1.18028892198071,1.21586892263376,1.03014516190946,"0.5","5"
"154","Quadro","bpnn_adjust_weights_cuda",1.33687369559593,1.37702504038921,1.03003376079996,"0.5","5"
"64","Quadro","bpnn_adjust_weights_cuda",1.3550290946821,1.3898146804149,1.02567146777092,"0.5","5"
"244","Quadro","bpnn_adjust_weights_cuda",1.34548577157785,1.38323642047547,1.02805726355126,"0.5","5"
"434","Quadro","bpnn_adjust_weights_cuda",1.14613431472962,1.17918943674325,1.02884053080762,"0.5","5"
"317","Quadro","bpnn_adjust_weights_cuda",1.37406478293963,1.41967706389307,1.03319514590561,"0.5","5"
"534","Quadro","bpnn_adjust_weights_cuda",1.21033950983032,1.24509140472876,1.0287125179474,"0.5","5"
"304","Quadro","bpnn_adjust_weights_cuda",1.31209336616849,1.3447271767131,1.02487156126694,"0.5","5"
"404","Quadro","bpnn_adjust_weights_cuda",1.28486418008551,1.31969290975001,1.02710693488411,"0.5","5"
"424","Quadro","bpnn_adjust_weights_cuda",1.32049329355204,1.36059821683851,1.03037116771611,"0.5","5"
"474","Quadro","bpnn_adjust_weights_cuda",1.17437618318009,1.20576032795585,1.02672409848331,"0.5","5"
"394","Quadro","bpnn_adjust_weights_cuda",1.15822004181178,1.19081299012367,1.02814054940795,"0.5","5"
"124","Quadro","bpnn_adjust_weights_cuda",1.1555223545602,1.18866306599754,1.02868028585215,"0.5","5"
"374","Quadro","bpnn_adjust_weights_cuda",1.41718664931882,1.46100196639794,1.03091711109485,"0.5","5"
"174","Quadro","bpnn_adjust_weights_cuda",1.1930779587433,1.22626424678903,1.02781569117302,"0.5","5"
"194","Quadro","bpnn_adjust_weights_cuda",1.16608240118855,1.19910870251569,1.02832244213057,"0.5","5"
"284","Quadro","bpnn_adjust_weights_cuda",1.1833829033864,1.21938445123163,1.03042256884244,"0.5","5"
"324","Quadro","bpnn_adjust_weights_cuda",1.15292304974491,1.186319208802,1.02896651174116,"0.5","5"
"364","Quadro","bpnn_adjust_weights_cuda",1.27967684165995,1.32048913631561,1.03189265705764,"0.5","5"
"454","Quadro","bpnn_adjust_weights_cuda",1.21409238823863,1.24841549217561,1.02827058654636,"0.5","5"
"134","Quadro","bpnn_adjust_weights_cuda",1.2340175887647,1.26700852246215,1.02673457331389,"0.5","5"
"564","Quadro","bpnn_adjust_weights_cuda",1.25795259803472,1.29155305493274,1.02671043165738,"0.5","5"
"344","Quadro","bpnn_adjust_weights_cuda",1.21763471341236,1.24931974364049,1.02602178623779,"0.5","5"
"224","Quadro","bpnn_adjust_weights_cuda",1.16006862049143,1.19515369861933,1.03024396790686,"0.5","5"
"217","Quadro","bpnn_adjust_weights_cuda",1.29234722557698,1.324315002331,1.02473621339632,"0.5","5"
"484","Quadro","bpnn_adjust_weights_cuda",1.29824699389751,1.33553219955225,1.02871965491159,"0.5","5"
"184","Quadro","bpnn_adjust_weights_cuda",1.27384391519614,1.31375280164028,1.03132949489969,"0.5","5"
"116","Quadro","bpnn_adjust_weights_cuda",1.14349767039293,1.17745460661776,1.02969567591088,"0.5","5"
"514","Quadro","bpnn_adjust_weights_cuda",1.20295539654408,1.23576220488374,1.02727184102911,"0.5","5"
"504","Quadro","bpnn_adjust_weights_cuda",1.22567902407797,1.26131383460398,1.02907352563435,"0.5","5"
"117","Quadro","bpnn_adjust_weights_cuda",1.30548007161503,1.341469051811,1.02756762127472,"0.5","5"
"515","Quadro","bpnn_adjust_weights_cuda",1.32796242140807,1.36663960041424,1.02912520594156,"0.5","5"
"264","Quadro","bpnn_adjust_weights_cuda",1.40276187051156,1.4427450113921,1.028503156324,"0.5","5"
"104","Quadro","bpnn_adjust_weights_cuda",1.43352512169484,1.4744521238444,1.02854990228645,"0.5","5"
"524","Quadro","bpnn_adjust_weights_cuda",1.16880400221968,1.20084634690457,1.02741464319428,"0.5","5"
"494","Quadro","bpnn_adjust_weights_cuda",1.38919793364058,1.42868493467028,1.0284243159837,"0.5","5"
"417","Quadro","bpnn_adjust_weights_cuda",1.23812835872494,1.27424075116703,1.02916692133543,"0.5","5"
"334","Quadro","bpnn_adjust_weights_cuda",1.19644171804789,1.23137208372672,1.02919520871925,"0.5","5"
"464","Quadro","bpnn_adjust_weights_cuda",1.14815844441796,1.18030343829024,1.02799700165823,"0.5","5"
"294","Quadro","bpnn_adjust_weights_cuda",1.26275299303379,1.29528840866982,1.02576546309176,"0.5","5"
"544","Quadro","bpnn_adjust_weights_cuda",1.15046653064982,1.18326055364626,1.02850497787008,"0.5","5"
"144","Quadro","bpnn_adjust_weights_cuda",1.26777226241936,1.3111305265898,1.03420035715855,"0.5","5"
"84","Quadro","bpnn_adjust_weights_cuda",1.19921971258237,1.23297516439022,1.02814784601494,"0.5","5"
"254","Quadro","bpnn_adjust_weights_cuda",1.1629450940703,1.19585437782246,1.02829822656285,"0.5","5"
"565","GTX-750","bpnn_adjust_weights_cuda",1.08826783173763,1.26728974276129,1.16450170243277,"0.5","5"
"275","GTX-750","bpnn_adjust_weights_cuda",1.17636397134809,1.33802774772494,1.137426664123,"0.5","5"
"555","GTX-750","bpnn_adjust_weights_cuda",1.03890102466565,1.2181067471095,1.17249547183912,"0.5","5"
"385","GTX-750","bpnn_adjust_weights_cuda",1.00233201384195,1.18444658985417,1.18169087038752,"0.5","5"
"325","GTX-750","bpnn_adjust_weights_cuda",1.00484240582772,1.1855229149545,1.17980979711734,"0.5","5"
"516","GTX-750","bpnn_adjust_weights_cuda",1.28618449728563,1.40068885168632,1.08902638357277,"0.5","5"
"495","GTX-750","bpnn_adjust_weights_cuda",1.08385654849693,1.26500006610011,1.16712868308485,"0.5","5"
"305","GTX-750","bpnn_adjust_weights_cuda",1.01413419329659,1.19915194491255,1.18243912180352,"0.5","5"
"145","GTX-750","bpnn_adjust_weights_cuda",1.04488053649329,1.22363955240679,1.17108081706014,"0.5","5"
"295","GTX-750","bpnn_adjust_weights_cuda",1.16167885022181,1.32923871379222,1.14423940277333,"0.5","5"
"335","GTX-750","bpnn_adjust_weights_cuda",1.14870987052585,1.32400324431186,1.15260021549721,"0.5","5"
"545","GTX-750","bpnn_adjust_weights_cuda",1.10540580326255,1.27839990754487,1.15649827762053,"0.5","5"
"105","GTX-750","bpnn_adjust_weights_cuda",1.0095597502574,1.1920464307778,1.18075867275204,"0.5","5"
"445","GTX-750","bpnn_adjust_weights_cuda",1.16926941882103,1.3352325307367,1.14193744336785,"0.5","5"
"218","GTX-750","bpnn_adjust_weights_cuda",1.14281299260306,1.321393079876,1.15626361305727,"0.5","5"
"155","GTX-750","bpnn_adjust_weights_cuda",1.05384220994395,1.23242358327743,1.16945741179126,"0.5","5"
"185","GTX-750","bpnn_adjust_weights_cuda",1,1.18356164933396,1.18356164933396,"0.5","5"
"425","GTX-750","bpnn_adjust_weights_cuda",1.3024564158007,1.40197994306214,1.07641217476,"0.5","5"
"418","GTX-750","bpnn_adjust_weights_cuda",1.05130803039665,1.22861211181923,1.16865093416598,"0.5","5"
"245","GTX-750","bpnn_adjust_weights_cuda",1.19268935102827,1.34464255752678,1.12740384272527,"0.5","5"
"85","GTX-750","bpnn_adjust_weights_cuda",1.12514091605655,1.29629029705205,1.15211372953652,"0.5","5"
"205","GTX-750","bpnn_adjust_weights_cuda",1.09645438559706,1.27104760104354,1.1592343628152,"0.5","5"
"475","GTX-750","bpnn_adjust_weights_cuda",1.21106802336567,1.36333608024103,1.1257303916358,"0.5","5"
"65","GTX-750","bpnn_adjust_weights_cuda",1.23275831015796,1.37794315245143,1.11777234928951,"0.5","5"
"535","GTX-750","bpnn_adjust_weights_cuda",1.01947685969189,1.2029240464606,1.1799424724796,"0.5","5"
"175","GTX-750","bpnn_adjust_weights_cuda",1.10099728960823,1.27614606736449,1.15908193363363,"0.5","5"
"125","GTX-750","bpnn_adjust_weights_cuda",1.07203520326609,1.25618130006175,1.17177243455685,"0.5","5"
"517","GTX-750","bpnn_adjust_weights_cuda",1.13101969042397,1.30202910814042,1.15119932850359,"0.5","5"
"219","GTX-750","bpnn_adjust_weights_cuda",1.02486067089485,1.20735177538763,1.17806430637391,"0.5","5"
"265","GTX-750","bpnn_adjust_weights_cuda",1.06486556712007,1.24839606442535,1.17235086096514,"0.5","5"
"575","GTX-750","bpnn_adjust_weights_cuda",1.11024014030577,1.28136200568793,1.15413049769128,"0.5","5"
"375","GTX-750","bpnn_adjust_weights_cuda",1.20159027140298,1.35205406318677,1.12522054760655,"0.5","5"
"95","GTX-750","bpnn_adjust_weights_cuda",1.22120258389628,1.37245285675282,1.12385354801163,"0.5","5"
"75","GTX-750","bpnn_adjust_weights_cuda",1.04787009598117,1.22526069605355,1.16928682357929,"0.5","5"
"255","GTX-750","bpnn_adjust_weights_cuda",1.24457965538877,1.38378416344369,1.11184861286475,"0.5","5"
"225","GTX-750","bpnn_adjust_weights_cuda",1.00711061368922,1.18959385037309,1.18119483024353,"0.5","5"
"285","GTX-750","bpnn_adjust_weights_cuda",1.13714462347301,1.31617040679727,1.15743448953528,"0.5","5"
"345","GTX-750","bpnn_adjust_weights_cuda",1.02746445889671,1.20955800997615,1.17722613128144,"0.5","5"
"355","GTX-750","bpnn_adjust_weights_cuda",1.03556598755853,1.21373670013034,1.17205152999653,"0.5","5"
"485","GTX-750","bpnn_adjust_weights_cuda",1.18429905843074,1.33962382563079,1.13115333166427,"0.5","5"
"135","GTX-750","bpnn_adjust_weights_cuda",1.11523970240026,1.28736303129801,1.15433751912464,"0.5","5"
"395","GTX-750","bpnn_adjust_weights_cuda",1.01716321405688,1.20197915951527,1.18169743351342,"0.5","5"
"165","GTX-750","bpnn_adjust_weights_cuda",1.03028272180075,1.21071038880786,1.17512442283003,"0.5","5"
"435","GTX-750","bpnn_adjust_weights_cuda",1.06873265949205,1.25163790478602,1.17114218758965,"0.5","5"
"195","GTX-750","bpnn_adjust_weights_cuda",1.02230241595328,1.20524196914528,1.17894856779871,"0.5","5"
"505","GTX-750","bpnn_adjust_weights_cuda",1.05762680908451,1.2355646110589,1.16824252226399,"0.5","5"
"525","GTX-750","bpnn_adjust_weights_cuda",1.27067440904541,1.39826385851538,1.10041081221256,"0.5","5"
"318","GTX-750","bpnn_adjust_weights_cuda",1.01190288705631,1.19384320907448,1.17980018077372,"0.5","5"
"118","GTX-750","bpnn_adjust_weights_cuda",1.03315634405847,1.21245120397204,1.17354087882697,"0.5","5"
"119","GTX-750","bpnn_adjust_weights_cuda",1.06151191937344,1.24195704157513,1.16998878572009,"0.5","5"
"455","GTX-750","bpnn_adjust_weights_cuda",1.25665219039298,1.39017480547917,1.1062526418264,"0.5","5"
"365","GTX-750","bpnn_adjust_weights_cuda",1.12072646330978,1.29075111842511,1.15170932487237,"0.5","5"
"465","GTX-750","bpnn_adjust_weights_cuda",1.15524720016856,1.32509649010795,1.14702419526713,"0.5","5"
"405","GTX-750","bpnn_adjust_weights_cuda",1.09230385257068,1.26785833539334,1.1607194576944,"0.5","5"
"235","GTX-750","bpnn_adjust_weights_cuda",1.0758704885988,1.25947741726936,1.17065895069739,"0.5","5"
"419","GTX-750","bpnn_adjust_weights_cuda",1.04176967493969,1.21997707324455,1.17106218638509,"0.5","5"
"319","GTX-750","bpnn_adjust_weights_cuda",1.07980903224278,1.26111827508405,1.16790861849403,"0.5","5"
"126","GTX-980","bpnn_adjust_weights_cuda",1.35341245791957,1.34134850686159,0.991086271603757,"0.5","5"
"266","GTX-980","bpnn_adjust_weights_cuda",1.31132558436265,1.31218223011144,1.00065326701393,"0.5","5"
"2110","GTX-980","bpnn_adjust_weights_cuda",1.25903104730287,1.26756131605527,1.00677526481231,"0.5","5"
"456","GTX-980","bpnn_adjust_weights_cuda",1.24530569398322,1.25490458035672,1.00770805627877,"0.5","5"
"420","GTX-980","bpnn_adjust_weights_cuda",1.4851943555958,1.45995691455671,0.983007314198301,"0.5","5"
"396","GTX-980","bpnn_adjust_weights_cuda",1.37121629070972,1.35836244952737,0.990625956481529,"0.5","5"
"86","GTX-980","bpnn_adjust_weights_cuda",1.21754498147527,1.19662577223303,0.982818532735528,"0.5","5"
"376","GTX-980","bpnn_adjust_weights_cuda",1.26144922593763,1.26055857834478,0.999293948916421,"0.5","5"
"446","GTX-980","bpnn_adjust_weights_cuda",1.2122245232738,1.19539309228767,0.986115252857054,"0.5","5"
"306","GTX-980","bpnn_adjust_weights_cuda",1.21515641451483,1.19501515660847,0.983424966806103,"0.5","5"
"256","GTX-980","bpnn_adjust_weights_cuda",1.358057180617,1.34768975855138,0.992365990023403,"0.5","5"
"136","GTX-980","bpnn_adjust_weights_cuda",1.30793632521849,1.29812344224117,0.992497430656128,"0.5","5"
"120","GTX-980","bpnn_adjust_weights_cuda",1.24899093862945,1.24702293129964,0.998424322171649,"0.5","5"
"426","GTX-980","bpnn_adjust_weights_cuda",1.31955325699363,1.31245299398711,0.994619191784121,"0.5","5"
"156","GTX-980","bpnn_adjust_weights_cuda",1.21997319450604,1.19725176137686,0.981375465271287,"0.5","5"
"286","GTX-980","bpnn_adjust_weights_cuda",1.39149095809247,1.38058359225721,0.992161382169371,"0.5","5"
"186","GTX-980","bpnn_adjust_weights_cuda",1.22750944308908,1.20408123743002,0.980914032237418,"0.5","5"
"486","GTX-980","bpnn_adjust_weights_cuda",1.21106802336567,1.19384085809703,0.985775229024082,"0.5","5"
"66","GTX-980","bpnn_adjust_weights_cuda",1.27154263994102,1.26845028068356,0.997568025514575,"0.5","5"
"576","GTX-980","bpnn_adjust_weights_cuda",1.26895325417552,1.27390776135587,1.00390440480297,"0.5","5"
"406","GTX-980","bpnn_adjust_weights_cuda",1.5010256217397,1.46954967397729,0.979030372762102,"0.5","5"
"476","GTX-980","bpnn_adjust_weights_cuda",1.22945576638394,1.20725982201141,0.981946528716673,"0.5","5"
"326","GTX-980","bpnn_adjust_weights_cuda",1.45789748772715,1.43976536500017,0.987562827373246,"0.5","5"
"518","GTX-980","bpnn_adjust_weights_cuda",1.24313829913355,1.22157153236324,0.982651353606162,"0.5","5"
"496","GTX-980","bpnn_adjust_weights_cuda",1.34598464561286,1.32861249076882,0.987093348426624,"0.5","5"
"336","GTX-980","bpnn_adjust_weights_cuda",1.32699366423615,1.31018677254394,0.987334610446778,"0.5","5"
"176","GTX-980","bpnn_adjust_weights_cuda",1.20821614988987,1.19279261270626,0.987234455370408,"0.5","5"
"76","GTX-980","bpnn_adjust_weights_cuda",1.29821564129321,1.27862459268427,0.984909249291256,"0.5","5"
"3110","GTX-980","bpnn_adjust_weights_cuda",1.28522517269061,1.28898251051132,1.00292348601673,"0.5","5"
"276","GTX-980","bpnn_adjust_weights_cuda",1.33618121480954,1.3232445237237,0.990318161232588,"0.5","5"
"206","GTX-980","bpnn_adjust_weights_cuda",1.22244239196487,1.19749531675003,0.979592432838706,"0.5","5"
"519","GTX-980","bpnn_adjust_weights_cuda",1.23275831015796,1.21251007912925,0.983574857405655,"0.5","5"
"246","GTX-980","bpnn_adjust_weights_cuda",1.38567708803543,1.3691549313542,0.988076474076185,"0.5","5"
"536","GTX-980","bpnn_adjust_weights_cuda",1.25200746769553,1.25263684593599,1.00050269527675,"0.5","5"
"220","GTX-980","bpnn_adjust_weights_cuda",1.27776896157245,1.27218782033176,0.995632120196576,"0.5","5"
"226","GTX-980","bpnn_adjust_weights_cuda",1.36614191579006,1.3576960666516,0.993817736619566,"0.5","5"
"1110","GTX-980","bpnn_adjust_weights_cuda",1.25508750727986,1.2605152165805,1.00432456642995,"0.5","5"
"296","GTX-980","bpnn_adjust_weights_cuda",1.23751081778369,1.2317761399836,0.995365957438375,"0.5","5"
"166","GTX-980","bpnn_adjust_weights_cuda",1.34170249181603,1.3324122919884,0.993075812347148,"0.5","5"
"106","GTX-980","bpnn_adjust_weights_cuda",1.26473692556608,1.26197192025453,0.997813770393147,"0.5","5"
"546","GTX-980","bpnn_adjust_weights_cuda",1.47091019152627,1.44541103171803,0.982664366624732,"0.5","5"
"556","GTX-980","bpnn_adjust_weights_cuda",1.44594827958102,1.41126979543778,0.976016787990999,"0.5","5"
"506","GTX-980","bpnn_adjust_weights_cuda",1.2347762245854,1.21448901323892,0.983570131216858,"0.5","5"
"566","GTX-980","bpnn_adjust_weights_cuda",1.32956033492101,1.31999860563609,0.992808352480307,"0.5","5"
"236","GTX-980","bpnn_adjust_weights_cuda",1.27506802682975,1.26661578813296,0.993371146857319,"0.5","5"
"526","GTX-980","bpnn_adjust_weights_cuda",1.28238437514899,1.27664223412042,0.995522293362392,"0.5","5"
"346","GTX-980","bpnn_adjust_weights_cuda",1.29308190484847,1.28167410845915,0.991177823812598,"0.5","5"
"356","GTX-980","bpnn_adjust_weights_cuda",1.40386140602443,1.38679756564876,0.987845067680864,"0.5","5"
"96","GTX-980","bpnn_adjust_weights_cuda",1.29107781218651,1.2862784231715,0.996282649295256,"0.5","5"
"4110","GTX-980","bpnn_adjust_weights_cuda",1.24029750159193,1.24180065349705,1.00121192851166,"0.5","5"
"386","GTX-980","bpnn_adjust_weights_cuda",1.42463115501841,1.39640305373577,0.980185677406253,"0.5","5"
"146","GTX-980","bpnn_adjust_weights_cuda",1.22495398114438,1.20350434734701,0.982489437050261,"0.5","5"
"466","GTX-980","bpnn_adjust_weights_cuda",1.38192569078737,1.36942283883916,0.990952587370248,"0.5","5"
"196","GTX-980","bpnn_adjust_weights_cuda",1.3159703070601,1.30243120782566,0.989711698537722,"0.5","5"
"436","GTX-980","bpnn_adjust_weights_cuda",1.43490179069873,1.42217230336764,0.991128669980337,"0.5","5"
"320","GTX-980","bpnn_adjust_weights_cuda",1.3013846419484,1.308479380188,1.00545168431447,"0.5","5"
"366","GTX-980","bpnn_adjust_weights_cuda",1.41273057458632,1.39692260825147,0.988810345992917,"0.5","5"
"127","GTX-970","bpnn_adjust_weights_cuda",1.35537619849839,1.36581375503821,1.00770085571179,"0.5","5"
"247","GTX-970","bpnn_adjust_weights_cuda",1.44583358221997,1.45427417470025,1.00583787275664,"0.5","5"
"397","GTX-970","bpnn_adjust_weights_cuda",1.36324486119085,1.35513086403022,0.994048026593298,"0.5","5"
"277","GTX-970","bpnn_adjust_weights_cuda",1.29632294838606,1.26110899481398,0.972835508608466,"0.5","5"
"457","GTX-970","bpnn_adjust_weights_cuda",1.45520809317208,1.46867461976428,1.00925402123269,"0.5","5"
"97","GTX-970","bpnn_adjust_weights_cuda",1.4787081822505,1.47048398658446,0.994438256469557,"0.5","5"
"147","GTX-970","bpnn_adjust_weights_cuda",1.21543683789422,1.23019729943828,1.01214416173994,"0.5","5"
"577","GTX-970","bpnn_adjust_weights_cuda",1.2273606443986,1.23254846023954,1.00422680641148,"0.5","5"
"520","GTX-970","bpnn_adjust_weights_cuda",1.19940892872085,1.21925410096085,1.01654579331935,"0.5","5"
"357","GTX-970","bpnn_adjust_weights_cuda",1.1970621836265,1.21279550443151,1.01314327778475,"0.5","5"
"497","GTX-970","bpnn_adjust_weights_cuda",1.28627788733906,1.25534689037211,0.975953099037618,"0.5","5"
"157","GTX-970","bpnn_adjust_weights_cuda",1.23361118136609,1.2393236550803,1.00463069223147,"0.5","5"
"427","GTX-970","bpnn_adjust_weights_cuda",1.22974930674021,1.23767339187672,1.00644365895804,"0.5","5"
"387","GTX-970","bpnn_adjust_weights_cuda",1.39615302821836,1.41318379249645,1.01219835070645,"0.5","5"
"197","GTX-970","bpnn_adjust_weights_cuda",1.24334569941853,1.23797440205413,0.995679964657532,"0.5","5"
"257","GTX-970","bpnn_adjust_weights_cuda",1.19259185253981,1.21495755537543,1.01875386184133,"0.5","5"
"297","GTX-970","bpnn_adjust_weights_cuda",1.34856971186793,1.34922627255897,1.00048685706439,"0.5","5"
"287","GTX-970","bpnn_adjust_weights_cuda",1.31559325407685,1.32527067996029,1.00735594064005,"0.5","5"
"237","GTX-970","bpnn_adjust_weights_cuda",1.27345078853755,1.24539184545288,0.977966213270875,"0.5","5"
"547","GTX-970","bpnn_adjust_weights_cuda",1.1879872226728,1.21170123412049,1.01996150378987,"0.5","5"
"4111","GTX-970","bpnn_adjust_weights_cuda",1.2539225641347,1.24420846345136,0.992253029843164,"0.5","5"
"527","GTX-970","bpnn_adjust_weights_cuda",1.28958171963832,1.30398517956068,1.01116909436836,"0.5","5"
"107","GTX-970","bpnn_adjust_weights_cuda",1.18251840689359,1.21071928959669,1.02384815537644,"0.5","5"
"337","GTX-970","bpnn_adjust_weights_cuda",1.33368844132773,1.34538598514128,1.00877082191843,"0.5","5"
"487","GTX-970","bpnn_adjust_weights_cuda",1.24742295228972,1.24190215166217,0.995574235172274,"0.5","5"
"167","GTX-970","bpnn_adjust_weights_cuda",1.18553652536621,1.21071928959669,1.02124166037204,"0.5","5"
"3111","GTX-970","bpnn_adjust_weights_cuda",1.3292822476861,1.34050850188163,1.00844535027461,"0.5","5"
"1111","GTX-970","bpnn_adjust_weights_cuda",1.43251675600359,1.44447138951144,1.00834519628322,"0.5","5"
"477","GTX-970","bpnn_adjust_weights_cuda",1.2215443412136,1.22918772619363,1.00625714902206,"0.5","5"
"2111","GTX-970","bpnn_adjust_weights_cuda",1.25043111245683,1.2418038957067,0.993100606131609,"0.5","5"
"467","GTX-970","bpnn_adjust_weights_cuda",1.38102476571844,1.3760401257509,0.996390622318096,"0.5","5"
"187","GTX-970","bpnn_adjust_weights_cuda",1.26878224717006,1.28750663408459,1.01475776237908,"0.5","5"
"5110","GTX-970","bpnn_adjust_weights_cuda",1.32265202537211,1.32415008804106,1.00113262040221,"0.5","5"
"137","GTX-970","bpnn_adjust_weights_cuda",1.21259712450727,1.22733247381997,1.01215189201334,"0.5","5"
"307","GTX-970","bpnn_adjust_weights_cuda",1.20973783774173,1.22641840526279,1.01378858046815,"0.5","5"
"367","GTX-970","bpnn_adjust_weights_cuda",1.30537687970896,1.3153777303936,1.00766127456376,"0.5","5"
"557","GTX-970","bpnn_adjust_weights_cuda",1.27774715502733,1.28761310908747,1.00772136648579,"0.5","5"
"407","GTX-970","bpnn_adjust_weights_cuda",1.23676193325144,1.23777292839595,1.00081745331687,"0.5","5"
"347","GTX-970","bpnn_adjust_weights_cuda",1.22416131823866,1.24186799202547,1.01446433041381,"0.5","5"
"428","GTX-970","bpnn_adjust_weights_cuda",1.21852658732294,1.22716814011837,1.00709180487757,"0.5","5"
"327","GTX-970","bpnn_adjust_weights_cuda",1.3417939556993,1.33534661801815,0.995194986790806,"0.5","5"
"177","GTX-970","bpnn_adjust_weights_cuda",1.28151667696796,1.28517852928701,1.00285743633685,"0.5","5"
"507","GTX-970","bpnn_adjust_weights_cuda",1.19521482768523,1.21701750794191,1.01824164137832,"0.5","5"
"87","GTX-970","bpnn_adjust_weights_cuda",1.3880850389407,1.38344792177057,0.996659342158407,"0.5","5"
"328","GTX-970","bpnn_adjust_weights_cuda",1.36871800248036,1.37874218494802,1.00732377483857,"0.5","5"
"128","GTX-970","bpnn_adjust_weights_cuda",1.42023460282414,1.43308531168012,1.00904830006988,"0.5","5"
"377","GTX-970","bpnn_adjust_weights_cuda",1.2049590307389,1.21675180109076,1.00978686415972,"0.5","5"
"227","GTX-970","bpnn_adjust_weights_cuda",1.25836185478072,1.24813652795373,0.991874096637509,"0.5","5"
"267","GTX-970","bpnn_adjust_weights_cuda",1.40847726091827,1.40779020825927,0.999512201809666,"0.5","5"
"447","GTX-970","bpnn_adjust_weights_cuda",1.18955394218777,1.21268078827009,1.01944161190352,"0.5","5"
"537","GTX-970","bpnn_adjust_weights_cuda",1.26556383829221,1.24624241830823,0.984732955067635,"0.5","5"
"437","GTX-970","bpnn_adjust_weights_cuda",1.20738311112063,1.22102957320085,1.01130251198193,"0.5","5"
"67","GTX-970","bpnn_adjust_weights_cuda",1.261268093037,1.24469860458546,0.986862833886771,"0.5","5"
"77","GTX-970","bpnn_adjust_weights_cuda",1.31077799865841,1.31747764813402,1.00511120073915,"0.5","5"
"567","GTX-970","bpnn_adjust_weights_cuda",1.20200166707844,1.22208965816968,1.01671211583264,"0.5","5"
"228","GTX-970","bpnn_adjust_weights_cuda",1.2400052008423,1.24180716450865,1.00145319041011,"0.5","5"
"207","GTX-970","bpnn_adjust_weights_cuda",1.30156415209432,1.30987137935365,1.00638249543518,"0.5","5"
"5111","GTX-680","bpnn_adjust_weights_cuda",1.37250071593609,1.34208099443096,0.977836280045671,"0.5","10"
"108","GTX-680","bpnn_adjust_weights_cuda",1.2222955466729,1.20039955716156,0.982086174190076,"0.5","10"
"558","GTX-680","bpnn_adjust_weights_cuda",1.36355649664949,1.339236904941,0.982164588142667,"0.5","10"
"208","GTX-680","bpnn_adjust_weights_cuda",1.42895691701595,1.40111672294642,0.980517121448516,"0.5","10"
"308","GTX-680","bpnn_adjust_weights_cuda",1.34664664802548,1.31992635827819,0.980157905723475,"0.5","10"
"408","GTX-680","bpnn_adjust_weights_cuda",1.20662908475549,1.18965154485543,0.985929777332116,"0.5","10"
"129","GTX-680","bpnn_adjust_weights_cuda",1.46038374637646,1.42697573273703,0.977123811654078,"0.5","10"
"498","GTX-680","bpnn_adjust_weights_cuda",1.27900175948754,1.24416532063512,0.972762790516892,"0.5","10"
"1112","GTX-680","bpnn_adjust_weights_cuda",1.20363811248881,1.18268438001929,0.982591335176159,"0.5","10"
"2112","GTX-680","bpnn_adjust_weights_cuda",1.2558849693668,1.22789074942377,0.977709566858544,"0.5","10"
"178","GTX-680","bpnn_adjust_weights_cuda",1.30548116979265,1.26209433737337,0.966765639043141,"0.5","10"
"298","GTX-680","bpnn_adjust_weights_cuda",1.35385200700291,1.32548487511032,0.979047095438899,"0.5","10"
"329","GTX-680","bpnn_adjust_weights_cuda",1.39291935689805,1.35787582881067,0.97484166767169,"0.5","10"
"288","GTX-680","bpnn_adjust_weights_cuda",1.40427290519514,1.36662529357337,0.973190672922266,"0.5","10"
"138","GTX-680","bpnn_adjust_weights_cuda",1.18651353918482,1.16348545658881,0.980591807985744,"0.5","10"
"278","GTX-680","bpnn_adjust_weights_cuda",1.16470741705174,1.1462780135015,0.984176795579369,"0.5","10"
"229","GTX-680","bpnn_adjust_weights_cuda",1.18179095142436,1.16248294006617,0.983662075483891,"0.5","10"
"68","GTX-680","bpnn_adjust_weights_cuda",1.21591056764786,1.20299180705953,0.989375237840625,"0.5","10"
"130","GTX-680","bpnn_adjust_weights_cuda",1.17667643423187,1.15848735081178,0.984541983768071,"0.5","10"
"78","GTX-680","bpnn_adjust_weights_cuda",1.31183737324164,1.26560303905643,0.96475604741237,"0.5","10"
"4112","GTX-680","bpnn_adjust_weights_cuda",1.31790734491057,1.26793624956095,0.962082998063113,"0.5","10"
"368","GTX-680","bpnn_adjust_weights_cuda",1.19754764411316,1.18274400661958,0.987638372831057,"0.5","10"
"198","GTX-680","bpnn_adjust_weights_cuda",1.18431728666829,1.16324428918168,0.982206628473785,"0.5","10"
"348","GTX-680","bpnn_adjust_weights_cuda",1.19241225986795,1.17006154327474,0.981255881589402,"0.5","10"
"478","GTX-680","bpnn_adjust_weights_cuda",1.25210350627435,1.22623654723516,0.979341197505186,"0.5","10"
"378","GTX-680","bpnn_adjust_weights_cuda",1.22870401306376,1.20730231122745,0.982581889854055,"0.5","10"
"158","GTX-680","bpnn_adjust_weights_cuda",1.23989152999626,1.21551037456002,0.980336057754737,"0.5","10"
"338","GTX-680","bpnn_adjust_weights_cuda",1.21220478619174,1.19781813774234,0.988131833322814,"0.5","10"
"429","GTX-680","bpnn_adjust_weights_cuda",1.17177608019433,1.15511554960453,0.985781813717311,"0.5","10"
"578","GTX-680","bpnn_adjust_weights_cuda",1.23309471091094,1.20851591815536,0.980067392603263,"0.5","10"
"230","GTX-680","bpnn_adjust_weights_cuda",1.17884882396685,1.16178350880063,0.985523745861833,"0.5","10"
"448","GTX-680","bpnn_adjust_weights_cuda",1.2642315803095,1.23245874660753,0.974867868991061,"0.5","10"
"3112","GTX-680","bpnn_adjust_weights_cuda",1.17440621602291,1.16094870343243,0.988541007015391,"0.5","10"
"188","GTX-680","bpnn_adjust_weights_cuda",1.24364259931774,1.21944654359119,0.980544204790169,"0.5","10"
"548","GTX-680","bpnn_adjust_weights_cuda",1.33871582222074,1.311344800632,0.979554270492348,"0.5","10"
"468","GTX-680","bpnn_adjust_weights_cuda",1.24699674766759,1.23332992420315,0.989040209214653,"0.5","10"
"528","GTX-680","bpnn_adjust_weights_cuda",1.22567966054394,1.20601405780071,0.983955348712807,"0.5","10"
"508","GTX-680","bpnn_adjust_weights_cuda",1.16976107304724,1.15173415352748,0.984589229428876,"0.5","10"
"488","GTX-680","bpnn_adjust_weights_cuda",1.28901344363193,1.25277089388189,0.971883497469258,"0.5","10"
"248","GTX-680","bpnn_adjust_weights_cuda",1.2191083828248,1.20136838739746,0.985448385330405,"0.5","10"
"330","GTX-680","bpnn_adjust_weights_cuda",1.2007414121218,1.18136606659736,0.983863848345,"0.5","10"
"148","GTX-680","bpnn_adjust_weights_cuda",1.28374012900308,1.25237071972925,0.975564050258219,"0.5","10"
"238","GTX-680","bpnn_adjust_weights_cuda",1.30030264196424,1.26221128482595,0.97070577578713,"0.5","10"
"388","GTX-680","bpnn_adjust_weights_cuda",1.20953592909989,1.19508441321362,0.988052016034761,"0.5","10"
"268","GTX-680","bpnn_adjust_weights_cuda",1.44265522540832,1.41915780772305,0.983712381675512,"0.5","10"
"398","GTX-680","bpnn_adjust_weights_cuda",1.33186607248025,1.28346611344789,0.963660040575832,"0.5","10"
"258","GTX-680","bpnn_adjust_weights_cuda",1.32464014979442,1.27841022536954,0.965100012684915,"0.5","10"
"88","GTX-680","bpnn_adjust_weights_cuda",1.19468501506996,1.17471733485584,0.983286238663549,"0.5","10"
"358","GTX-680","bpnn_adjust_weights_cuda",1.41575848588481,1.37555432656864,0.971602388601577,"0.5","10"
"568","GTX-680","bpnn_adjust_weights_cuda",1.18942522328659,1.16672777088099,0.980917293528645,"0.5","10"
"438","GTX-680","bpnn_adjust_weights_cuda",1.27458177559117,1.24228541925119,0.974661212831946,"0.5","10"
"98","GTX-680","bpnn_adjust_weights_cuda",1.26965905927792,1.2420631847106,0.978265130023945,"0.5","10"
"538","GTX-680","bpnn_adjust_weights_cuda",1.25943291476804,1.2269869009629,0.974237600570325,"0.5","10"
"458","GTX-680","bpnn_adjust_weights_cuda",1.16734905999188,1.15085690611525,0.985872131616964,"0.5","10"
"430","GTX-680","bpnn_adjust_weights_cuda",1.29448396762115,1.25747399846776,0.971409480473213,"0.5","10"
"168","GTX-680","bpnn_adjust_weights_cuda",1.38226497321198,1.36110711285646,0.984693339724614,"0.5","10"
"529","GTX-680","bpnn_adjust_weights_cuda",1.23641015418699,1.21092497712823,0.979387764673026,"0.5","10"
"5011","Tesla-K40","bpnn_adjust_weights_cuda",1.22345690351102,1.23485196232969,1.00931382117831,"0.5","10"
"1311","Tesla-K40","bpnn_adjust_weights_cuda",1.44601714118573,1.45993440950972,1.00962455279927,"0.5","10"
"2611","Tesla-K40","bpnn_adjust_weights_cuda",1.20437574057762,1.21437184393476,1.00829982124378,"0.5","10"
"3011","Tesla-K40","bpnn_adjust_weights_cuda",1.26572442719584,1.26662365691132,1.00071044667872,"0.5","10"
"2911","Tesla-K40","bpnn_adjust_weights_cuda",1.20750841138375,1.21545961661606,1.00658480318427,"0.5","10"
"2211","Tesla-K40","bpnn_adjust_weights_cuda",1.18530403363833,1.20230005889548,1.01433895842316,"0.5","10"
"2811","Tesla-K40","bpnn_adjust_weights_cuda",1.33977956989692,1.34629041748918,1.00485964089806,"0.5","10"
"2011","Tesla-K40","bpnn_adjust_weights_cuda",1.1678291488878,1.19416731817962,1.02255310146771,"0.5","10"
"2711","Tesla-K40","bpnn_adjust_weights_cuda",1.17033284184236,1.19434402956823,1.02051654612039,"0.5","10"
"4311","Tesla-K40","bpnn_adjust_weights_cuda",1.28483461435562,1.29195745006282,1.00554377631768,"0.5","10"
"1211","Tesla-K40","bpnn_adjust_weights_cuda",1.25283883884506,1.25596210051848,1.00249294767737,"0.5","10"
"1511","Tesla-K40","bpnn_adjust_weights_cuda",1.21983125174514,1.23135089103019,1.00944363350961,"0.5","10"
"3811","Tesla-K40","bpnn_adjust_weights_cuda",1.21669496262677,1.22271033833182,1.00494402943205,"0.5","10"
"1611","Tesla-K40","bpnn_adjust_weights_cuda",1.28976999263455,1.29685809583934,1.00549563352014,"0.5","10"
"3211","Tesla-K40","bpnn_adjust_weights_cuda",1.19607683227468,1.20720357319283,1.00930269746718,"0.5","10"
"3113","Tesla-K40","bpnn_adjust_weights_cuda",1.33250006770816,1.34131568289365,1.00661584595688,"0.5","10"
"3911","Tesla-K40","bpnn_adjust_weights_cuda",1.32588853988887,1.32807434760241,1.00164856068046,"0.5","10"
"1113","Tesla-K40","bpnn_adjust_weights_cuda",1.39394709965707,1.38832567476258,0.99596726095569,"0.5","10"
"3711","Tesla-K40","bpnn_adjust_weights_cuda",1.19041464124564,1.20401200032716,1.01142237218058,"0.5","10"
"4113","Tesla-K40","bpnn_adjust_weights_cuda",1.22670221005665,1.2387822948588,1.00984760987884,"0.5","10"
"1011","Tesla-K40","bpnn_adjust_weights_cuda",1.17997703828064,1.19857671789006,1.01576274707559,"0.5","10"
"2411","Tesla-K40","bpnn_adjust_weights_cuda",1.17511174143133,1.19690065544627,1.01854199328176,"0.5","10"
"1411","Tesla-K40","bpnn_adjust_weights_cuda",1.40601133368088,1.39787319688988,0.994211898157537,"0.5","10"
"3311","Tesla-K40","bpnn_adjust_weights_cuda",1.17748043739501,1.19749837282602,1.01700065223614,"0.5","10"
"4511","Tesla-K40","bpnn_adjust_weights_cuda",1.35577058097167,1.35459332714364,0.999131671800115,"0.5","10"
"1711","Tesla-K40","bpnn_adjust_weights_cuda",1.27055499676474,1.28055848914919,1.00787332497209,"0.5","10"
"5411","Tesla-K40","bpnn_adjust_weights_cuda",1.2752394010897,1.27649809005488,1.00098702170283,"0.5","10"
"5711","Tesla-K40","bpnn_adjust_weights_cuda",1.46150245967744,1.46549658069795,1.00273288696442,"0.5","10"
"2311","Tesla-K40","bpnn_adjust_weights_cuda",1.36434260729319,1.37024167213597,1.004323741567,"0.5","10"
"4911","Tesla-K40","bpnn_adjust_weights_cuda",1.24117792436859,1.24738942268059,1.0050045188446,"0.5","10"
"811","Tesla-K40","bpnn_adjust_weights_cuda",1.24512530014274,1.24667340628243,1.00124333361431,"0.5","10"
"1911","Tesla-K40","bpnn_adjust_weights_cuda",1.34776841564187,1.36268725206041,1.01106928775403,"0.5","10"
"1101","Tesla-K40","bpnn_adjust_weights_cuda",1.26147523651224,1.26320114938293,1.00136817023492,"0.5","10"
"5112","Tesla-K40","bpnn_adjust_weights_cuda",1.24846491955312,1.25071726067156,1.00180408843145,"0.5","10"
"911","Tesla-K40","bpnn_adjust_weights_cuda",1.31904271573005,1.32079714989274,1.00133008138537,"0.5","10"
"4101","Tesla-K40","bpnn_adjust_weights_cuda",1.25709331729866,1.25865355663863,1.00124114838453,"0.5","10"
"4811","Tesla-K40","bpnn_adjust_weights_cuda",1.30696573119974,1.31371790744452,1.00516629937847,"0.5","10"
"4211","Tesla-K40","bpnn_adjust_weights_cuda",1.18283671147731,1.19962104869152,1.01418990216599,"0.5","10"
"5611","Tesla-K40","bpnn_adjust_weights_cuda",1.27976708844277,1.28030246650953,1.00041834023675,"0.5","10"
"4011","Tesla-K40","bpnn_adjust_weights_cuda",1.19886373602944,1.20898876809242,1.0084455236727,"0.5","10"
"3101","Tesla-K40","bpnn_adjust_weights_cuda",1.4190077908004,1.41484842275797,0.997068819445961,"0.5","10"
"3511","Tesla-K40","bpnn_adjust_weights_cuda",1.16586699695625,1.19364249453028,1.02382389899237,"0.5","10"
"4411","Tesla-K40","bpnn_adjust_weights_cuda",1.17272404987024,1.19539964725035,1.01933583384993,"0.5","10"
"2113","Tesla-K40","bpnn_adjust_weights_cuda",1.43176501681676,1.43531529711196,1.00247965291336,"0.5","10"
"3411","Tesla-K40","bpnn_adjust_weights_cuda",1.18786085725824,1.2032145272596,1.01292547852515,"0.5","10"
"4711","Tesla-K40","bpnn_adjust_weights_cuda",1.2303361891606,1.24231764850677,1.00973836212551,"0.5","10"
"3611","Tesla-K40","bpnn_adjust_weights_cuda",1.30074532639413,1.31271543939949,1.00920250318219,"0.5","10"
"711","Tesla-K40","bpnn_adjust_weights_cuda",1.29569608384179,1.30940598679264,1.01058111012438,"0.5","10"
"611","Tesla-K40","bpnn_adjust_weights_cuda",1.21032346364866,1.21657516148849,1.00516531161098,"0.5","10"
"5311","Tesla-K40","bpnn_adjust_weights_cuda",1.2134745294664,1.21966012288556,1.00509742336485,"0.5","10"
"581","Tesla-K40","bpnn_adjust_weights_cuda",1.20165506647742,1.21337560156797,1.00975366011222,"0.5","10"
"1811","Tesla-K40","bpnn_adjust_weights_cuda",1.19337315554355,1.20685182521205,1.01129459767541,"0.5","10"
"5511","Tesla-K40","bpnn_adjust_weights_cuda",1.37333652892313,1.37513523341284,1.00130973323131,"0.5","10"
"5211","Tesla-K40","bpnn_adjust_weights_cuda",1.23733288597995,1.24802637166622,1.00864236763399,"0.5","10"
"4611","Tesla-K40","bpnn_adjust_weights_cuda",1.23343792703592,1.24396331941002,1.00853337824579,"0.5","10"
"2511","Tesla-K40","bpnn_adjust_weights_cuda",1.31213243586468,1.32151031208487,1.00714705007198,"0.5","10"
"2101","Tesla-K40","bpnn_adjust_weights_cuda",1.38298134350371,1.38183695643034,0.999172521683862,"0.5","10"
"1721","Tesla-K20","bpnn_adjust_weights_cuda",1.26441476331409,1.25328566295597,0.991198220171876,"0.5","10"
"1521","Tesla-K20","bpnn_adjust_weights_cuda",1.44907666541294,1.43285566745851,0.988805976701166,"0.5","10"
"5421","Tesla-K20","bpnn_adjust_weights_cuda",1.17375940992364,1.16860214262778,0.995606197273256,"0.5","10"
"2821","Tesla-K20","bpnn_adjust_weights_cuda",1.22323328181978,1.20454780111145,0.984724515768131,"0.5","10"
"5021","Tesla-K20","bpnn_adjust_weights_cuda",1.24440232411127,1.22359513927965,0.98327937482238,"0.5","10"
"2321","Tesla-K20","bpnn_adjust_weights_cuda",1.17857965593699,1.16980536238925,0.992555196839234,"0.5","10"
"4321","Tesla-K20","bpnn_adjust_weights_cuda",1.22637122313625,1.20991002418636,0.986577311470342,"0.5","10"
"5121","Tesla-K20","bpnn_adjust_weights_cuda",1.19377893866668,1.17854426998736,0.987238283248376,"0.5","10"
"3121","Tesla-K20","bpnn_adjust_weights_cuda",1.43428333470474,1.41841459468429,0.988936119080178,"0.5","10"
"821","Tesla-K20","bpnn_adjust_weights_cuda",1.16921705578587,1.16370695293854,0.995287356765738,"0.5","10"
"4021","Tesla-K20","bpnn_adjust_weights_cuda",1.288322302557,1.29212827402084,1.00295420754286,"0.5","10"
"3421","Tesla-K20","bpnn_adjust_weights_cuda",1.2370663933825,1.21967320650772,0.985939973013721,"0.5","10"
"3321","Tesla-K20","bpnn_adjust_weights_cuda",1.32261004328016,1.32535968488118,1.00207895109748,"0.5","10"
"4421","Tesla-K20","bpnn_adjust_weights_cuda",1.21061371290623,1.20074902691787,0.991851499877129,"0.5","10"
"3021","Tesla-K20","bpnn_adjust_weights_cuda",1.21707493967811,1.23135922693874,1.01173657167275,"0.5","10"
"3131","Tesla-K20","bpnn_adjust_weights_cuda",1.40875952144864,1.4010185459119,0.994505112179273,"0.5","10"
"5621","Tesla-K20","bpnn_adjust_weights_cuda",1.1910853592609,1.17461660621577,0.986173322577533,"0.5","10"
"2221","Tesla-K20","bpnn_adjust_weights_cuda",1.23003819145192,1.2445779892508,1.01182060679085,"0.5","10"
"3521","Tesla-K20","bpnn_adjust_weights_cuda",1.20766645392216,1.19461160953205,0.989190024822074,"0.5","10"
"4621","Tesla-K20","bpnn_adjust_weights_cuda",1.17154773766581,1.16450639384486,0.993989708148826,"0.5","10"
"2121","Tesla-K20","bpnn_adjust_weights_cuda",1.32903048534778,1.33044585908524,1.00106496709674,"0.5","10"
"3621","Tesla-K20","bpnn_adjust_weights_cuda",1.39706410198286,1.39366626860325,0.997567875822749,"0.5","10"
"4821","Tesla-K20","bpnn_adjust_weights_cuda",1.18333524453239,1.17270170739925,0.991013926795244,"0.5","10"
"2921","Tesla-K20","bpnn_adjust_weights_cuda",1.20194537651107,1.18784709793731,0.988270449847991,"0.5","10"
"4221","Tesla-K20","bpnn_adjust_weights_cuda",1.19630627618442,1.20197292473516,1.00473678744612,"0.5","10"
"4721","Tesla-K20","bpnn_adjust_weights_cuda",1.34337472844932,1.33717965035435,0.995388421440589,"0.5","10"
"1121","Tesla-K20","bpnn_adjust_weights_cuda",1.35887431405153,1.36176012271967,1.00212367592668,"0.5","10"
"4521","Tesla-K20","bpnn_adjust_weights_cuda",1.30425308076564,1.32308116797147,1.01443591545498,"0.5","10"
"1621","Tesla-K20","bpnn_adjust_weights_cuda",1.46564089743395,1.44841147052274,0.988244441771942,"0.5","10"
"3821","Tesla-K20","bpnn_adjust_weights_cuda",1.17609162288002,1.17138572281792,0.99599869604498,"0.5","10"
"2521","Tesla-K20","bpnn_adjust_weights_cuda",1.29302138089676,1.2941784690511,1.00089487163277,"0.5","10"
"921","Tesla-K20","bpnn_adjust_weights_cuda",1.20472499430228,1.18960832840547,0.987452185379814,"0.5","10"
"3921","Tesla-K20","bpnn_adjust_weights_cuda",1.25605798781612,1.23466977709148,0.982971955966917,"0.5","10"
"1131","Tesla-K20","bpnn_adjust_weights_cuda",1.21358289137434,1.24923408756131,1.02937681178629,"0.5","10"
"621","Tesla-K20","bpnn_adjust_weights_cuda",1.19918359799463,1.18685252721848,0.989717111877803,"0.5","10"
"2421","Tesla-K20","bpnn_adjust_weights_cuda",1.18837733239284,1.17346405335299,0.987450720715267,"0.5","10"
"1821","Tesla-K20","bpnn_adjust_weights_cuda",1.27788895570659,1.28179774060154,1.00305878290715,"0.5","10"
"1921","Tesla-K20","bpnn_adjust_weights_cuda",1.37718481901841,1.37501932961928,0.998427597102995,"0.5","10"
"3721","Tesla-K20","bpnn_adjust_weights_cuda",1.27361586140636,1.27035350875457,0.997438511288489,"0.5","10"
"721","Tesla-K20","bpnn_adjust_weights_cuda",1.2521500238011,1.23552954689148,0.986726449232366,"0.5","10"
"2721","Tesla-K20","bpnn_adjust_weights_cuda",1.35161616004093,1.35456733694018,1.00218344304138,"0.5","10"
"591","Tesla-K20","bpnn_adjust_weights_cuda",1.31026422249142,1.3054207540344,0.996303441417483,"0.5","10"
"1221","Tesla-K20","bpnn_adjust_weights_cuda",1.18588862411821,1.17486223794029,0.990702005269582,"0.5","10"
"2021","Tesla-K20","bpnn_adjust_weights_cuda",1.24817737816963,1.22796856862561,0.983809344811511,"0.5","10"
"5321","Tesla-K20","bpnn_adjust_weights_cuda",1.4209268149876,1.40635166598399,0.989742505490165,"0.5","10"
"2131","Tesla-K20","bpnn_adjust_weights_cuda",1.18093062755825,1.18605454498088,1.00433888096647,"0.5","10"
"1321","Tesla-K20","bpnn_adjust_weights_cuda",1.33617850564061,1.33208242982119,0.996934484575134,"0.5","10"
"5521","Tesla-K20","bpnn_adjust_weights_cuda",1.31623127776289,1.31750513697098,1.00096780803618,"0.5","10"
"4921","Tesla-K20","bpnn_adjust_weights_cuda",1.26017711686866,1.25147997652385,0.993098477802531,"0.5","10"
"1421","Tesla-K20","bpnn_adjust_weights_cuda",1.2407222366637,1.26860094967544,1.02246974559488,"0.5","10"
"5221","Tesla-K20","bpnn_adjust_weights_cuda",1.26896951024271,1.2548408906082,0.988866068474876,"0.5","10"
"1021","Tesla-K20","bpnn_adjust_weights_cuda",1.36795858015154,1.37587329187464,1.00578578316474,"0.5","10"
"4121","Tesla-K20","bpnn_adjust_weights_cuda",1.38660339215261,1.37931967304685,0.994747078258297,"0.5","10"
"5721","Tesla-K20","bpnn_adjust_weights_cuda",1.21992545700183,1.20816806707676,0.990362206266306,"0.5","10"
"2621","Tesla-K20","bpnn_adjust_weights_cuda",1.29858079283432,1.32049111990636,1.01687251743822,"0.5","10"
"3221","Tesla-K20","bpnn_adjust_weights_cuda",1.28286155386279,1.28894701585722,1.00474366230409,"0.5","10"
"4131","Tesla-K20","bpnn_adjust_weights_cuda",1.23324208794142,1.21652367512294,0.986443527202033,"0.5","10"
"2031","Titan","bpnn_adjust_weights_cuda",1.40517100994764,1.38141386727066,0.98309305948614,"0.5","10"
"3631","Titan","bpnn_adjust_weights_cuda",1.24889244559328,1.2163610427233,0.97395179786316,"0.5","10"
"3031","Titan","bpnn_adjust_weights_cuda",1.26949237781443,1.23737045532637,0.974697033988214,"0.5","10"
"4831","Titan","bpnn_adjust_weights_cuda",1.25881695563936,1.22584809121581,0.973809643827995,"0.5","10"
"2931","Titan","bpnn_adjust_weights_cuda",1.49419464015562,1.45580122458772,0.974304943588941,"0.5","10"
"1531","Titan","bpnn_adjust_weights_cuda",1.23375840726043,1.19861856076495,0.971518049004827,"0.5","10"
"1231","Titan","bpnn_adjust_weights_cuda",1.2174601180148,1.180852949402,0.969931525418269,"0.5","10"
"3531","Titan","bpnn_adjust_weights_cuda",1.26214987309633,1.23391012163454,0.977625674998081,"0.5","10"
"1141","Titan","bpnn_adjust_weights_cuda",1.27696066165161,1.25005247930087,0.978927947305807,"0.5","10"
"1331","Titan","bpnn_adjust_weights_cuda",1.25227287065337,1.2218063128351,0.975670991097677,"0.5","10"
"5231","Titan","bpnn_adjust_weights_cuda",1.32237319377996,1.29110379127613,0.976353572009086,"0.5","10"
"4331","Titan","bpnn_adjust_weights_cuda",1.23096568284287,1.19591940929671,0.971529447136806,"0.5","10"
"3141","Titan","bpnn_adjust_weights_cuda",1.21998543740127,1.18179866925499,0.968698996745709,"0.5","10"
"5131","Titan","bpnn_adjust_weights_cuda",1.35084745693229,1.32548446903562,0.981224387871094,"0.5","10"
"3151","Titan","bpnn_adjust_weights_cuda",1.20490269531109,1.16371869479289,0.965819646118753,"0.5","10"
"5631","Titan","bpnn_adjust_weights_cuda",1.20750560078435,1.16706912078444,0.966512387210756,"0.5","10"
"1731","Titan","bpnn_adjust_weights_cuda",1.37183375827485,1.34143726014016,0.977842433202026,"0.5","10"
"2831","Titan","bpnn_adjust_weights_cuda",1.22267353614071,1.18639992165425,0.970332543058908,"0.5","10"
"631","Titan","bpnn_adjust_weights_cuda",1.25538351217865,1.22695947986847,0.977358287698986,"0.5","10"
"3831","Titan","bpnn_adjust_weights_cuda",1.41501128390154,1.38265545756329,0.977133873979412,"0.5","10"
"4431","Titan","bpnn_adjust_weights_cuda",1.47801723356761,1.45161584084443,0.982137290334939,"0.5","10"
"1631","Titan","bpnn_adjust_weights_cuda",1.23658285223764,1.20100259697027,0.971226954018496,"0.5","10"
"4631","Titan","bpnn_adjust_weights_cuda",1.31698966682037,1.28462406873919,0.975424561865152,"0.5","10"
"3731","Titan","bpnn_adjust_weights_cuda",1.20264023895667,1.16287910838568,0.966938466481477,"0.5","10"
"2731","Titan","bpnn_adjust_weights_cuda",1.29797862410762,1.27254676665439,0.98040656681021,"0.5","10"
"4231","Titan","bpnn_adjust_weights_cuda",1.39634500765166,1.36828106705072,0.979901857744934,"0.5","10"
"5101","Titan","bpnn_adjust_weights_cuda",1.32759279672484,1.29519946227845,0.975599947117592,"0.5","10"
"831","Titan","bpnn_adjust_weights_cuda",1.302418770816,1.27227217228564,0.976853375269254,"0.5","10"
"2141","Titan","bpnn_adjust_weights_cuda",1.34474709890179,1.32038883295453,0.981886359177018,"0.5","10"
"2151","Titan","bpnn_adjust_weights_cuda",1.42500605476372,1.40049572578931,0.982799842223496,"0.5","10"
"931","Titan","bpnn_adjust_weights_cuda",1.28920000372365,1.26986423953431,0.985001734305395,"0.5","10"
"4931","Titan","bpnn_adjust_weights_cuda",1.28480219429499,1.25641230235973,0.9779032974404,"0.5","10"
"4031","Titan","bpnn_adjust_weights_cuda",1.3875259778267,1.36382832637951,0.982920931336866,"0.5","10"
"2531","Titan","bpnn_adjust_weights_cuda",1.24561243730983,1.21432054764978,0.974878309879731,"0.5","10"
"5331","Titan","bpnn_adjust_weights_cuda",1.35751390478554,1.33017620429969,0.979861937038381,"0.5","10"
"1031","Titan","bpnn_adjust_weights_cuda",1.20982633186176,1.17243679638639,0.969095121761954,"0.5","10"
"4531","Titan","bpnn_adjust_weights_cuda",1.29357307387223,1.2626759049518,0.976114863903326,"0.5","10"
"1931","Titan","bpnn_adjust_weights_cuda",1.36460394058853,1.33608954883483,0.97910427274495,"0.5","10"
"5731","Titan","bpnn_adjust_weights_cuda",1.44879560183221,1.42734604647728,0.985194905804657,"0.5","10"
"3231","Titan","bpnn_adjust_weights_cuda",1.33853813333424,1.31509314048052,0.982484628364437,"0.5","10"
"3431","Titan","bpnn_adjust_weights_cuda",1.27319339961455,1.24227447031095,0.975715449582948,"0.5","10"
"5031","Titan","bpnn_adjust_weights_cuda",1.30692690796735,1.27405095481073,0.974844841776379,"0.5","10"
"731","Titan","bpnn_adjust_weights_cuda",1.24238009929874,1.21311583151166,0.976444996339198,"0.5","10"
"4731","Titan","bpnn_adjust_weights_cuda",1.26593630607253,1.23421974624177,0.974946164606686,"0.5","10"
"1151","Titan","bpnn_adjust_weights_cuda",1.19808425574836,1.16335780734466,0.971015019822616,"0.5","10"
"2431","Titan","bpnn_adjust_weights_cuda",1.2397330995564,1.20790778759979,0.974328900335079,"0.5","10"
"2331","Titan","bpnn_adjust_weights_cuda",1.46273271059805,1.44298566676052,0.986499895917786,"0.5","10"
"4141","Titan","bpnn_adjust_weights_cuda",1.21484579046538,1.1764538351817,0.968397671881484,"0.5","10"
"2231","Titan","bpnn_adjust_weights_cuda",1.37885988802441,1.35507805025137,0.982752534917003,"0.5","10"
"3931","Titan","bpnn_adjust_weights_cuda",1.31201985150404,1.28612618149115,0.98026426964256,"0.5","10"
"2631","Titan","bpnn_adjust_weights_cuda",1.33313284235727,1.3023863536366,0.976936665466665,"0.5","10"
"5431","Titan","bpnn_adjust_weights_cuda",1.2002249305195,1.16354686196117,0.969440670972845,"0.5","10"
"1831","Titan","bpnn_adjust_weights_cuda",1.22533192649595,1.19007963334529,0.971230413255066,"0.5","10"
"1431","Titan","bpnn_adjust_weights_cuda",1.22805892437615,1.19227928617833,0.970864884829534,"0.5","10"
"5531","Titan","bpnn_adjust_weights_cuda",1.43657645916355,1.40850341671477,0.980458372215618,"0.5","10"
"4151","Titan","bpnn_adjust_weights_cuda",1.2811265838331,1.25217513051129,0.977401566958995,"0.5","10"
"3331","Titan","bpnn_adjust_weights_cuda",1.21225877923692,1.1747157452186,0.969030511751009,"0.5","10"
"4161","Quadro","bpnn_adjust_weights_cuda",1.14104468528891,1.17648524736078,1.03105974948115,"0.5","10"
"3841","Quadro","bpnn_adjust_weights_cuda",1.22957925614057,1.28034203172224,1.04128467142574,"0.5","10"
"741","Quadro","bpnn_adjust_weights_cuda",1.19006147125478,1.24043326403971,1.04232705116638,"0.5","10"
"2341","Quadro","bpnn_adjust_weights_cuda",1.24775267378079,1.29582213406243,1.03852483051468,"0.5","10"
"5741","Quadro","bpnn_adjust_weights_cuda",1.1773614532608,1.22839502654221,1.04334571438539,"0.5","10"
"3161","Quadro","bpnn_adjust_weights_cuda",1.24320572579084,1.29195579244366,1.03921319347351,"0.5","10"
"5541","Quadro","bpnn_adjust_weights_cuda",1.13880075317713,1.17881235199848,1.0351348545474,"0.5","10"
"941","Quadro","bpnn_adjust_weights_cuda",1.20661008826062,1.26039684547012,1.04457675079365,"0.5","10"
"1641","Quadro","bpnn_adjust_weights_cuda",1.18613904708058,1.2418514580863,1.04696954471134,"0.5","10"
"3541","Quadro","bpnn_adjust_weights_cuda",1.25295919794401,1.29951682772631,1.03715813719928,"0.5","10"
"2041","Quadro","bpnn_adjust_weights_cuda",1.17164844602472,1.21865458606615,1.04011966234489,"0.5","10"
"2741","Quadro","bpnn_adjust_weights_cuda",1.36550326473802,1.40998588520737,1.03257598983323,"0.5","10"
"4441","Quadro","bpnn_adjust_weights_cuda",1.22189868263948,1.26344410841754,1.03400071247177,"0.5","10"
"2161","Quadro","bpnn_adjust_weights_cuda",1.18028892198071,1.23348642903915,1.04507159735869,"0.5","10"
"1541","Quadro","bpnn_adjust_weights_cuda",1.33687369559593,1.37818599047557,1.03090216750897,"0.5","10"
"641","Quadro","bpnn_adjust_weights_cuda",1.3550290946821,1.4010247531289,1.03394440652773,"0.5","10"
"2441","Quadro","bpnn_adjust_weights_cuda",1.34548577157785,1.39309524194715,1.03538459593926,"0.5","10"
"4341","Quadro","bpnn_adjust_weights_cuda",1.14613431472962,1.18550078879467,1.03434717341513,"0.5","10"
"3171","Quadro","bpnn_adjust_weights_cuda",1.37406478293963,1.42022610293308,1.03359471879826,"0.5","10"
"5341","Quadro","bpnn_adjust_weights_cuda",1.21033950983032,1.26308278369069,1.04357725533372,"0.5","10"
"3041","Quadro","bpnn_adjust_weights_cuda",1.31209336616849,1.35840205295044,1.03529374355209,"0.5","10"
"4041","Quadro","bpnn_adjust_weights_cuda",1.28486418008551,1.32663021944729,1.03250619015545,"0.5","10"
"4241","Quadro","bpnn_adjust_weights_cuda",1.32049329355204,1.36605221100465,1.03450143796646,"0.5","10"
"4741","Quadro","bpnn_adjust_weights_cuda",1.17437618318009,1.21853615262648,1.03760291640692,"0.5","10"
"3941","Quadro","bpnn_adjust_weights_cuda",1.15822004181178,1.2039381360533,1.03947271899215,"0.5","10"
"1241","Quadro","bpnn_adjust_weights_cuda",1.1555223545602,1.1971832259693,1.03605371306291,"0.5","10"
"3741","Quadro","bpnn_adjust_weights_cuda",1.41718664931882,1.45466752299016,1.02644737987714,"0.5","10"
"1741","Quadro","bpnn_adjust_weights_cuda",1.1930779587433,1.24044318933192,1.03970002986101,"0.5","10"
"1941","Quadro","bpnn_adjust_weights_cuda",1.16608240118855,1.21352483327934,1.04068531695739,"0.5","10"
"2841","Quadro","bpnn_adjust_weights_cuda",1.1833829033864,1.23489706154818,1.04353126787143,"0.5","10"
"3241","Quadro","bpnn_adjust_weights_cuda",1.15292304974491,1.19687701376282,1.0381239355286,"0.5","10"
"3641","Quadro","bpnn_adjust_weights_cuda",1.27967684165995,1.32718089586666,1.03712191442419,"0.5","10"
"4541","Quadro","bpnn_adjust_weights_cuda",1.21409238823863,1.266202840993,1.04292132399411,"0.5","10"
"1341","Quadro","bpnn_adjust_weights_cuda",1.2340175887647,1.28433899957884,1.04077851991114,"0.5","10"
"5641","Quadro","bpnn_adjust_weights_cuda",1.25795259803472,1.30257280446658,1.03547049904867,"0.5","10"
"3441","Quadro","bpnn_adjust_weights_cuda",1.21763471341236,1.26631266040345,1.03997746323663,"0.5","10"
"2241","Quadro","bpnn_adjust_weights_cuda",1.16006862049143,1.20304543740983,1.03704678857721,"0.5","10"
"2171","Quadro","bpnn_adjust_weights_cuda",1.29234722557698,1.33454076427725,1.03264876332398,"0.5","10"
"4841","Quadro","bpnn_adjust_weights_cuda",1.29824699389751,1.34058817560912,1.03261411881609,"0.5","10"
"1841","Quadro","bpnn_adjust_weights_cuda",1.27384391519614,1.31930525884572,1.03568831558345,"0.5","10"
"1161","Quadro","bpnn_adjust_weights_cuda",1.14349767039293,1.18612128963173,1.03727477575372,"0.5","10"
"5141","Quadro","bpnn_adjust_weights_cuda",1.20295539654408,1.2406081584108,1.03130021443429,"0.5","10"
"5041","Quadro","bpnn_adjust_weights_cuda",1.22567902407797,1.27772759163701,1.04246508795253,"0.5","10"
"1171","Quadro","bpnn_adjust_weights_cuda",1.30548007161503,1.34904360021077,1.03336973849156,"0.5","10"
"5151","Quadro","bpnn_adjust_weights_cuda",1.32796242140807,1.37315854277068,1.03403418698752,"0.5","10"
"2641","Quadro","bpnn_adjust_weights_cuda",1.40276187051156,1.44255894270209,1.02837051179329,"0.5","10"
"1041","Quadro","bpnn_adjust_weights_cuda",1.43352512169484,1.46330592006481,1.0207745214362,"0.5","10"
"5241","Quadro","bpnn_adjust_weights_cuda",1.16880400221968,1.21795652323103,1.04205368985562,"0.5","10"
"4941","Quadro","bpnn_adjust_weights_cuda",1.38919793364058,1.42734735765019,1.02746147477317,"0.5","10"
"4171","Quadro","bpnn_adjust_weights_cuda",1.23812835872494,1.28797309993381,1.04025813709671,"0.5","10"
"3341","Quadro","bpnn_adjust_weights_cuda",1.19644171804789,1.24420282492171,1.03991929247648,"0.5","10"
"4641","Quadro","bpnn_adjust_weights_cuda",1.14815844441796,1.19043340144789,1.03681979367522,"0.5","10"
"2941","Quadro","bpnn_adjust_weights_cuda",1.26275299303379,1.30429785189189,1.03290022600404,"0.5","10"
"5441","Quadro","bpnn_adjust_weights_cuda",1.15046653064982,1.19215369366031,1.03623500719046,"0.5","10"
"1441","Quadro","bpnn_adjust_weights_cuda",1.26777226241936,1.31622550512968,1.0382192008349,"0.5","10"
"841","Quadro","bpnn_adjust_weights_cuda",1.19921971258237,1.23818454942065,1.03249182483364,"0.5","10"
"2541","Quadro","bpnn_adjust_weights_cuda",1.1629450940703,1.21453962938086,1.04436540948806,"0.5","10"
"5651","GTX-750","bpnn_adjust_weights_cuda",1.08826783173763,1.25120671349354,1.14972314443563,"0.5","10"
"2751","GTX-750","bpnn_adjust_weights_cuda",1.17636397134809,1.33185098233604,1.13217593769874,"0.5","10"
"5551","GTX-750","bpnn_adjust_weights_cuda",1.03890102466565,1.21907266384284,1.17342522040073,"0.5","10"
"3851","GTX-750","bpnn_adjust_weights_cuda",1.00233201384195,1.19488002247368,1.19210002870576,"0.5","10"
"3251","GTX-750","bpnn_adjust_weights_cuda",1.00484240582772,1.19501905955503,1.18926017913292,"0.5","10"
"5161","GTX-750","bpnn_adjust_weights_cuda",1.28618449728563,1.41097230284035,1.09702169931147,"0.5","10"
"4951","GTX-750","bpnn_adjust_weights_cuda",1.08385654849693,1.25063063674465,1.15387099748486,"0.5","10"
"3051","GTX-750","bpnn_adjust_weights_cuda",1.01413419329659,1.20244682411037,1.18568807960378,"0.5","10"
"1451","GTX-750","bpnn_adjust_weights_cuda",1.04488053649329,1.21994916522788,1.16754894231463,"0.5","10"
"2951","GTX-750","bpnn_adjust_weights_cuda",1.16167885022181,1.32587848942492,1.14134684398512,"0.5","10"
"3351","GTX-750","bpnn_adjust_weights_cuda",1.14870987052585,1.32246776498646,1.15126351650576,"0.5","10"
"5451","GTX-750","bpnn_adjust_weights_cuda",1.10540580326255,1.26220351581988,1.14184629038001,"0.5","10"
"1051","GTX-750","bpnn_adjust_weights_cuda",1.0095597502574,1.19685151111529,1.18551825269395,"0.5","10"
"4451","GTX-750","bpnn_adjust_weights_cuda",1.16926941882103,1.33114480210324,1.1384414752294,"0.5","10"
"2181","GTX-750","bpnn_adjust_weights_cuda",1.14281299260306,1.31812923932821,1.15340764224759,"0.5","10"
"1551","GTX-750","bpnn_adjust_weights_cuda",1.05384220994395,1.22686272641491,1.16418066655365,"0.5","10"
"1851","GTX-750","bpnn_adjust_weights_cuda",1,1.19302036057501,1.19302036057501,"0.5","10"
"4251","GTX-750","bpnn_adjust_weights_cuda",1.3024564158007,1.42260011726121,1.09224393231358,"0.5","10"
"4181","GTX-750","bpnn_adjust_weights_cuda",1.05130803039665,1.22388853871185,1.16415789029034,"0.5","10"
"2451","GTX-750","bpnn_adjust_weights_cuda",1.19268935102827,1.33939170511026,1.12300131124296,"0.5","10"
"851","GTX-750","bpnn_adjust_weights_cuda",1.12514091605655,1.28986765213786,1.14640542684969,"0.5","10"
"2051","GTX-750","bpnn_adjust_weights_cuda",1.09645438559706,1.25350068606095,1.14323103863402,"0.5","10"
"4751","GTX-750","bpnn_adjust_weights_cuda",1.21106802336567,1.35912110843523,1.1222500158646,"0.5","10"
"651","GTX-750","bpnn_adjust_weights_cuda",1.23275831015796,1.38570798596641,1.12407109694426,"0.5","10"
"5351","GTX-750","bpnn_adjust_weights_cuda",1.01947685969189,1.20688046263578,1.18382330227733,"0.5","10"
"1751","GTX-750","bpnn_adjust_weights_cuda",1.10099728960823,1.26005538374584,1.14446728946463,"0.5","10"
"1251","GTX-750","bpnn_adjust_weights_cuda",1.07203520326609,1.24286410104278,1.15935008221395,"0.5","10"
"5171","GTX-750","bpnn_adjust_weights_cuda",1.13101969042397,1.2980139198702,1.14764926805441,"0.5","10"
"2191","GTX-750","bpnn_adjust_weights_cuda",1.02486067089485,1.21324590980427,1.18381546317407,"0.5","10"
"2651","GTX-750","bpnn_adjust_weights_cuda",1.06486556712007,1.2344568827956,1.15926077517389,"0.5","10"
"5751","GTX-750","bpnn_adjust_weights_cuda",1.11024014030577,1.26436192509299,1.13881842242236,"0.5","10"
"3751","GTX-750","bpnn_adjust_weights_cuda",1.20159027140298,1.35036237847406,1.12381267609413,"0.5","10"
"951","GTX-750","bpnn_adjust_weights_cuda",1.22120258389628,1.37000649298809,1.12185030645533,"0.5","10"
"751","GTX-750","bpnn_adjust_weights_cuda",1.04787009598117,1.22209213399645,1.16626301168767,"0.5","10"
"2551","GTX-750","bpnn_adjust_weights_cuda",1.24457965538877,1.39518470303507,1.12100876548497,"0.5","10"
"2251","GTX-750","bpnn_adjust_weights_cuda",1.00711061368922,1.19582097094815,1.18737798479519,"0.5","10"
"2851","GTX-750","bpnn_adjust_weights_cuda",1.13714462347301,1.30532866023655,1.14790030510796,"0.5","10"
"3451","GTX-750","bpnn_adjust_weights_cuda",1.02746445889671,1.21420544837944,1.18174934214587,"0.5","10"
"3551","GTX-750","bpnn_adjust_weights_cuda",1.03556598755853,1.21887450548379,1.1770128800362,"0.5","10"
"4851","GTX-750","bpnn_adjust_weights_cuda",1.18429905843074,1.33810603311777,1.1298717360215,"0.5","10"
"1351","GTX-750","bpnn_adjust_weights_cuda",1.11523970240026,1.26911550808173,1.13797554494366,"0.5","10"
"3951","GTX-750","bpnn_adjust_weights_cuda",1.01716321405688,1.20455246117427,1.18422731428716,"0.5","10"
"1651","GTX-750","bpnn_adjust_weights_cuda",1.03028272180075,1.21350674633307,1.1778385880451,"0.5","10"
"4351","GTX-750","bpnn_adjust_weights_cuda",1.06873265949205,1.23929155215723,1.1595898573421,"0.5","10"
"1951","GTX-750","bpnn_adjust_weights_cuda",1.02230241595328,1.20795806973747,1.18160541429521,"0.5","10"
"5051","GTX-750","bpnn_adjust_weights_cuda",1.05762680908451,1.22771394013316,1.16081961008145,"0.5","10"
"5251","GTX-750","bpnn_adjust_weights_cuda",1.27067440904541,1.40733025214428,1.10754591587434,"0.5","10"
"3181","GTX-750","bpnn_adjust_weights_cuda",1.01190288705631,1.19921987048026,1.18511359718408,"0.5","10"
"1181","GTX-750","bpnn_adjust_weights_cuda",1.03315634405847,1.21475778996704,1.1757734412153,"0.5","10"
"1191","GTX-750","bpnn_adjust_weights_cuda",1.06151191937344,1.23005575011676,1.15877714387117,"0.5","10"
"4551","GTX-750","bpnn_adjust_weights_cuda",1.25665219039298,1.39882222627745,1.11313395780579,"0.5","10"
"3651","GTX-750","bpnn_adjust_weights_cuda",1.12072646330978,1.28219456057051,1.14407449323885,"0.5","10"
"4651","GTX-750","bpnn_adjust_weights_cuda",1.15524720016856,1.32344739691241,1.14559671446882,"0.5","10"
"4051","GTX-750","bpnn_adjust_weights_cuda",1.09230385257068,1.2506549920476,1.14496986264788,"0.5","10"
"2351","GTX-750","bpnn_adjust_weights_cuda",1.0758704885988,1.24652713142413,1.15862192023465,"0.5","10"
"4191","GTX-750","bpnn_adjust_weights_cuda",1.04176967493969,1.22022772853909,1.17130279167488,"0.5","10"
"3191","GTX-750","bpnn_adjust_weights_cuda",1.07980903224278,1.24825288146357,1.15599411024644,"0.5","10"
"1261","GTX-980","bpnn_adjust_weights_cuda",1.35341245791957,1.32384620113452,0.978154289468785,"0.5","10"
"2661","GTX-980","bpnn_adjust_weights_cuda",1.31132558436265,1.29832709399958,0.99008751867722,"0.5","10"
"21101","GTX-980","bpnn_adjust_weights_cuda",1.25903104730287,1.25366711554162,0.995739635037008,"0.5","10"
"4561","GTX-980","bpnn_adjust_weights_cuda",1.24530569398322,1.24661020827915,1.00104754543582,"0.5","10"
"4201","GTX-980","bpnn_adjust_weights_cuda",1.4851943555958,1.46249266721581,0.984714668289402,"0.5","10"
"3961","GTX-980","bpnn_adjust_weights_cuda",1.37121629070972,1.34621295925794,0.981765581680165,"0.5","10"
"861","GTX-980","bpnn_adjust_weights_cuda",1.21754498147527,1.1976577169343,0.983666094605496,"0.5","10"
"3761","GTX-980","bpnn_adjust_weights_cuda",1.26144922593763,1.2537636129618,0.993907314842483,"0.5","10"
"4461","GTX-980","bpnn_adjust_weights_cuda",1.2122245232738,1.19646017425527,0.986995520453618,"0.5","10"
"3061","GTX-980","bpnn_adjust_weights_cuda",1.21515641451483,1.19678563503362,0.984881963126904,"0.5","10"
"2561","GTX-980","bpnn_adjust_weights_cuda",1.358057180617,1.33184748300823,0.980700593478051,"0.5","10"
"1361","GTX-980","bpnn_adjust_weights_cuda",1.30793632521849,1.29161444145871,0.987520888100531,"0.5","10"
"1201","GTX-980","bpnn_adjust_weights_cuda",1.24899093862945,1.24289977440184,0.99512313177044,"0.5","10"
"4261","GTX-980","bpnn_adjust_weights_cuda",1.31955325699363,1.30668305143793,0.990246543299798,"0.5","10"
"1561","GTX-980","bpnn_adjust_weights_cuda",1.21997319450604,1.19886565398536,0.982698357131338,"0.5","10"
"2861","GTX-980","bpnn_adjust_weights_cuda",1.39149095809247,1.3810670251914,0.992508802992609,"0.5","10"
"1861","GTX-980","bpnn_adjust_weights_cuda",1.22750944308908,1.20575459112976,0.982277242686966,"0.5","10"
"4861","GTX-980","bpnn_adjust_weights_cuda",1.21106802336567,1.19566093831375,0.987278101019376,"0.5","10"
"661","GTX-980","bpnn_adjust_weights_cuda",1.27154263994102,1.25943209639617,0.990475707880769,"0.5","10"
"5761","GTX-980","bpnn_adjust_weights_cuda",1.26895325417552,1.25954521363941,0.992585983364514,"0.5","10"
"4061","GTX-980","bpnn_adjust_weights_cuda",1.5010256217397,1.4612411924677,0.973495169772059,"0.5","10"
"4761","GTX-980","bpnn_adjust_weights_cuda",1.22945576638394,1.20844767718059,0.982912692121374,"0.5","10"
"3261","GTX-980","bpnn_adjust_weights_cuda",1.45789748772715,1.43725617741259,0.985841727221343,"0.5","10"
"5181","GTX-980","bpnn_adjust_weights_cuda",1.24313829913355,1.22528847178717,0.985641318139089,"0.5","10"
"4961","GTX-980","bpnn_adjust_weights_cuda",1.34598464561286,1.31426943984285,0.976437171201483,"0.5","10"
"3361","GTX-980","bpnn_adjust_weights_cuda",1.32699366423615,1.30555591132074,0.983844871687653,"0.5","10"
"1761","GTX-980","bpnn_adjust_weights_cuda",1.20821614988987,1.19426970922751,0.988456998639165,"0.5","10"
"761","GTX-980","bpnn_adjust_weights_cuda",1.29821564129321,1.28057483874122,0.98641150053128,"0.5","10"
"31101","GTX-980","bpnn_adjust_weights_cuda",1.28522517269061,1.27778549930381,0.994211385253819,"0.5","10"
"2761","GTX-980","bpnn_adjust_weights_cuda",1.33618121480954,1.31762018200829,0.986108895563324,"0.5","10"
"2061","GTX-980","bpnn_adjust_weights_cuda",1.22244239196487,1.20114977758749,0.982581907730513,"0.5","10"
"5191","GTX-980","bpnn_adjust_weights_cuda",1.23275831015796,1.21342006152407,0.984313025128651,"0.5","10"
"2461","GTX-980","bpnn_adjust_weights_cuda",1.38567708803543,1.36409488497207,0.984424796188299,"0.5","10"
"5361","GTX-980","bpnn_adjust_weights_cuda",1.25200746769553,1.24513306974629,0.994509299563611,"0.5","10"
"2201","GTX-980","bpnn_adjust_weights_cuda",1.27776896157245,1.26406027604365,0.989271389475657,"0.5","10"
"2261","GTX-980","bpnn_adjust_weights_cuda",1.36614191579006,1.34735527079331,0.986248394270305,"0.5","10"
"11101","GTX-980","bpnn_adjust_weights_cuda",1.25508750727986,1.25086221654772,0.996633469214191,"0.5","10"
"2961","GTX-980","bpnn_adjust_weights_cuda",1.23751081778369,1.23141110045461,0.995070978579403,"0.5","10"
"1661","GTX-980","bpnn_adjust_weights_cuda",1.34170249181603,1.32553978622443,0.987953584576168,"0.5","10"
"1061","GTX-980","bpnn_adjust_weights_cuda",1.26473692556608,1.25734893422847,0.994158475815589,"0.5","10"
"5461","GTX-980","bpnn_adjust_weights_cuda",1.47091019152627,1.4529561616373,0.987793931952883,"0.5","10"
"5561","GTX-980","bpnn_adjust_weights_cuda",1.44594827958102,1.42177525051235,0.983282231176577,"0.5","10"
"5061","GTX-980","bpnn_adjust_weights_cuda",1.2347762245854,1.21465752865091,0.983706605671612,"0.5","10"
"5661","GTX-980","bpnn_adjust_weights_cuda",1.32956033492101,1.31218095378385,0.986928475014871,"0.5","10"
"2361","GTX-980","bpnn_adjust_weights_cuda",1.27506802682975,1.26139817589631,0.989279120293348,"0.5","10"
"5261","GTX-980","bpnn_adjust_weights_cuda",1.28238437514899,1.26597096152088,0.987200862747404,"0.5","10"
"3461","GTX-980","bpnn_adjust_weights_cuda",1.29308190484847,1.27567347679967,0.986537258016273,"0.5","10"
"3561","GTX-980","bpnn_adjust_weights_cuda",1.40386140602443,1.38479850596946,0.986421095434941,"0.5","10"
"961","GTX-980","bpnn_adjust_weights_cuda",1.29107781218651,1.27561931570787,0.988026673270409,"0.5","10"
"41101","GTX-980","bpnn_adjust_weights_cuda",1.24029750159193,1.23690323486232,0.997263344701368,"0.5","10"
"3861","GTX-980","bpnn_adjust_weights_cuda",1.42463115501841,1.40163215862718,0.983856174764809,"0.5","10"
"1461","GTX-980","bpnn_adjust_weights_cuda",1.22495398114438,1.20369910551209,0.98264842928023,"0.5","10"
"4661","GTX-980","bpnn_adjust_weights_cuda",1.38192569078737,1.36150477169835,0.985222852990462,"0.5","10"
"1961","GTX-980","bpnn_adjust_weights_cuda",1.3159703070601,1.29467367285309,0.983816782116773,"0.5","10"
"4361","GTX-980","bpnn_adjust_weights_cuda",1.43490179069873,1.42144713704263,0.990623293006315,"0.5","10"
"3201","GTX-980","bpnn_adjust_weights_cuda",1.3013846419484,1.29385943188519,0.994217535830188,"0.5","10"
"3661","GTX-980","bpnn_adjust_weights_cuda",1.41273057458632,1.39505607708136,0.987489123670917,"0.5","10"
"1271","GTX-970","bpnn_adjust_weights_cuda",1.35537619849839,1.36526642786295,1.00729703633244,"0.5","10"
"2471","GTX-970","bpnn_adjust_weights_cuda",1.44583358221997,1.45346935295306,1.00528122380541,"0.5","10"
"3971","GTX-970","bpnn_adjust_weights_cuda",1.36324486119085,1.36393118766124,1.00050345061986,"0.5","10"
"2771","GTX-970","bpnn_adjust_weights_cuda",1.29632294838606,1.26878259270199,0.978755019558703,"0.5","10"
"4571","GTX-970","bpnn_adjust_weights_cuda",1.45520809317208,1.4656160161772,1.00715218878589,"0.5","10"
"971","GTX-970","bpnn_adjust_weights_cuda",1.4787081822505,1.45035233479002,0.980823905757165,"0.5","10"
"1471","GTX-970","bpnn_adjust_weights_cuda",1.21543683789422,1.23210663432503,1.01371506598376,"0.5","10"
"5771","GTX-970","bpnn_adjust_weights_cuda",1.2273606443986,1.23629109060083,1.00727613863374,"0.5","10"
"5201","GTX-970","bpnn_adjust_weights_cuda",1.19940892872085,1.22222574213405,1.01902338132294,"0.5","10"
"3571","GTX-970","bpnn_adjust_weights_cuda",1.1970621836265,1.21873778672933,1.01810733260085,"0.5","10"
"4971","GTX-970","bpnn_adjust_weights_cuda",1.28627788733906,1.26854785859942,0.986216019948599,"0.5","10"
"1571","GTX-970","bpnn_adjust_weights_cuda",1.23361118136609,1.24572218117726,1.00981751786471,"0.5","10"
"4271","GTX-970","bpnn_adjust_weights_cuda",1.22974930674021,1.24179804687444,1.00979772061525,"0.5","10"
"3871","GTX-970","bpnn_adjust_weights_cuda",1.39615302821836,1.40854538178987,1.00887607111903,"0.5","10"
"1971","GTX-970","bpnn_adjust_weights_cuda",1.24334569941853,1.24359872776113,1.0002035060263,"0.5","10"
"2571","GTX-970","bpnn_adjust_weights_cuda",1.19259185253981,1.21638108922273,1.01994750897573,"0.5","10"
"2971","GTX-970","bpnn_adjust_weights_cuda",1.34856971186793,1.3568773458699,1.00616032966547,"0.5","10"
"2871","GTX-970","bpnn_adjust_weights_cuda",1.31559325407685,1.32956463054814,1.0106198298205,"0.5","10"
"2371","GTX-970","bpnn_adjust_weights_cuda",1.27345078853755,1.25091796991793,0.982305701309823,"0.5","10"
"5471","GTX-970","bpnn_adjust_weights_cuda",1.1879872226728,1.21321710739951,1.02123750512228,"0.5","10"
"41111","GTX-970","bpnn_adjust_weights_cuda",1.2539225641347,1.2507498654241,0.997469780988601,"0.5","10"
"5271","GTX-970","bpnn_adjust_weights_cuda",1.28958171963832,1.3067926525241,1.01334613590103,"0.5","10"
"1071","GTX-970","bpnn_adjust_weights_cuda",1.18251840689359,1.21185380936139,1.02480756519035,"0.5","10"
"3371","GTX-970","bpnn_adjust_weights_cuda",1.33368844132773,1.34751527235804,1.01036736212286,"0.5","10"
"4871","GTX-970","bpnn_adjust_weights_cuda",1.24742295228972,1.24923303299613,1.00145105611781,"0.5","10"
"1671","GTX-970","bpnn_adjust_weights_cuda",1.18553652536621,1.21212890471251,1.02243067065191,"0.5","10"
"31111","GTX-970","bpnn_adjust_weights_cuda",1.3292822476861,1.34285002600631,1.01020684534366,"0.5","10"
"11111","GTX-970","bpnn_adjust_weights_cuda",1.43251675600359,1.44468385303904,1.00849351114705,"0.5","10"
"4771","GTX-970","bpnn_adjust_weights_cuda",1.2215443412136,1.23449105666302,1.01059864551176,"0.5","10"
"21111","GTX-970","bpnn_adjust_weights_cuda",1.25043111245683,1.24943925002778,0.999206783629124,"0.5","10"
"4671","GTX-970","bpnn_adjust_weights_cuda",1.38102476571844,1.38244048919159,1.00102512533322,"0.5","10"
"1871","GTX-970","bpnn_adjust_weights_cuda",1.26878224717006,1.28551454483246,1.0131876826774,"0.5","10"
"51101","GTX-970","bpnn_adjust_weights_cuda",1.32265202537211,1.32347615339693,1.00062308756122,"0.5","10"
"1371","GTX-970","bpnn_adjust_weights_cuda",1.21259712450727,1.23092165864719,1.01511180735099,"0.5","10"
"3071","GTX-970","bpnn_adjust_weights_cuda",1.20973783774173,1.23101984225685,1.01759224507258,"0.5","10"
"3671","GTX-970","bpnn_adjust_weights_cuda",1.30537687970896,1.31116670372478,1.00443536583635,"0.5","10"
"5571","GTX-970","bpnn_adjust_weights_cuda",1.27774715502733,1.288153512426,1.00814430097357,"0.5","10"
"4071","GTX-970","bpnn_adjust_weights_cuda",1.23676193325144,1.24372252773204,1.00562807949814,"0.5","10"
"3471","GTX-970","bpnn_adjust_weights_cuda",1.22416131823866,1.24237495175923,1.01487845862241,"0.5","10"
"4281","GTX-970","bpnn_adjust_weights_cuda",1.21852658732294,1.2319512766676,1.01101714930501,"0.5","10"
"3271","GTX-970","bpnn_adjust_weights_cuda",1.3417939556993,1.34302771460977,1.00091948462372,"0.5","10"
"1771","GTX-970","bpnn_adjust_weights_cuda",1.28151667696796,1.28643902617782,1.00384103406403,"0.5","10"
"5071","GTX-970","bpnn_adjust_weights_cuda",1.19521482768523,1.21829366869365,1.01930936637819,"0.5","10"
"871","GTX-970","bpnn_adjust_weights_cuda",1.3880850389407,1.38535117797421,0.998030480201284,"0.5","10"
"3281","GTX-970","bpnn_adjust_weights_cuda",1.36871800248036,1.37816567384173,1.00690256966318,"0.5","10"
"1281","GTX-970","bpnn_adjust_weights_cuda",1.42023460282414,1.43440695080703,1.00997887810556,"0.5","10"
"3771","GTX-970","bpnn_adjust_weights_cuda",1.2049590307389,1.2229039141796,1.01489252578961,"0.5","10"
"2271","GTX-970","bpnn_adjust_weights_cuda",1.25836185478072,1.25337659809596,0.996038296404308,"0.5","10"
"2671","GTX-970","bpnn_adjust_weights_cuda",1.40847726091827,1.39973163291494,0.993790721195152,"0.5","10"
"4471","GTX-970","bpnn_adjust_weights_cuda",1.18955394218777,1.21411996692452,1.02065145922813,"0.5","10"
"5371","GTX-970","bpnn_adjust_weights_cuda",1.26556383829221,1.25590610758181,0.99236883164785,"0.5","10"
"4371","GTX-970","bpnn_adjust_weights_cuda",1.20738311112063,1.22526144524894,1.01480750721428,"0.5","10"
"671","GTX-970","bpnn_adjust_weights_cuda",1.261268093037,1.25251471131678,0.993059856371098,"0.5","10"
"771","GTX-970","bpnn_adjust_weights_cuda",1.31077799865841,1.31241758142219,1.00125084702784,"0.5","10"
"5671","GTX-970","bpnn_adjust_weights_cuda",1.20200166707844,1.22510747242228,1.01922277312643,"0.5","10"
"2281","GTX-970","bpnn_adjust_weights_cuda",1.2400052008423,1.2476412949059,1.00615811454533,"0.5","10"
"2071","GTX-970","bpnn_adjust_weights_cuda",1.30156415209432,1.30679299565633,1.00401735369985,"0.5","10"
