==10814== NVPROF is profiling process 10814, command: ./needle 512 9
==10814== Some kernel(s) will be replayed on device 0 in order to collect all events/metrics.
==10814== Profiling application: ./needle 512 9
==10814== Profiling result:
"Device","Context","Stream","Kernel","tex0_cache_sector_queries","tex1_cache_sector_queries","tex2_cache_sector_queries","tex3_cache_sector_queries","tex0_cache_sector_misses","tex1_cache_sector_misses","tex2_cache_sector_misses","tex3_cache_sector_misses","fb_subp0_read_sectors","fb_subp1_read_sectors","fb_subp0_write_sectors","fb_subp1_write_sectors","l2_subp0_write_sector_misses","l2_subp1_write_sector_misses","l2_subp2_write_sector_misses","l2_subp3_write_sector_misses","l2_subp0_read_sector_misses","l2_subp1_read_sector_misses","l2_subp2_read_sector_misses","l2_subp3_read_sector_misses","l2_subp0_write_l1_sector_queries","l2_subp1_write_l1_sector_queries","l2_subp2_write_l1_sector_queries","l2_subp3_write_l1_sector_queries","l2_subp0_read_l1_sector_queries","l2_subp1_read_l1_sector_queries","l2_subp2_read_l1_sector_queries","l2_subp3_read_l1_sector_queries","l2_subp0_read_l1_hit_sectors","l2_subp1_read_l1_hit_sectors","l2_subp2_read_l1_hit_sectors","l2_subp3_read_l1_hit_sectors","l2_subp0_read_tex_sector_queries","l2_subp1_read_tex_sector_queries","l2_subp2_read_tex_sector_queries","l2_subp3_read_tex_sector_queries","l2_subp0_read_tex_hit_sectors","l2_subp1_read_tex_hit_sectors","l2_subp2_read_tex_hit_sectors","l2_subp3_read_tex_hit_sectors","rocache_subp0_gld_thread_count_32b","rocache_subp1_gld_thread_count_32b","rocache_subp2_gld_thread_count_32b","rocache_subp3_gld_thread_count_32b","rocache_subp0_gld_thread_count_64b","rocache_subp1_gld_thread_count_64b","rocache_subp2_gld_thread_count_64b","rocache_subp3_gld_thread_count_64b","rocache_subp0_gld_thread_count_128b","rocache_subp1_gld_thread_count_128b","rocache_subp2_gld_thread_count_128b","rocache_subp3_gld_thread_count_128b","rocache_subp0_gld_warp_count_32b","rocache_subp1_gld_warp_count_32b","rocache_subp2_gld_warp_count_32b","rocache_subp3_gld_warp_count_32b","rocache_subp0_gld_warp_count_64b","rocache_subp1_gld_warp_count_64b","rocache_subp2_gld_warp_count_64b","rocache_subp3_gld_warp_count_64b","rocache_subp0_gld_warp_count_128b","rocache_subp1_gld_warp_count_128b","rocache_subp2_gld_warp_count_128b","rocache_subp3_gld_warp_count_128b","l2_subp0_read_sysmem_sector_queries","l2_subp1_read_sysmem_sector_queries","l2_subp2_read_sysmem_sector_queries","l2_subp3_read_sysmem_sector_queries","l2_subp0_write_sysmem_sector_queries","l2_subp1_write_sysmem_sector_queries","l2_subp2_write_sysmem_sector_queries","l2_subp3_write_sysmem_sector_queries","l2_subp0_total_read_sector_queries","l2_subp1_total_read_sector_queries","l2_subp2_total_read_sector_queries","l2_subp3_total_read_sector_queries","l2_subp0_total_write_sector_queries","l2_subp1_total_write_sector_queries","l2_subp2_total_write_sector_queries","l2_subp3_total_write_sector_queries","elapsed_cycles_sm","gld_inst_8bit","gld_inst_16bit","gld_inst_32bit","gld_inst_64bit","gld_inst_128bit","gst_inst_8bit","gst_inst_16bit","gst_inst_32bit","gst_inst_64bit","gst_inst_128bit","rocache_gld_inst_8bit","rocache_gld_inst_16bit","rocache_gld_inst_32bit","rocache_gld_inst_64bit","rocache_gld_inst_128bit","prof_trigger_00","prof_trigger_01","prof_trigger_02","prof_trigger_03","prof_trigger_04","prof_trigger_05","prof_trigger_06","prof_trigger_07","atom_cas_count","warps_launched","threads_launched","inst_executed","inst_issued1","inst_issued2","thread_inst_executed","shared_load","shared_store","local_load","local_store","gld_request","gst_request","active_cycles","active_warps","sm_cta_launched","not_predicated_off_thread_inst_executed","l1_local_load_hit","l1_local_load_miss","l1_local_store_hit","l1_local_store_miss","l1_global_load_hit","l1_global_load_miss","uncached_global_load_transaction","global_store_transaction","shared_load_replay","shared_store_replay","global_ld_mem_divergence_replays","global_st_mem_divergence_replays","local_load_transactions","local_store_transactions","l1_shared_load_transactions","l1_shared_store_transactions","__l1_global_load_transactions","__l1_global_store_transactions","atom_count","gred_count","L1 Global Hit Rate","L1 Local Hit Rate","Multiprocessor Activity","Executed IPC","Achieved Occupancy","Requested Global Load Throughput","Requested Global Store Throughput","Multiprocessor Activity","Executed IPC","Instruction Replay Overhead","Shared Memory Replay Overhead","Global Memory Replay Overhead","Global Memory Cache Replay Overhead","Texture Cache Hit Rate","Texture Cache Throughput","Device Memory Read Throughput","Device Memory Write Throughput","Global Store Throughput","Global Load Throughput","Local Memory Cache Replay Overhead","Shared Memory Efficiency","Global Memory Load Efficiency","Global Memory Store Efficiency","L2 Hit Rate (L1 Reads)","L2 Hit Rate (Texture Reads)","L2 Throughput (L1 Reads)","L2 Throughput (Texture Reads)","Local Memory Overhead","Warp Execution Efficiency","Requested Non-Coherent Global Load Throughput","Issued IPC","Instructions per warp","Issue Slot Utilization","Local Memory Load Transactions Per Request","Local Memory Store Transactions Per Request","Shared Memory Load Transactions Per Request","Shared Memory Store Transactions Per Request","Global Load Transactions Per Request","Global Store Transactions Per Request","Local Load Transactions","Local Store Transactions","Shared Load Transactions","Shared Store Transactions","Global Load Transactions","Global Store Transactions","System Memory Read Transactions","System Memory Write Transactions","Texture Cache Transactions","Device Memory Read Transactions","Device Memory Write Transactions","L2 Read Transactions","L2 Write Transactions","Local Memory Load Throughput","Local Memory Store Throughput","Shared Memory Load Throughput","Shared Memory Store Throughput","L2 Throughput (Reads)","L2 Throughput (Writes)","System Memory Read Throughput","System Memory Write Throughput","Warp Non-Predicated Execution Efficiency","Issued Control-Flow Instructions","Executed Control-Flow Instructions","Issued Load/Store Instructions","Executed Load/Store Instructions","Floating Point Operations(Single Precision)","Floating Point Operations(Single Precision Add)","Floating Point Operation(Single Precision Mul)","Floating Point Operations(Single Precision FMA)","Floating Point Operations(Double Precision)","Floating Point Operations(Double Precision Add)","Floating Point Operations(Double Precision Mul)","Floating Point Operations(Double Precison FMA)","Floating Point Operations(Single Precision Special)","Issue Stall Reasons (Instructions Fetch)","Issue Stall Reasons (Execution Dependency)","Issue Stall Reasons (Data Request)","Issue Stall Reasons (Texture)","Issue Stall Reasons (Synchronization)","Issue Stall Reasons (Other)","L1/Shared Memory Utilization","L2 Cache Utilization","Texture Cache Utilization","Device Memory Utilization","System Memory Utilization","Load/Store Function Unit Utilization","Arithmetic Function Unit Utilization","Control-Flow Function Unit Utilization","Texture Function Unit Utilization","Instructions Executed","Instructions Issued","Issue Slots","L2 Throughput (Non-Coherent Reads)","L2 Non-Coherent Read Transactions","Non-Coherent Global Hit Rate","Non-Coherent Global Memory Load Throughput","Non-Coherent Global Load Efficiency","L2 Throughput (Atomic requests)","FP Instructions(Single)","FP Instructions(Double)","Integer Instructions","Bit-Convert Instructions","Control-Flow Instructions","Load/Store Instructions","Misc Instructions","Inter-Thread Instructions","Atomic Replay Overhead","Atomic Transactions","Atomic Transactions Per Request","L2 Read Transactions (L1 read requests)","L2 Write Transactions (L1 write requests)","L2 Transactions (Texture Reads)","L2 Throughput (L1 Writes)","L2 Transactions (Atomic requests)","ECC Transactions","ECC Throughput","Issue Stall Reasons (Pipe Busy)","Issue Stall Reasons (Immediate constant)","FLOP Efficiency(Peak Single)","FLOP Efficiency(Peak Double)","Issue Stall Reasons (Memory Throttle)","Issue Stall Reasons (Not Selected)","Eligible Warps Per Active Cycle","Atomic Throughput"
,,,,,,,,,,,,,,,,,,,,,,,,,,,,,,,,,,,,,,,,,,,,,,,,,,,,,,,,,,,,,,,,,,,,,,,,,,,,,,,,,,,,,,,,,,,,,,,,,,,,,,,,,,,,,,,,,,,,,,,,,,,,,,,,,,,,,,,,,,,,,,,,,%,%,%,,,GB/s,GB/s,%,,,,,,%,B/s,GB/s,GB/s,GB/s,GB/s,,%,%,%,%,%,GB/s,B/s,%,%,B/s,,,%,,,,,,,,,,,,,,,,,,,,B/s,B/s,GB/s,GB/s,GB/s,GB/s,B/s,MB/s,%,,,,,,,,,,,,,,%,%,%,%,%,%,,,,,,,,,,,,,B/s,,%,B/s,%,B/s,,,,,,,,,,,,,,,GB/s,,,GB/s,%,%,%,%,%,%,,B/s
"Tesla K40c (0)","1","7","needle_cuda_shared_1(int*, int*, int, int, int, int)",0,0,0,0,0,0,0,0,50,227,21,29,8,6,9,11,19,95,46,18,10,9,12,15,19,15,20,15,0,0,8,5,0,0,0,0,0,0,0,0,0,0,0,0,0,0,0,0,0,0,0,0,0,0,0,0,0,0,0,0,0,0,0,0,0,0,0,0,0,0,4,0,58,15,28,28,11,10,14,17,252876,0,0,289,0,0,0,0,256,0,0,0,0,0,0,0,0,0,0,0,0,0,0,0,0,1,16,598,666,162,9568,140,50,0,0,19,16,13401,13350,1,7062,0,0,0,0,0,1,34,17,161,57,16,1,0,0,301,107,35,17,0,0,0.000000,0.000000,5.299435,0.044797,0.015626,0.052133,0.046181,5.299435,0.044797,0.658863,0.364548,0.028428,0.001672,0.000000,0.000000,0.399750,0.072157,0.066385,0.099577,0.000000,6.989124,52.355072,69.565217,18.840580,0.000000,0.099577,0.000000,0.000000,50.000000,0.000000,0.073875,598.000000,1.544661,0.000000,0.000000,2.150000,2.140000,1.842105,1.062500,0,0,301,107,35,17,0,4,0,277,50,129,52,0.000000,0.000000,3.475086,1.235329,0.186165,0.075043,0.000000,5.911109,36.904264,70,41,516,225,0,0,0,0,0,0,0,0,0,2.078005,46.019821,13.970588,0.000000,6.921355,0.111893,"Low (1)","Low (1)","Idle (0)","Low (1)","Low (1)","Low (1)","Low (1)","Low (1)","Idle (0)",598,992,828,0.000000,0,0.000000,0.000000,0.000000,0.000000,0,0,3810,16,80,2370,785,0,0.000000,0,0.000000,69,46,0,0.066385,0,115,0.165961,0.000000,3.580563,0.000000,0.000000,27.301790,0.015985,0.061936,0.000000
"Tesla K40c (0)","1","7","needle_cuda_shared_1(int*, int*, int, int, int, int)",0,0,0,0,0,0,0,0,97,190,61,55,16,18,14,17,28,61,33,64,24,25,21,22,36,31,38,33,8,8,7,5,0,0,0,0,0,0,0,0,0,0,0,0,0,0,0,0,0,0,0,0,0,0,0,0,0,0,0,0,0,0,0,0,0,0,0,0,0,0,0,1,111,34,54,49,25,26,26,23,267390,0,0,578,0,0,0,0,512,0,0,0,0,0,0,0,0,0,0,0,0,0,0,0,0,2,32,1196,1412,349,19136,280,100,0,0,38,32,29198,29022,2,14122,0,0,0,0,0,2,96,60,322,114,60,28,0,0,602,214,98,60,0,0,0.000000,0.000000,10.562100,0.042491,0.015626,0.098338,0.087109,10.562100,0.042491,0.764214,0.364548,0.073579,0.001672,0.000000,0.000000,0.390631,0.157886,0.125220,0.187830,0.000000,6.989124,52.355072,69.565217,20.289855,0.000000,0.187830,0.000000,0.000000,50.000000,0.000000,0.074605,598.000000,1.557078,0.000000,0.000000,2.150000,2.140000,2.578947,1.875000,0,0,602,214,98,60,0,1,0,287,116,248,100,0.000000,0.000000,6.554987,2.330178,0.337549,0.136109,0.000000,1.393751,36.899038,140,82,1123,450,0,0,0,0,0,0,0,0,0,2.016038,45.072323,12.425991,0.000000,6.497789,0.112418,"Low (1)","Low (1)","Idle (0)","Low (1)","Low (1)","Low (1)","Low (1)","Low (1)","Idle (0)",1196,2107,1759,0.000000,0,0.000000,0.000000,0.000000,0.000000,0,0,7620,32,160,4740,1570,0,0.000000,0,0.000000,138,92,0,0.125220,0,152,0.206885,0.000000,3.365060,0.000000,0.000000,30.502885,0.007495,0.062354,0.000000
"Tesla K40c (0)","1","7","needle_cuda_shared_1(int*, int*, int, int, int, int)",0,0,0,0,0,0,0,0,139,141,74,74,24,24,27,22,45,51,43,80,34,35,37,32,51,56,48,52,9,9,2,8,0,0,0,0,0,0,0,0,0,0,0,0,0,0,0,0,0,0,0,0,0,0,0,0,0,0,0,0,0,0,0,0,0,0,0,0,1,0,4,0,56,169,72,76,38,40,38,33,256791,0,0,867,0,0,0,0,768,0,0,0,0,0,0,0,0,0,0,0,0,0,0,0,0,3,48,1794,1999,490,28704,420,150,0,0,57,48,40272,41682,3,21182,0,0,0,0,0,3,102,51,483,171,48,3,0,0,903,321,105,51,0,0,0.000000,0.000000,15.769634,0.043039,0.015625,0.155071,0.137364,15.769634,0.043039,0.660535,0.364548,0.028428,0.001672,0.000000,0.000000,0.400646,0.211770,0.197461,0.296192,0.000000,6.989124,52.355072,69.565217,13.526570,0.000000,0.296192,0.000000,0.000000,50.000000,0.000000,0.073244,598.000000,1.531053,0.000000,0.000000,2.150000,2.140000,1.842105,1.062500,0,0,903,321,105,51,0,5,0,280,148,373,149,0.000000,0.000000,10.336661,3.674494,0.533717,0.213201,0.000000,7.326094,36.897297,210,123,1542,675,0,0,0,0,0,0,0,0,0,2.003997,45.592258,14.932674,0.000000,6.843046,0.115716,"Low (1)","Low (1)","Idle (0)","Low (1)","Low (1)","Low (1)","Low (1)","Low (1)","Idle (0)",1794,2966,2480,0.000000,0,0.000000,0.000000,0.000000,0.000000,0,0,11430,48,240,7110,2355,0,0.000000,0,0.000000,207,138,0,0.197461,0,112,0.160258,0.000000,3.550389,0.000000,0.000000,26.946139,0.015780,0.061390,0.000000
"Tesla K40c (0)","1","7","needle_cuda_shared_1(int*, int*, int, int, int, int)",0,0,0,0,0,0,0,0,308,299,107,116,30,32,34,32,102,98,65,63,43,46,49,46,71,69,70,66,7,7,6,8,0,0,0,0,0,0,0,0,0,0,0,0,0,0,0,0,0,0,0,0,0,0,0,0,0,0,0,0,0,0,0,0,0,0,0,0,5,1,0,1,220,74,105,226,43,46,54,46,273573,0,0,1156,0,0,0,0,1024,0,0,0,0,0,0,0,0,0,0,0,0,0,0,0,0,4,64,2392,2822,696,38272,560,200,0,0,76,64,58266,58294,4,28244,0,0,0,0,0,4,192,120,644,228,120,56,0,0,1204,428,196,120,0,0,0.000000,0.000000,21.269277,0.041033,0.015625,0.197073,0.174570,21.269277,0.041033,0.762124,0.364548,0.073579,0.001672,0.000000,0.000000,0.827842,0.304133,0.250944,0.376416,0.000000,6.989124,52.355072,69.565217,10.144928,0.000000,0.376416,0.000000,0.000000,50.000000,0.000000,0.072422,598.000000,1.511506,0.000000,0.000000,2.150000,2.140000,2.578947,1.875000,0,0,1204,428,196,120,0,7,0,607,223,625,189,0.000000,0.000000,13.136371,4.669740,0.852391,0.257763,0.000000,9.775903,36.899038,280,164,2250,900,0,0,0,0,0,0,0,0,0,1.920832,45.301495,12.033445,0.000000,6.530827,0.116756,"Low (1)","Low (1)","Idle (0)","Low (1)","Low (1)","Low (1)","Low (1)","Low (1)","Idle (0)",2392,4215,3519,0.000000,0,0.000000,0.000000,0.000000,0.000000,0,0,15240,64,320,9480,3140,0,0.000000,0,0.000000,276,184,0,0.250944,0,374,0.510071,0.000000,3.385936,0.000000,0.000000,30.699409,0.011299,0.060563,0.000000
"Tesla K40c (0)","1","7","needle_cuda_shared_1(int*, int*, int, int, int, int)",0,0,0,0,0,0,0,0,327,245,128,114,43,43,38,38,113,78,75,74,60,60,54,56,82,84,94,85,8,9,24,17,0,0,0,0,0,0,0,0,0,0,0,0,0,0,0,0,0,0,0,0,0,0,0,0,0,0,0,0,0,0,0,0,0,0,0,0,4,4,0,0,286,84,134,125,61,65,54,62,264336,0,0,1445,0,0,0,0,1280,0,0,0,0,0,0,0,0,0,0,0,0,0,0,0,0,5,80,2990,3329,813,47840,700,250,0,0,95,80,69939,67194,5,35304,0,0,0,0,0,5,170,85,805,285,80,5,0,0,1505,535,175,85,0,0,0.000000,0.000000,26.458371,0.044500,0.015626,0.257316,0.227934,26.458371,0.044500,0.655184,0.364548,0.028428,0.001672,0.000000,0.000000,0.814863,0.344750,0.327655,0.491482,0.000000,6.989124,52.355072,69.565217,16.811594,0.000000,0.491482,0.000000,0.000000,50.000000,0.000000,0.070847,598.000000,1.480576,0.000000,0.000000,2.150000,2.140000,1.842105,1.062500,0,0,1505,535,175,85,0,8,0,572,242,629,242,0.000000,0.000000,17.152006,6.097225,0.896064,0.344750,0.000000,11.670201,36.897993,350,205,2568,1125,0,0,0,0,0,0,0,0,0,2.027329,46.114552,13.913543,0.000000,6.918460,0.130898,"Low (1)","Low (1)","Idle (0)","Low (1)","Low (1)","Low (1)","Low (1)","Low (1)","Idle (0)",2990,4949,4139,0.000000,0,0.000000,0.000000,0.000000,0.000000,0,0,19050,80,400,11850,3925,0,0.000000,0,0.000000,345,230,0,0.327655,0,312,0.444471,0.000000,3.626844,0.000000,0.000000,27.252410,0.015963,0.059366,0.000000
"Tesla K40c (0)","1","7","needle_cuda_shared_1(int*, int*, int, int, int, int)",0,0,0,0,0,0,0,0,323,298,170,168,49,49,46,50,94,91,92,127,70,68,67,71,104,103,103,104,19,12,18,15,0,0,0,0,0,0,0,0,0,0,0,0,0,0,0,0,0,0,0,0,0,0,0,0,0,0,0,0,0,0,0,0,0,0,0,0,1,0,0,0,109,108,146,304,71,72,71,72,266856,0,0,1734,0,0,0,0,1536,0,0,0,0,0,0,0,0,0,0,0,0,0,0,0,0,6,96,3588,4237,1044,57408,840,300,0,0,114,96,84578,84918,6,42364,0,0,0,0,0,6,288,180,966,342,180,84,0,0,1806,642,294,180,0,0,0.000000,0.000000,31.754579,0.042253,0.015625,0.296246,0.262419,31.754579,0.042253,0.762821,0.364548,0.073579,0.001672,0.000000,0.000000,0.848761,0.461967,0.377227,0.565841,0.000000,6.989124,52.355072,69.565217,15.458937,0.000000,0.565841,0.000000,0.000000,50.000000,0.000000,0.074617,598.000000,1.557429,0.000000,0.000000,2.150000,2.140000,2.578947,1.875000,0,0,1806,642,294,180,0,1,0,621,338,667,286,0.000000,0.000000,19.747028,7.019708,0.911633,0.390895,0.000000,1.399568,36.897297,420,246,3370,1350,0,0,0,0,0,0,0,0,0,1.956937,45.323976,11.945367,0.000000,6.542409,0.108160,"Low (1)","Low (1)","Idle (0)","Low (1)","Low (1)","Low (1)","Low (1)","Low (1)","Idle (0)",3588,6323,5279,0.000000,0,0.000000,0.000000,0.000000,0.000000,0,0,22860,96,480,14220,4710,0,0.000000,0,0.000000,414,276,0,0.377227,0,361,0.493402,0.000000,3.375591,0.000000,0.000000,30.742529,0.005031,0.062344,0.000000
"Tesla K40c (0)","1","7","needle_cuda_shared_1(int*, int*, int, int, int, int)",0,0,0,0,0,0,0,0,297,371,172,167,59,56,56,54,101,132,105,106,83,82,80,77,123,119,117,124,21,27,18,32,0,0,0,0,0,0,0,0,0,0,0,0,0,0,0,0,0,0,0,0,0,0,0,0,0,0,0,0,0,0,0,0,0,0,0,0,1,0,4,0,128,136,157,164,89,86,80,77,256365,0,0,2023,0,0,0,0,1792,0,0,0,0,0,0,0,0,0,0,0,0,0,0,0,0,7,112,4186,4659,1138,66976,980,350,0,0,133,112,93424,96588,7,49430,0,0,0,0,0,7,238,119,1127,399,112,7,0,0,2107,749,245,119,0,0,0.000000,0.000000,36.300587,0.043337,0.015625,0.361677,0.320378,36.300587,0.043337,0.657191,0.364548,0.028428,0.001672,0.000000,0.000000,0.955414,0.484858,0.460544,0.690815,0.000000,6.989124,52.355072,69.565217,20.289855,0.000000,0.690815,0.000000,0.000000,50.000000,0.000000,0.074520,598.000000,1.557295,0.000000,0.000000,2.150000,2.140000,1.842105,1.062500,0,0,2107,749,245,119,0,5,0,668,339,585,332,0.000000,0.000000,24.108458,8.570116,0.836702,0.474846,0.000000,7.322929,36.901278,490,287,3595,1575,0,0,0,0,0,0,0,0,0,2.094720,46.200462,13.720872,0.000000,6.938187,0.125775,"Low (1)","Low (1)","Idle (0)","Low (1)","Low (1)","Low (1)","Low (1)","Low (1)","Idle (0)",4186,6937,5797,0.000000,0,0.000000,0.000000,0.000000,0.000000,0,0,26670,112,560,16590,5495,0,0.000000,0,0.000000,483,322,0,0.460544,0,338,0.483428,0.000000,3.574287,0.000000,0.000000,27.329690,0.016008,0.062442,0.000000
"Tesla K40c (0)","1","7","needle_cuda_shared_1(int*, int*, int, int, int, int)",0,0,0,0,0,0,0,0,377,388,225,224,65,64,65,65,114,107,116,115,92,92,92,92,141,138,138,135,36,29,33,24,0,0,0,0,0,0,0,0,0,0,0,0,0,0,0,0,0,0,0,0,0,0,0,0,0,0,0,0,0,0,0,0,0,0,0,0,1,0,0,4,174,321,343,335,94,96,92,92,266139,0,0,2312,0,0,0,0,2048,0,0,0,0,0,0,0,0,0,0,0,0,0,0,0,0,8,128,4784,5649,1392,76544,1120,400,0,0,152,128,111912,111914,8,56490,0,0,0,0,0,8,384,240,1288,456,240,112,0,0,2408,856,392,240,0,0,0.000000,0.000000,42.063358,0.042871,0.015625,0.398025,0.352576,42.063358,0.042871,0.762751,0.364548,0.073579,0.001672,0.000000,0.000000,1.053597,0.618385,0.506828,0.760242,0.000000,6.989124,52.355072,69.565217,22.101449,0.000000,0.760242,0.000000,0.000000,50.000000,0.000000,0.075348,598.000000,1.572619,0.000000,0.000000,2.150000,2.140000,2.578947,1.875000,0,0,2408,856,392,240,0,5,0,765,449,1173,374,0.000000,0.000000,26.531353,9.431411,1.615515,0.515092,0.000000,7.051522,36.900345,560,328,4495,1800,0,0,0,0,0,0,0,0,0,4.328027,44.548315,11.112551,0.000000,6.417993,0.109219,"Low (1)","Low (1)","Idle (0)","Low (1)","Low (1)","Low (1)","Low (1)","Low (1)","Idle (0)",4784,8435,7042,0.000000,0,0.000000,0.000000,0.000000,0.000000,0,0,30480,128,640,18960,6280,0,0.000000,0,0.000000,552,368,0,0.506828,0,503,0.692757,0.000000,3.302481,0.000000,0.000000,30.175861,0.005553,0.062958,0.000000
"Tesla K40c (0)","1","7","needle_cuda_shared_1(int*, int*, int, int, int, int)",0,0,0,0,0,0,0,0,371,325,221,215,72,74,72,70,115,114,123,121,103,106,103,102,162,158,152,149,41,40,30,52,0,0,0,0,0,0,0,0,0,0,0,0,0,0,0,0,0,0,0,0,0,0,0,0,0,0,0,0,0,0,0,0,0,0,0,0,1,0,4,0,167,326,204,206,105,110,103,106,255546,0,0,2601,0,0,0,0,2304,0,0,0,0,0,0,0,0,0,0,0,0,0,0,0,0,9,144,5382,6001,1465,86112,1260,450,0,0,171,144,120209,120074,9,63554,0,0,0,0,0,9,306,153,1449,513,144,9,0,0,2709,963,315,153,0,0,0.000000,0.000000,46.851056,0.044822,0.015625,0.467053,0.413722,46.851056,0.044822,0.659420,0.364548,0.028428,0.001672,0.000000,0.000000,0.999827,0.626329,0.594725,0.892087,0.000000,6.989124,52.355072,69.565217,26.247987,0.000000,0.892087,0.000000,0.000000,50.000000,0.000000,0.074462,598.000000,1.556262,0.000000,0.000000,2.150000,2.140000,1.842105,1.062500,0,0,2709,963,315,153,0,5,0,696,436,903,424,0.000000,0.000000,31.132552,11.067053,1.297190,0.609090,0.000000,7.355051,36.901942,630,369,4632,2025,0,0,0,0,0,0,0,0,0,2.059464,46.046643,14.067397,0.000000,6.909741,0.127499,"Low (1)","Low (1)","Idle (0)","Low (1)","Low (1)","Low (1)","Low (1)","Low (1)","Idle (0)",5382,8915,7453,0.000000,0,0.000000,0.000000,0.000000,0.000000,0,0,34290,144,720,21330,7065,0,0.000000,0,0.000000,621,414,0,0.594725,0,371,0.532954,0.000000,3.564662,0.000000,0.000000,27.208656,0.015937,0.062401,0.000000
"Tesla K40c (0)","1","7","needle_cuda_shared_1(int*, int*, int, int, int, int)",0,0,0,0,0,0,0,0,424,491,282,280,80,81,78,83,122,132,137,130,116,114,113,117,176,172,169,173,54,44,56,50,0,0,0,0,0,0,0,0,0,0,0,0,0,0,0,0,0,0,0,0,0,0,0,0,0,0,0,0,0,0,0,0,0,0,0,0,5,0,0,0,176,357,209,213,117,114,117,117,265029,0,0,2890,0,0,0,0,2560,0,0,0,0,0,0,0,0,0,0,0,0,0,0,0,0,10,160,5980,7061,1741,95680,1400,500,0,0,190,160,139774,139714,10,70608,0,0,0,0,0,10,480,300,1610,570,300,140,0,0,3010,1070,490,300,0,0,0.000000,0.000000,52.739134,0.042801,0.015625,0.494674,0.438189,52.739134,0.042801,0.762375,0.364548,0.073579,0.001672,0.000000,0.000000,1.252946,0.769569,0.629897,0.944845,0.000000,6.989124,52.355072,69.565217,29.565217,0.000000,0.944845,0.000000,0.000000,50.000000,0.000000,0.075429,598.000000,1.574327,0.000000,0.000000,2.150000,2.140000,2.578947,1.875000,0,0,3010,1070,490,300,0,5,0,915,562,955,465,0.000000,0.000000,32.973715,11.721553,1.307720,0.636743,0.000000,7.011022,36.897993,700,410,5618,2250,0,0,0,0,0,0,0,0,0,1.964272,45.679970,11.276321,0.000000,6.592170,0.112505,"Low (1)","Low (1)","Idle (0)","Low (1)","Low (1)","Low (1)","Low (1)","Low (1)","Idle (0)",5980,10539,8799,0.000000,0,0.000000,0.000000,0.000000,0.000000,0,0,38100,160,800,23700,7850,0,0.000000,0,0.000000,690,460,0,0.629897,0,634,0.868162,0.000000,3.405549,0.000000,0.000000,30.964652,0.004561,0.063016,0.000000
"Tesla K40c (0)","1","7","needle_cuda_shared_1(int*, int*, int, int, int, int)",0,0,0,0,0,0,0,0,457,502,275,255,93,90,86,85,145,184,147,142,132,130,123,121,199,197,179,184,61,62,46,59,0,0,0,0,0,0,0,0,0,0,0,0,0,0,0,0,0,0,0,0,0,0,0,0,0,0,0,0,0,0,0,0,0,0,0,0,1,0,0,0,404,378,379,224,133,131,123,121,253971,0,0,3179,0,0,0,0,2816,0,0,0,0,0,0,0,0,0,0,0,0,0,0,0,0,11,176,6578,7312,1789,105248,1540,550,0,0,209,176,145705,145704,11,77670,0,0,0,0,0,11,374,187,1771,627,176,11,0,0,3311,1177,385,187,0,0,0.000000,0.000000,57.365998,0.045363,0.015625,0.573607,0.508109,57.365998,0.045363,0.656583,0.364548,0.028428,0.001672,0.000000,0.000000,1.384308,0.765050,0.730407,1.095610,0.000000,6.989124,52.355072,69.565217,30.039526,0.000000,1.095610,0.000000,0.000000,50.000000,0.000000,0.074746,598.000000,1.561674,0.000000,0.000000,2.150000,2.140000,1.842105,1.062500,0,0,3311,1177,385,187,0,1,0,959,530,1385,508,0.000000,0.000000,38.235199,13.591915,1.999236,0.733294,0.000000,1.478135,36.898563,770,451,5657,2475,0,0,0,0,0,0,0,0,0,2.147118,46.481804,13.084961,0.000000,6.986560,0.127508,"Low (1)","Low (1)","Idle (0)","Low (1)","Low (1)","Low (1)","Low (1)","Low (1)","Idle (0)",6578,10897,9113,0.000000,0,0.000000,0.000000,0.000000,0.000000,0,0,41910,176,880,26070,8635,0,0.000000,0,0.000000,759,506,0,0.730407,0,517,0.746285,0.000000,3.628849,0.000000,0.000000,27.527077,0.016122,0.062618,0.000000
"Tesla K40c (0)","1","7","needle_cuda_shared_1(int*, int*, int, int, int, int)",0,0,0,0,0,0,0,0,528,502,335,331,99,96,94,96,159,144,176,159,141,138,135,138,208,204,206,210,56,63,45,55,0,0,0,0,0,0,0,0,0,0,0,0,0,0,0,0,0,0,0,0,0,0,0,0,0,0,0,0,0,0,0,0,0,0,0,0,1,0,4,0,208,207,246,254,146,138,136,138,267594,0,0,3468,0,0,0,0,3072,0,0,0,0,0,0,0,0,0,0,0,0,0,0,0,0,12,192,7176,8470,2088,114816,1680,600,0,0,228,192,167016,167496,12,84730,0,0,0,0,0,12,576,360,1932,684,360,168,0,0,3612,1284,588,360,0,0,0.000000,0.000000,62.630328,0.042843,0.015625,0.593200,0.525465,62.630328,0.042843,0.762263,0.364548,0.073579,0.001672,0.000000,0.000000,1.409449,0.911353,0.755355,1.133033,0.000000,6.989124,52.355072,69.565217,26.449275,0.000000,1.133033,0.000000,0.000000,50.000000,0.000000,0.075444,598.000000,1.574629,0.000000,0.000000,2.150000,2.140000,2.578947,1.875000,0,0,3612,1284,588,360,0,5,0,1030,666,915,558,0.000000,0.000000,39.541205,14.056176,1.252083,0.763566,0.000000,7.006193,36.898168,840,492,6744,2700,0,0,0,0,0,0,0,0,0,4.591300,44.632139,10.661469,0.000000,6.436483,0.112617,"Low (1)","Low (1)","Idle (0)","Low (1)","Low (1)","Low (1)","Low (1)","Low (1)","Idle (0)",7176,12644,10556,0.000000,0,0.000000,0.000000,0.000000,0.000000,0,0,45720,192,960,28440,9420,0,0.000000,0,0.000000,828,552,0,0.755355,0,673,0.920931,0.000000,3.275787,0.000000,0.000000,30.281542,0.008663,0.063069,0.000000
"Tesla K40c (0)","1","7","needle_cuda_shared_1(int*, int*, int, int, int, int)",0,0,0,0,0,0,0,0,495,535,320,304,106,107,102,102,160,167,166,159,152,154,146,146,227,220,226,224,60,56,60,63,0,0,0,0,0,0,0,0,0,0,0,0,0,0,0,0,0,0,0,0,0,0,0,0,0,0,0,0,0,0,0,0,0,0,0,0,5,0,0,0,412,271,426,424,153,154,146,146,254364,0,0,3757,0,0,0,0,3328,0,0,0,0,0,0,0,0,0,0,0,0,0,0,0,0,13,208,7774,8645,2117,124384,1820,650,0,0,247,208,172213,172212,13,91790,0,0,0,0,0,13,442,221,2093,741,208,13,0,0,3913,1391,455,221,0,0,0.000000,0.000000,67.915271,0.044084,0.015625,0.675413,0.598290,67.915271,0.044084,0.658348,0.364548,0.028428,0.001672,0.000000,0.000000,1.481343,0.897435,0.860042,1.290063,0.000000,6.989124,52.355072,69.565217,26.644370,0.000000,1.290063,0.000000,0.000000,50.000000,0.000000,0.074552,598.000000,1.557435,0.000000,0.000000,2.150000,2.140000,1.842105,1.062500,0,0,3913,1391,455,221,0,5,0,1030,624,1533,599,0.000000,0.000000,45.021325,16.004258,2.204756,0.861480,0.000000,7.363569,36.897833,910,533,6691,2925,0,0,0,0,0,0,0,0,0,5.784503,44.742553,12.656507,0.000000,6.724142,0.127591,"Low (1)","Low (1)","Idle (0)","Low (1)","Low (1)","Low (1)","Low (1)","Low (1)","Idle (0)",7774,12892,10773,0.000000,0,0.000000,0.000000,0.000000,0.000000,0,0,49530,208,1040,30810,10205,0,0.000000,0,0.000000,897,598,0,0.860042,0,585,0.841345,0.000000,3.490258,0.000000,0.000000,26.458944,0.015502,0.062448,0.000000
"Tesla K40c (0)","1","7","needle_cuda_shared_1(int*, int*, int, int, int, int)",0,0,0,0,0,0,0,0,606,587,394,389,112,114,110,112,176,175,218,176,162,163,159,160,243,238,245,240,68,62,77,69,0,0,0,0,0,0,0,0,0,0,0,0,0,0,0,0,0,0,0,0,0,0,0,0,0,0,0,0,0,0,0,0,0,0,0,0,1,4,0,4,246,421,445,440,167,167,159,161,265116,0,0,4046,0,0,0,0,3584,0,0,0,0,0,0,0,0,0,0,0,0,0,0,0,0,14,224,8372,9879,2437,133952,1960,700,0,0,266,224,195196,195004,14,98852,0,0,0,0,0,14,672,420,2254,798,420,196,0,0,4214,1498,686,420,0,0,0.000000,0.000000,73.706227,0.041908,0.015625,0.696577,0.617037,73.706227,0.041908,0.762183,0.364548,0.073579,0.001672,0.000000,0.000000,1.643136,1.078437,0.886990,1.330485,0.000000,6.989124,52.355072,69.565217,28.571429,0.000000,1.330485,0.000000,0.000000,50.000000,0.000000,0.075524,598.000000,1.576197,0.000000,0.000000,2.150000,2.140000,2.578947,1.875000,0,0,4214,1498,686,420,0,9,0,1193,783,1552,654,0.000000,0.000000,46.432013,16.505732,2.137591,0.900763,0.000000,12.693326,36.898292,980,574,7877,3150,0,0,0,0,0,0,0,0,0,1.994677,45.735238,11.202129,0.000000,6.595687,0.115161,"Low (1)","Low (1)","Idle (0)","Low (1)","Low (1)","Low (1)","Low (1)","Low (1)","Idle (0)",8372,14758,12320,0.000000,0,0.000000,0.000000,0.000000,0.000000,0,0,53340,224,1120,33180,10990,0,0.000000,0,0.000000,966,644,0,0.886990,0,783,1.078437,0.000000,3.386387,0.000000,0.000000,30.965289,0.005432,0.063099,0.000000
"Tesla K40c (0)","1","7","needle_cuda_shared_1(int*, int*, int, int, int, int)",0,0,0,0,0,0,0,0,532,604,366,354,123,122,120,116,167,203,162,159,174,175,173,168,257,262,256,260,88,99,89,89,0,0,0,0,0,0,0,0,0,0,0,0,0,0,0,0,0,0,0,0,0,0,0,0,0,0,0,0,0,0,0,0,0,0,0,0,1,4,0,0,262,487,296,305,179,180,177,168,253692,0,0,4335,0,0,0,0,3840,0,0,0,0,0,0,0,0,0,0,0,0,0,0,0,0,15,240,8970,9981,2445,143520,2100,750,0,0,285,240,203663,197542,15,105920,0,0,0,0,0,15,510,255,2415,855,240,15,0,0,4515,1605,525,255,0,0,0.000000,0.000000,77.899973,0.045407,0.015625,0.779436,0.690435,77.899973,0.045407,0.657860,0.364548,0.028428,0.001672,0.000000,0.000000,1.634029,1.035652,0.992500,1.488750,0.000000,6.989124,52.355072,69.565217,35.265700,0.000000,1.488750,0.000000,0.000000,50.000000,0.000000,0.075122,598.000000,1.570138,0.000000,0.000000,2.150000,2.140000,1.842105,1.062500,0,0,4515,1605,525,255,0,5,0,1136,720,1350,704,0.000000,0.000000,51.955205,18.469126,1.941847,1.012637,0.000000,7.364635,36.900780,1050,615,7701,3375,0,0,0,0,0,0,0,0,0,2.039058,46.629038,12.583345,0.000000,7.001519,0.128182,"Low (1)","Low (1)","Idle (0)","Low (1)","Low (1)","Low (1)","Low (1)","Low (1)","Idle (0)",8970,14846,12412,0.000000,0,0.000000,0.000000,0.000000,0.000000,0,0,57150,240,1200,35550,11775,0,0.000000,0,0.000000,1035,690,0,0.992500,0,684,0.983869,0.000000,4.022103,0.000000,0.000000,27.580598,0.016157,0.062957,0.000000
"Tesla K40c (0)","1","7","needle_cuda_shared_1(int*, int*, int, int, int, int)",0,0,0,0,0,0,0,0,675,567,441,449,126,128,128,130,205,165,152,156,181,184,184,187,275,279,276,274,117,121,116,114,0,0,0,0,0,0,0,0,0,0,0,0,0,0,0,0,0,0,0,0,0,0,0,0,0,0,0,0,0,0,0,0,0,0,0,0,1,4,0,0,282,279,476,474,183,184,184,187,267693,0,0,4624,0,0,0,0,4096,0,0,0,0,0,0,0,0,0,0,0,0,0,0,0,0,16,256,9568,11289,2784,153088,2240,800,0,0,304,256,207274,225548,16,112982,0,0,0,0,0,16,768,480,2576,912,480,224,0,0,4816,1712,784,480,0,0,0.000000,0.000000,79.167927,0.045199,0.016648,0.799635,0.708327,79.167927,0.045199,0.762646,0.364548,0.073579,0.001672,0.000000,0.000000,1.718247,1.231272,1.018221,1.527331,0.000000,6.989124,52.355072,69.565217,42.391304,0.000000,1.527331,0.000000,0.000000,50.000000,0.000000,0.079542,598.000000,1.660124,0.000000,0.000000,2.150000,2.140000,2.578947,1.875000,0,0,4816,1712,784,480,0,5,0,1242,890,1511,738,0.000000,0.000000,53.301638,18.947758,2.090396,1.020988,0.000000,7.083274,36.900998,1120,656,8988,3600,0,0,0,0,0,0,0,0,0,4.377022,45.338627,9.579274,0.000000,6.541483,0.110345,"Low (1)","Low (1)","Idle (0)","Low (1)","Low (1)","Low (1)","Low (1)","Low (1)","Idle (0)",9568,16865,14081,0.000000,0,0.000000,0.000000,0.000000,0.000000,0,0,60960,256,1280,37920,12560,0,0.000000,0,0.000000,1104,736,0,1.018221,0,942,1.303212,0.000000,3.318841,0.000000,0.000000,30.728749,0.005659,0.066462,0.000000
"Tesla K40c (0)","1","7","needle_cuda_shared_1(int*, int*, int, int, int, int)",0,0,0,0,0,0,0,0,507,582,411,399,136,140,134,134,157,192,186,148,197,199,194,192,290,290,293,300,143,142,153,147,0,0,0,0,0,0,0,0,0,0,0,0,0,0,0,0,0,0,0,0,0,0,0,0,0,0,0,0,0,0,0,0,0,0,0,0,1,0,4,0,306,473,333,343,199,203,194,192,252660,0,0,4913,0,0,0,0,4352,0,0,0,0,0,0,0,0,0,0,0,0,0,0,0,0,17,272,10166,11308,2758,162656,2380,850,0,0,323,272,202215,221498,17,120038,0,0,0,0,0,17,578,289,2737,969,272,17,0,0,5117,1819,595,289,0,0,0.000000,0.000000,77.513655,0.051900,0.017664,0.888076,0.786669,77.513655,0.051900,0.655420,0.364548,0.028428,0.001672,0.000000,0.000000,1.574784,1.171327,1.130837,1.696255,0.000000,6.989124,52.355072,69.565217,49.872123,0.000000,1.696255,0.000000,0.000000,50.000000,0.000000,0.085904,598.000000,1.795543,0.000000,0.000000,2.150000,2.140000,1.842105,1.062500,0,0,5117,1819,595,289,0,5,0,1089,810,1455,788,0.000000,0.000000,59.196849,21.043398,2.104051,1.139513,0.000000,7.403944,36.899346,1190,697,8726,3825,0,0,0,0,0,0,0,0,0,4.654589,45.669423,11.604770,0.000000,6.875589,0.129605,"Low (1)","Low (1)","Idle (0)","Low (1)","Low (1)","Low (1)","Low (1)","Low (1)","Idle (0)",10166,16829,14068,0.000000,0,0.000000,0.000000,0.000000,0.000000,0,0,64770,272,1360,40290,13345,0,0.000000,0,0.000000,1173,782,0,1.130837,0,672,0.971768,0.000000,3.985119,0.000000,0.000000,27.065054,0.015851,0.071995,0.000000
"Tesla K40c (0)","1","7","needle_cuda_shared_1(int*, int*, int, int, int, int)",0,0,0,0,0,0,0,0,562,593,501,506,146,140,147,144,157,172,158,166,209,202,209,208,311,312,308,311,150,160,161,143,0,0,0,0,0,0,0,0,0,0,0,0,0,0,0,0,0,0,0,0,0,0,0,0,0,0,0,0,0,0,0,0,0,0,0,0,5,0,0,4,500,495,352,511,211,202,209,209,265509,0,0,5202,0,0,0,0,4608,0,0,0,0,0,0,0,0,0,0,0,0,0,0,0,0,18,288,10764,12705,3133,172224,2520,900,0,0,342,288,207325,252450,18,127098,0,0,0,0,0,18,864,540,2898,1026,540,252,0,0,5418,1926,882,540,0,0,0.000000,0.000000,78.094905,0.050986,0.018684,0.896883,0.794471,78.094905,0.050986,0.762449,0.364548,0.073579,0.001672,0.000000,0.000000,1.593080,1.388945,1.142052,1.713078,0.000000,6.989124,52.355072,69.565217,49.436393,0.000000,1.713078,0.000000,0.000000,50.000000,0.000000,0.091493,598.000000,1.909582,0.000000,0.000000,2.150000,2.140000,2.578947,1.875000,0,0,5418,1926,882,540,0,9,0,1155,1007,1858,831,0.000000,0.000000,59.783952,21.252103,2.562721,1.146190,0.000000,12.711537,36.899038,1260,738,10110,4050,0,0,0,0,0,0,0,0,0,2.032594,46.582642,9.488881,0.000000,6.715910,0.116222,"Low (1)","Low (1)","Idle (0)","Low (1)","Low (1)","Low (1)","Low (1)","Low (1)","Idle (0)",10764,18971,15838,0.000000,0,0.000000,0.000000,0.000000,0.000000,0,0,68580,288,1440,42660,14130,0,0.000000,0,0.000000,1242,828,0,1.142052,0,932,1.285498,0.000000,3.500435,0.000000,0.000000,31.554706,0.008609,0.076480,0.000000
"Tesla K40c (0)","1","7","needle_cuda_shared_1(int*, int*, int, int, int, int)",0,0,0,0,0,0,0,0,594,615,446,465,149,149,156,156,190,190,200,173,213,214,223,224,333,325,324,329,175,161,160,170,0,0,0,0,0,0,0,0,0,0,0,0,0,0,0,0,0,0,0,0,0,0,0,0,0,0,0,0,0,0,0,0,0,0,0,0,1,0,0,0,344,508,364,534,214,215,224,228,257379,0,0,5491,0,0,0,0,4864,0,0,0,0,0,0,0,0,0,0,0,0,0,0,0,0,19,304,11362,12640,3083,181792,2660,950,0,0,361,304,200502,246810,19,134152,0,0,0,0,0,19,646,323,3059,1083,304,19,0,0,5719,2033,665,323,0,0,0.000000,0.000000,77.866104,0.058080,0.019713,0.992989,0.879603,77.866104,0.058080,0.655166,0.364548,0.028428,0.001672,0.000000,0.000000,1.749078,1.317957,1.264429,1.896643,0.000000,6.989124,52.355072,69.565217,50.800915,0.000000,1.896643,0.000000,0.000000,50.000000,0.000000,0.093797,598.000000,1.960721,0.000000,0.000000,2.150000,2.140000,1.842105,1.062500,0,0,5719,2033,665,323,0,1,0,1209,911,1750,881,0.000000,0.000000,66.190090,23.529368,2.531751,1.274556,0.000000,1.481436,36.897113,1330,779,9755,4275,0,0,0,0,0,0,0,0,0,2.085431,47.552678,11.262020,0.000000,7.151908,0.132780,"Low (1)","Low (1)","Idle (0)","Low (1)","Low (1)","Low (1)","Low (1)","Low (1)","Idle (0)",11362,18798,15718,0.000000,0,0.000000,0.000000,0.000000,0.000000,0,0,72390,304,1520,45030,14915,0,0.000000,0,0.000000,1311,874,0,1.264429,0,757,1.095163,0.000000,3.638005,0.000000,0.000000,28.160690,0.016489,0.078618,0.000000
"Tesla K40c (0)","1","7","needle_cuda_shared_1(int*, int*, int, int, int, int)",0,0,0,0,0,0,0,0,699,702,544,545,160,160,158,162,213,205,171,179,230,230,227,233,348,342,344,346,182,168,171,170,0,0,0,0,0,0,0,0,0,0,0,0,0,0,0,0,0,0,0,0,0,0,0,0,0,0,0,0,0,0,0,0,0,0,0,0,1,0,0,0,528,345,389,546,232,231,231,233,268656,0,0,5780,0,0,0,0,5120,0,0,0,0,0,0,0,0,0,0,0,0,0,0,0,0,20,320,11960,14115,3483,191360,2800,1000,0,0,380,320,206200,274318,20,141220,0,0,0,0,0,20,960,600,3220,1140,600,280,0,0,6020,2140,980,600,0,0,0.000000,0.000000,78.558082,0.057798,0.020713,0.997876,0.883932,78.558082,0.057798,0.762207,0.364548,0.073579,0.001672,0.000000,0.000000,1.934983,1.504066,1.270652,1.905979,0.000000,6.989124,52.355072,69.565217,50.072464,0.000000,1.905979,0.000000,0.000000,50.000000,0.000000,0.099886,598.000000,2.084567,0.000000,0.000000,2.150000,2.140000,2.578947,1.875000,0,0,6020,2140,980,600,0,1,0,1401,1089,1808,927,0.000000,0.000000,66.515889,23.645183,2.497108,1.280320,0.000000,1.414290,36.899038,1400,820,11241,4500,0,0,0,0,0,0,0,0,0,2.050744,46.731165,9.245056,0.000000,6.734274,0.118118,"Low (1)","Low (1)","Idle (0)","Low (1)","Low (1)","Low (1)","Low (1)","Low (1)","Idle (0)",11960,21076,17595,0.000000,0,0.000000,0.000000,0.000000,0.000000,0,0,76200,320,1600,47400,15700,0,0.000000,0,0.000000,1380,920,0,1.270652,0,1082,1.494398,0.000000,3.477484,0.000000,0.000000,31.634612,0.008548,0.083487,0.000000
"Tesla K40c (0)","1","7","needle_cuda_shared_1(int*, int*, int, int, int, int)",0,0,0,0,0,0,0,0,660,670,497,500,167,169,168,170,207,209,190,213,240,241,243,242,360,362,360,367,189,196,187,195,0,0,0,0,0,0,0,0,0,0,0,0,0,0,0,0,0,0,0,0,0,0,0,0,0,0,0,0,0,0,0,0,0,0,0,0,5,4,0,0,545,373,404,411,242,241,243,242,256458,0,0,6069,0,0,0,0,5376,0,0,0,0,0,0,0,0,0,0,0,0,0,0,0,0,21,336,12558,13969,3409,200928,2940,1050,0,0,399,336,201005,273282,21,148280,0,0,0,0,0,21,714,357,3381,1197,336,21,0,0,6321,2247,735,357,0,0,0.000000,0.000000,78.377356,0.064068,0.021726,1.100238,0.974605,78.377356,0.064068,0.654881,0.364548,0.028428,0.001672,0.000000,0.000000,1.928906,1.445954,1.400995,2.101492,0.000000,6.989124,52.355072,69.565217,52.933057,0.000000,2.101492,0.000000,0.000000,50.000000,0.000000,0.103415,598.000000,2.161389,0.000000,0.000000,2.150000,2.140000,1.842105,1.062500,0,0,6321,2247,735,357,0,9,0,1330,997,1733,968,0.000000,0.000000,73.339035,26.070687,2.513379,1.403895,0.000000,13.366013,36.898790,1470,861,10782,4725,0,0,0,0,0,0,0,0,0,4.705282,46.049496,11.274103,0.000000,6.930414,0.128651,"Low (1)","Low (1)","Idle (0)","Low (1)","Low (1)","Low (1)","Low (1)","Low (1)","Idle (0)",12558,20782,17374,0.000000,0,0.000000,0.000000,0.000000,0.000000,0,0,80010,336,1680,49770,16485,0,0.000000,0,0.000000,1449,966,0,1.400995,0,834,1.209555,0.000000,3.597664,0.000000,0.000000,27.298402,0.015986,0.086665,0.000000
"Tesla K40c (0)","1","7","needle_cuda_shared_1(int*, int*, int, int, int, int)",0,0,0,0,0,0,0,0,617,634,618,611,179,176,179,172,165,186,183,184,255,254,255,248,373,384,379,382,198,203,202,201,0,0,0,0,0,0,0,0,0,0,0,0,0,0,0,0,0,0,0,0,0,0,0,0,0,0,0,0,0,0,0,0,0,0,0,0,1,4,4,4,378,389,426,582,256,254,255,249,265356,0,0,6358,0,0,0,0,5632,0,0,0,0,0,0,0,0,0,0,0,0,0,0,0,0,22,352,13156,15534,3832,210496,3080,1100,0,0,418,352,206745,307932,22,155338,0,0,0,0,0,22,1056,660,3542,1254,660,308,0,0,6622,2354,1078,660,0,0,0.000000,0.000000,77.912314,0.062184,0.022742,1.091191,0.966591,77.912314,0.062184,0.763302,0.364548,0.073579,0.001672,0.000000,0.000000,1.717622,1.687416,1.389475,2.084213,0.000000,6.989124,52.355072,69.565217,52.964427,0.000000,2.084213,0.000000,0.000000,50.000000,0.000000,0.112128,598.000000,2.340323,0.000000,0.000000,2.150000,2.140000,2.578947,1.875000,0,0,6622,2354,1078,660,0,13,0,1251,1229,1775,1014,0.000000,0.000000,72.736010,25.856322,2.437074,1.392221,0.000000,18.277366,36.898088,1540,902,12364,4950,0,0,0,0,0,0,0,0,0,2.030532,46.839740,9.084595,0.000000,6.758519,0.116942,"Low (1)","Low (1)","Idle (0)","Low (1)","Low (1)","Low (1)","Low (1)","Low (1)","Idle (0)",13156,23182,19354,0.000000,0,0.000000,0.000000,0.000000,0.000000,0,0,83820,352,1760,52140,17270,0,0.000000,0,0.000000,1518,1012,0,1.389475,0,1056,1.449887,0.000000,3.430289,0.000000,0.000000,31.733004,0.006379,0.093700,0.000000
"Tesla K40c (0)","1","7","needle_cuda_shared_1(int*, int*, int, int, int, int)",0,0,0,0,0,0,0,0,658,686,543,556,183,183,186,186,206,227,185,200,261,262,267,268,401,400,397,389,233,229,225,218,0,0,0,0,0,0,0,0,0,0,0,0,0,0,0,0,0,0,0,0,0,0,0,0,0,0,0,0,0,0,0,0,0,0,0,0,5,0,0,4,577,583,440,589,263,267,267,268,256521,0,0,6647,0,0,0,0,5888,0,0,0,0,0,0,0,0,0,0,0,0,0,0,0,0,23,368,13754,15294,3722,220064,3220,1150,0,0,437,368,200763,297206,23,162402,0,0,0,0,0,23,782,391,3703,1311,368,23,0,0,6923,2461,805,391,0,0,0.000000,0.000000,78.046242,0.070443,0.023784,1.202564,1.065247,78.046242,0.070443,0.653192,0.364548,0.028428,0.001672,0.000000,0.000000,1.945234,1.590634,1.531293,2.296940,0.000000,6.989124,52.355072,69.565217,57.025835,0.000000,2.296940,0.000000,0.000000,50.000000,0.000000,0.113639,598.000000,2.375440,0.000000,0.000000,2.150000,2.140000,1.842105,1.062500,0,0,6923,2461,805,391,0,9,0,1344,1099,2189,1065,0.000000,0.000000,80.159867,28.495368,3.168243,1.541425,0.000000,13.338750,36.898811,1610,943,11801,5175,0,0,0,0,0,0,0,0,0,2.081178,47.601293,11.099856,0.000000,7.163075,0.137213,"Low (1)","Low (1)","Idle (0)","Low (1)","Low (1)","Low (1)","Low (1)","Low (1)","Idle (0)",13754,22751,19023,0.000000,0,0.000000,0.000000,0.000000,0.000000,0,0,87630,368,1840,54510,18055,0,0.000000,0,0.000000,1587,1058,0,1.531293,0,887,1.283797,0.000000,3.688937,0.000000,0.000000,28.211925,0.016523,0.095247,0.000000
"Tesla K40c (0)","1","7","needle_cuda_shared_1(int*, int*, int, int, int, int)",0,0,0,0,0,0,0,0,767,642,673,671,193,193,192,192,232,185,225,196,276,276,276,276,417,414,414,411,226,227,222,225,0,0,0,0,0,0,0,0,0,0,0,0,0,0,0,0,0,0,0,0,0,0,0,0,0,0,0,0,0,0,0,0,0,0,0,0,1,0,0,4,417,417,619,454,281,276,277,276,261069,0,0,6936,0,0,0,0,6144,0,0,0,0,0,0,0,0,0,0,0,0,0,0,0,0,24,384,14352,16946,4176,229632,3360,1200,0,0,456,384,207564,328462,24,169462,0,0,0,0,0,24,1152,720,3864,1368,720,336,0,0,7224,2568,1176,720,0,0,0.000000,0.000000,78.583823,0.069571,0.024714,1.202859,1.065508,78.583823,0.069571,0.762681,0.364548,0.073579,0.001672,0.000000,0.000000,1.954819,1.864640,1.531668,2.297502,0.000000,6.989124,52.355072,69.565217,54.347826,0.000000,2.297502,0.000000,0.000000,50.000000,0.000000,0.123261,598.000000,2.572529,0.000000,0.000000,2.150000,2.140000,2.578947,1.875000,0,0,7224,2568,1176,720,0,5,0,1409,1344,1907,1110,0.000000,0.000000,80.179499,28.502347,2.645735,1.539992,0.000000,7.103388,36.898603,1680,984,13484,5400,0,0,0,0,0,0,0,0,0,2.041881,47.020654,8.715982,0.000000,6.786271,0.117387,"Low (1)","Low (1)","Idle (0)","Low (1)","Low (1)","Low (1)","Low (1)","Low (1)","Idle (0)",14352,25288,21111,0.000000,0,0.000000,0.000000,0.000000,0.000000,0,0,91440,384,1920,56880,18840,0,0.000000,0,0.000000,1656,1104,0,1.531668,0,1145,1.588551,0.000000,3.427047,0.000000,0.000000,31.880344,0.010434,0.103057,0.000000
"Tesla K40c (0)","1","7","needle_cuda_shared_1(int*, int*, int, int, int, int)",0,0,0,0,0,0,0,0,643,713,596,589,201,202,200,198,201,221,218,195,288,291,286,285,439,435,427,424,251,253,247,248,0,0,0,0,0,0,0,0,0,0,0,0,0,0,0,0,0,0,0,0,0,0,0,0,0,0,0,0,0,0,0,0,0,0,0,0,1,0,4,4,442,435,474,624,290,292,290,285,253203,0,0,7225,0,0,0,0,6400,0,0,0,0,0,0,0,0,0,0,0,0,0,0,0,0,25,400,14950,16624,4054,239200,3500,1250,0,0,475,400,200907,322778,25,176520,0,0,0,0,0,25,850,425,4025,1425,400,25,0,0,7525,2675,875,425,0,0,0.000000,0.000000,77.272781,0.076803,0.025910,1.309361,1.159849,77.272781,0.076803,0.654314,0.364548,0.028428,0.001672,0.000000,0.000000,1.965944,1.718026,1.667283,2.500925,0.000000,6.989124,52.355072,69.565217,57.913043,0.000000,2.500925,0.000000,0.000000,50.000000,0.000000,0.126425,598.000000,2.642379,0.000000,0.000000,2.150000,2.140000,1.842105,1.062500,0,0,7525,2675,875,425,0,9,0,1356,1185,1975,1157,0.000000,0.000000,87.278644,31.025963,2.863377,1.677432,0.000000,13.361461,36.897993,1750,1025,12821,5625,0,0,0,0,0,0,0,0,0,2.057203,47.236290,11.246392,0.000000,7.111650,0.131855,"Low (1)","Low (1)","Idle (0)","Low (1)","Low (1)","Low (1)","Low (1)","Low (1)","Idle (0)",14950,24736,20680,0.000000,0,0.000000,0.000000,0.000000,0.000000,0,0,95250,400,2000,59250,19625,0,0.000000,0,0.000000,1725,1150,0,1.667283,0,905,1.312079,0.000000,4.199029,0.000000,0.000000,28.001181,0.016400,0.105951,0.000000
"Tesla K40c (0)","1","7","needle_cuda_shared_1(int*, int*, int, int, int, int)",0,0,0,0,0,0,0,0,705,703,724,727,207,208,208,210,201,210,200,191,297,298,300,301,448,448,449,449,243,261,258,258,0,0,0,0,0,0,0,0,0,0,0,0,0,0,0,0,0,0,0,0,0,0,0,0,0,0,0,0,0,0,0,0,0,0,0,0,5,0,0,4,497,631,489,652,303,298,304,301,264198,0,0,7514,0,0,0,0,6656,0,0,0,0,0,0,0,0,0,0,0,0,0,0,0,0,26,416,15548,18354,4525,248768,3640,1300,0,0,494,416,212620,365048,26,183592,0,0,0,0,0,26,1248,780,4186,1482,780,364,0,0,7826,2782,1274,780,0,0,0.000000,0.000000,78.204983,0.075159,0.026827,1.297961,1.149751,78.204983,0.075159,0.762477,0.364548,0.073579,0.001672,0.000000,0.000000,1.945733,2.005155,1.652767,2.479151,0.000000,6.989124,52.355072,69.565217,56.856187,0.000000,2.479151,0.000000,0.000000,50.000000,0.000000,0.132633,598.000000,2.768300,0.000000,0.000000,2.150000,2.140000,2.578947,1.875000,0,0,7826,2782,1274,780,0,9,0,1408,1451,2269,1206,0.000000,0.000000,86.518770,30.755842,3.135559,1.666586,0.000000,12.735704,36.900244,1820,1066,14616,5850,0,0,0,0,0,0,0,0,0,2.036686,46.936863,8.937152,0.000000,6.768331,0.115919,"Low (1)","Low (1)","Idle (0)","Low (1)","Low (1)","Low (1)","Low (1)","Low (1)","Idle (0)",15548,27403,22878,0.000000,0,0.000000,0.000000,0.000000,0.000000,0,0,99060,416,2080,61620,20410,0,0.000000,0,0.000000,1794,1196,0,1.652767,0,1224,1.691461,0.000000,3.406688,0.000000,0.000000,31.792355,0.006006,0.110829,0.000000
"Tesla K40c (0)","1","7","needle_cuda_shared_1(int*, int*, int, int, int, int)",0,0,0,0,0,0,0,0,758,722,643,648,219,214,217,216,230,231,189,216,313,308,310,311,464,465,466,468,275,279,278,266,0,0,0,0,0,0,0,0,0,0,0,0,0,0,0,0,0,0,0,0,0,0,0,0,0,0,0,0,0,0,0,0,0,0,0,0,1,0,0,0,481,468,506,511,315,308,314,311,256572,0,0,7803,0,0,0,0,6912,0,0,0,0,0,0,0,0,0,0,0,0,0,0,0,0,27,432,16146,17952,4374,258336,3780,1350,0,0,513,432,195445,348318,27,190648,0,0,0,0,0,27,918,459,4347,1539,432,27,0,0,8127,2889,945,459,0,0,0.000000,0.000000,78.257955,0.082627,0.027847,1.417281,1.255446,78.257955,0.082627,0.653660,0.364548,0.028428,0.001672,0.000000,0.000000,2.150533,1.875904,1.804704,2.707056,0.000000,6.989124,52.355072,69.565217,58.937198,0.000000,2.707056,0.000000,0.000000,50.000000,0.000000,0.132991,598.000000,2.780171,0.000000,0.000000,2.150000,2.140000,1.842105,1.062500,0,0,8127,2889,945,459,0,1,0,1480,1291,1966,1248,0.000000,0.000000,94.472345,33.583192,2.856722,1.813423,0.000000,1.487936,36.899232,1890,1107,13860,6075,0,0,0,0,0,0,0,0,0,2.096486,47.667605,11.002104,0.000000,7.185236,0.138048,"Low (1)","Low (1)","Idle (0)","Low (1)","Low (1)","Low (1)","Low (1)","Low (1)","Idle (0)",16146,26703,22329,0.000000,0,0.000000,0.000000,0.000000,0.000000,0,0,102870,432,2160,63990,21195,0,0.000000,0,0.000000,1863,1242,0,1.804704,0,1039,1.509732,0.000000,3.608877,0.000000,0.000000,28.285078,0.016566,0.111476,0.000000
"Tesla K40c (0)","1","7","needle_cuda_shared_1(int*, int*, int, int, int, int)",0,0,0,0,0,0,0,0,781,762,768,767,226,224,223,224,225,222,214,250,325,322,319,322,484,480,482,486,285,278,271,286,0,0,0,0,0,0,0,0,0,0,0,0,0,0,0,0,0,0,0,0,0,0,0,0,0,0,0,0,0,0,0,0,0,0,0,0,5,0,4,0,669,483,522,691,326,323,319,326,263862,0,0,8092,0,0,0,0,7168,0,0,0,0,0,0,0,0,0,0,0,0,0,0,0,0,28,448,16744,19767,4874,267904,3920,1400,0,0,532,448,207831,381484,28,197704,0,0,0,0,0,28,1344,840,4508,1596,840,392,0,0,8428,2996,1372,840,0,0,0.000000,0.000000,78.611926,0.078818,0.028786,1.402878,1.242688,78.611926,0.078818,0.762781,0.364548,0.073579,0.001672,0.000000,0.000000,2.140031,2.128935,1.786364,2.679546,0.000000,6.989124,52.355072,69.565217,57.971014,0.000000,2.679546,0.000000,0.000000,50.000000,0.000000,0.142291,598.000000,2.969840,0.000000,0.000000,2.150000,2.140000,2.578947,1.875000,0,0,8428,2996,1372,840,0,9,0,1543,1535,2365,1294,0.000000,0.000000,93.512276,33.241905,3.280086,1.794686,0.000000,12.781934,36.898292,1960,1148,15738,6300,0,0,0,0,0,0,0,0,0,4.137589,45.895669,8.745693,0.000000,6.618834,0.111768,"Low (1)","Low (1)","Idle (0)","Low (1)","Low (1)","Low (1)","Low (1)","Low (1)","Idle (0)",16744,29516,24641,0.000000,0,0.000000,0.000000,0.000000,0.000000,0,0,106680,448,2240,66360,21980,0,0.000000,0,0.000000,1932,1288,0,1.786364,0,1270,1.761399,0.000000,3.425546,0.000000,0.000000,31.056178,0.008723,0.118948,0.000000
"Tesla K40c (0)","1","7","needle_cuda_shared_1(int*, int*, int, int, int, int)",0,0,0,0,0,0,0,0,697,714,685,695,231,230,234,234,211,203,209,232,330,332,336,336,507,500,498,496,313,304,273,294,0,0,0,0,0,0,0,0,0,0,0,0,0,0,0,0,0,0,0,0,0,0,0,0,0,0,0,0,0,0,0,0,0,0,0,0,1,0,0,0,692,505,698,539,332,332,336,337,253605,0,0,8381,0,0,0,0,7424,0,0,0,0,0,0,0,0,0,0,0,0,0,0,0,0,29,464,17342,19278,4702,277472,4060,1450,0,0,551,464,195617,384870,29,204768,0,0,0,0,0,29,986,493,4669,1653,464,29,0,0,8729,3103,1015,493,0,0,0.000000,0.000000,77.460618,0.088510,0.029978,1.518415,1.345032,77.460618,0.088510,0.652693,0.364548,0.028428,0.001672,0.000000,0.000000,2.045087,2.000156,1.933484,2.900226,0.000000,6.989124,52.355072,69.565217,59.170415,0.000000,2.900226,0.000000,0.000000,50.000000,0.000000,0.146006,598.000000,3.051760,0.000000,0.000000,2.150000,2.140000,1.842105,1.062500,0,0,8729,3103,1015,493,0,1,0,1411,1380,2434,1337,0.000000,0.000000,101.213684,35.979615,3.527811,1.937832,0.000000,1.484173,36.898858,2030,1189,14878,6525,0,0,0,0,0,0,0,0,0,2.098666,47.508296,11.181503,0.000000,7.157778,0.137179,"Low (1)","Low (1)","Idle (0)","Low (1)","Low (1)","Low (1)","Low (1)","Low (1)","Idle (0)",17342,28661,23967,0.000000,0,0.000000,0.000000,0.000000,0.000000,0,0,110490,464,2320,68730,22765,0,0.000000,0,0.000000,2001,1334,0,1.933484,0,1007,1.459534,0.000000,3.719768,0.000000,0.000000,28.180302,0.016507,0.122366,0.000000
"Tesla K40c (0)","1","7","needle_cuda_shared_1(int*, int*, int, int, int, int)",0,0,0,0,0,0,0,0,784,815,838,835,238,242,241,240,220,220,270,224,343,347,346,344,518,517,522,513,305,302,286,307,0,0,0,0,0,0,0,0,0,0,0,0,0,0,0,0,0,0,0,0,0,0,0,0,0,0,0,0,0,0,0,0,0,0,0,0,1,0,0,0,521,517,562,713,345,347,346,344,263916,0,0,8670,0,0,0,0,7680,0,0,0,0,0,0,0,0,0,0,0,0,0,0,0,0,30,480,17940,21168,5220,287040,4200,1500,0,0,570,480,207309,407736,30,211836,0,0,0,0,0,30,1440,900,4830,1710,900,420,0,0,9030,3210,1470,900,0,0,0.000000,0.000000,78.506040,0.084887,0.030731,1.493354,1.322833,78.506040,0.084887,0.761873,0.364548,0.073579,0.001672,0.000000,0.000000,2.203344,2.305312,1.901572,2.852358,0.000000,6.989124,52.355072,69.565217,57.971014,0.000000,2.852358,0.000000,0.000000,50.000000,0.000000,0.152609,598.000000,3.185241,0.000000,0.000000,2.150000,2.140000,2.578947,1.875000,0,0,9030,3210,1470,900,0,1,0,1599,1673,2313,1382,0.000000,0.000000,99.543174,35.385779,3.187200,1.904328,0.000000,1.411021,36.900084,2100,1230,16855,6750,0,0,0,0,0,0,0,0,0,4.205489,45.923324,8.730207,0.000000,6.622881,0.109465,"Low (1)","Low (1)","Idle (0)","Low (1)","Low (1)","Low (1)","Low (1)","Low (1)","Idle (0)",17940,31619,26398,0.000000,0,0.000000,0.000000,0.000000,0.000000,0,0,114300,480,2400,71100,23550,0,0.000000,0,0.000000,2070,1380,0,1.901572,0,1377,1.897438,0.000000,3.311440,0.000000,0.000000,31.091085,0.006110,0.127525,0.000000
"Tesla K40c (0)","1","7","needle_cuda_shared_1(int*, int*, int, int, int, int)",0,0,0,0,0,0,0,0,707,760,734,746,248,247,250,251,205,208,222,227,355,353,360,358,531,539,534,535,319,323,326,319,0,0,0,0,0,0,0,0,0,0,0,0,0,0,0,0,0,0,0,0,0,0,0,0,0,0,0,0,0,0,0,0,0,0,0,0,1,0,0,0,540,551,574,591,361,353,360,358,252765,0,0,8959,0,0,0,0,7936,0,0,0,0,0,0,0,0,0,0,0,0,0,0,0,0,31,496,18538,20598,5021,296608,4340,1550,0,0,589,496,195810,399560,31,218892,0,0,0,0,0,31,1054,527,4991,1767,496,31,0,0,9331,3317,1085,527,0,0,0.000000,0.000000,77.467213,0.094824,0.031934,1.631146,1.444890,77.467213,0.094824,0.652498,0.364548,0.028428,0.001672,0.000000,0.000000,2.136748,2.155683,2.077030,3.115545,0.000000,6.989124,52.355072,69.565217,60.168303,0.000000,3.115545,0.000000,0.000000,50.000000,0.000000,0.156478,598.000000,3.270900,0.000000,0.000000,2.150000,2.140000,1.842105,1.062500,0,0,9331,3317,1085,527,0,1,0,1467,1480,2256,1432,0.000000,0.000000,108.728008,38.650820,3.285961,2.085769,0.000000,1.491499,36.899207,2170,1271,15903,6975,0,0,0,0,0,0,0,0,0,2.097947,47.522037,11.300365,0.000000,7.160928,0.132620,"Low (1)","Low (1)","Idle (0)","Low (1)","Low (1)","Low (1)","Low (1)","Low (1)","Idle (0)",18538,30634,25619,0.000000,0,0.000000,0.000000,0.000000,0.000000,0,0,118110,496,2480,73470,24335,0,0.000000,0,0.000000,2139,1426,0,2.077030,0,1089,1.586175,0.000000,3.581795,0.000000,0.000000,28.187798,0.016511,0.131153,0.000000
"Tesla K40c (0)","1","7","needle_cuda_shared_1(int*, int*, int, int, int, int)",0,0,0,0,0,0,0,0,887,902,892,897,255,258,254,261,251,242,310,255,365,368,366,373,551,555,552,550,305,312,298,298,0,0,0,0,0,0,0,0,0,0,0,0,0,0,0,0,0,0,0,0,0,0,0,0,0,0,0,0,0,0,0,0,0,0,0,0,5,4,0,0,556,560,592,593,367,368,367,373,269076,0,0,9248,0,0,0,0,8192,0,0,0,0,0,0,0,0,0,0,0,0,0,0,0,0,32,512,19136,22594,5574,306176,4480,1600,0,0,608,512,208699,435632,32,225948,0,0,0,0,0,32,1536,960,5152,1824,960,448,0,0,9632,3424,1568,960,0,0,0.000000,0.000000,77.561358,0.091845,0.032670,1.570617,1.391273,77.561358,0.091845,0.763535,0.364548,0.073579,0.001672,0.000000,0.000000,2.430652,2.430652,1.999955,2.999933,0.000000,6.989124,52.355072,69.565217,54.936594,0.000000,2.999933,0.000000,0.000000,50.000000,0.000000,0.161678,598.000000,3.374238,0.000000,0.000000,2.150000,2.140000,2.578947,1.875000,0,0,9632,3424,1568,960,0,9,0,1789,1789,2301,1475,0.000000,0.000000,104.693310,37.216559,3.126289,2.004031,0.000000,12.521459,36.898385,2240,1312,17990,7200,0,0,0,0,0,0,0,0,0,2.068554,47.139031,8.629173,0.000000,6.790731,0.117014,"Low (1)","Low (1)","Idle (0)","Low (1)","Low (1)","Low (1)","Low (1)","Low (1)","Idle (0)",19136,33747,28175,0.000000,0,0.000000,0.000000,0.000000,0.000000,0,0,121920,512,2560,75840,25120,0,0.000000,0,0.000000,2208,1472,0,1.999955,0,1492,2.027129,0.000000,3.379698,0.000000,0.000000,31.866007,0.009792,0.135161,0.000000
"Tesla K40c (0)","1","7","needle_cuda_shared_2(int*, int*, int, int, int, int)",0,0,0,0,0,0,0,0,808,952,742,737,249,250,245,250,248,284,265,264,358,358,353,357,527,537,536,539,291,303,285,286,0,0,0,0,0,0,0,0,0,0,0,0,0,0,0,0,0,0,0,0,0,0,0,0,0,0,0,0,0,0,0,0,0,0,0,0,1,0,0,0,532,540,591,762,360,359,353,357,250374,0,0,8959,0,0,0,0,7936,0,0,0,0,0,0,0,0,0,0,0,0,0,0,0,0,31,496,18538,19946,5434,296608,4340,1550,0,0,589,496,196918,390508,31,218922,0,0,0,0,0,31,1054,527,4991,1767,496,31,0,0,9331,3317,1085,527,0,0,0.000000,0.000000,76.963263,0.096339,0.031710,1.643354,1.455705,76.963263,0.096339,0.662207,0.364548,0.028428,0.001672,0.000000,0.000000,2.582702,2.170350,2.092575,3.138863,0.000000,6.989124,52.355072,69.565217,54.464703,0.000000,3.138863,0.000000,0.000000,50.000000,0.000000,0.159900,598.000000,3.291973,0.000000,0.000000,2.150000,2.140000,1.842105,1.062500,0,0,9331,3317,1085,527,0,1,0,1760,1479,2425,1429,0.000000,0.000000,109.541768,38.940097,3.558552,2.096978,0.000000,1.502663,36.904264,2108,1240,15863,6975,0,0,0,0,0,0,0,0,0,2.208119,48.882878,9.529149,0.000000,7.267146,0.090349,"Low (1)","Low (1)","Idle (0)","Low (1)","Low (1)","Low (1)","Low (1)","Low (1)","Idle (0)",18538,30812,25374,0.000000,0,0.000000,0.000000,0.000000,0.000000,0,0,119598,496,2015,73470,23343,0,0.000000,0,0.000000,2139,1426,0,2.092575,0,1184,1.737454,0.000000,3.686912,0.000000,0.000000,28.318574,0.016872,0.132001,0.000000
"Tesla K40c (0)","1","7","needle_cuda_shared_2(int*, int*, int, int, int, int)",0,0,0,0,0,0,0,0,827,961,824,842,240,236,248,236,230,271,287,247,344,341,354,341,516,522,513,519,289,279,271,276,0,0,0,0,0,0,0,0,0,0,0,0,0,0,0,0,0,0,0,0,0,0,0,0,0,0,0,0,0,0,0,0,0,0,0,0,1,0,0,0,516,687,553,559,349,342,354,341,261639,0,0,8670,0,0,0,0,7680,0,0,0,0,0,0,0,0,0,0,0,0,0,0,0,0,30,480,17940,20611,5636,287040,4200,1500,0,0,570,480,202694,396832,30,211860,0,0,0,0,0,30,1440,900,4830,1710,900,420,0,0,9030,3210,1470,900,0,0,0.000000,0.000000,77.470866,0.088489,0.030710,1.519204,1.345730,77.470866,0.088489,0.776254,0.364548,0.073579,0.001672,0.000000,0.000000,2.506423,2.335403,1.934488,2.901731,0.000000,6.989124,52.355072,69.565217,53.864734,0.000000,2.901731,0.000000,0.000000,50.000000,0.000000,0.157296,598.000000,3.237269,0.000000,0.000000,2.150000,2.140000,2.578947,1.875000,0,0,9030,3210,1470,900,0,1,0,1788,1666,2315,1386,0.000000,0.000000,101.266217,35.998290,3.245173,1.942898,0.000000,1.435446,36.904264,2040,1200,16820,6750,0,0,0,0,0,0,0,0,0,2.056295,48.452449,7.068580,0.000000,6.884697,0.076218,"Low (1)","Low (1)","Idle (0)","Low (1)","Low (1)","Low (1)","Low (1)","Low (1)","Idle (0)",17940,31866,26235,0.000000,0,0.000000,0.000000,0.000000,0.000000,0,0,115740,480,1950,71100,22590,0,0.000000,0,0.000000,2070,1380,0,1.934488,0,1459,2.045230,0.000000,3.484189,0.000000,0.000000,31.970643,0.006929,0.129619,0.000000
"Tesla K40c (0)","1","7","needle_cuda_shared_2(int*, int*, int, int, int, int)",0,0,0,0,0,0,0,0,726,815,695,688,234,232,232,233,220,234,272,232,334,335,332,333,502,493,506,500,297,282,280,278,0,0,0,0,0,0,0,0,0,0,0,0,0,0,0,0,0,0,0,0,0,0,0,0,0,0,0,0,0,0,0,0,0,0,0,0,1,0,0,0,507,658,551,548,336,335,336,333,249132,0,0,8381,0,0,0,0,7424,0,0,0,0,0,0,0,0,0,0,0,0,0,0,0,0,29,464,17342,18654,5087,277472,4060,1450,0,0,551,464,191370,364360,29,204798,0,0,0,0,0,29,986,493,4669,1653,464,29,0,0,8729,3103,1015,493,0,0,0.000000,0.000000,76.814701,0.090951,0.029806,1.542572,1.366431,76.814701,0.090951,0.662323,0.364548,0.028428,0.001672,0.000000,0.000000,2.269040,2.036394,1.964244,2.946366,0.000000,6.989124,52.355072,69.565217,56.821589,0.000000,2.946366,0.000000,0.000000,50.000000,0.000000,0.150609,598.000000,3.101583,0.000000,0.000000,2.150000,2.140000,1.842105,1.062500,0,0,8729,3103,1015,493,0,1,0,1541,1383,2264,1340,0.000000,0.000000,102.823902,36.552018,3.333619,1.973079,0.000000,1.507785,36.904264,1972,1160,14835,6525,0,0,0,0,0,0,0,0,0,2.191664,48.974932,9.432369,0.000000,7.272738,0.087364,"Low (1)","Low (1)","Idle (0)","Low (1)","Low (1)","Low (1)","Low (1)","Low (1)","Idle (0)",17342,28822,23742,0.000000,0,0.000000,0.000000,0.000000,0.000000,0,0,111882,464,1885,68730,21837,0,0.000000,0,0.000000,2001,1334,0,1.964244,0,1035,1.523982,0.000000,3.675683,0.000000,0.000000,28.348360,0.016890,0.124366,0.000000
"Tesla K40c (0)","1","7","needle_cuda_shared_2(int*, int*, int, int, int, int)",0,0,0,0,0,0,0,0,754,747,768,770,222,228,222,224,210,220,213,246,319,327,320,322,480,483,481,488,283,272,283,273,0,0,0,0,0,0,0,0,0,0,0,0,0,0,0,0,0,0,0,0,0,0,0,0,0,0,0,0,0,0,0,0,0,0,0,0,1,0,0,0,485,483,521,528,325,328,320,322,260133,0,0,8092,0,0,0,0,7168,0,0,0,0,0,0,0,0,0,0,0,0,0,0,0,0,28,448,16744,19238,5257,267904,3920,1400,0,0,532,448,202073,372356,28,197736,0,0,0,0,0,28,1344,840,4508,1596,840,392,0,0,8428,2996,1372,840,0,0,0.000000,0.000000,77.230109,0.083441,0.028792,1.424153,1.261534,77.230109,0.083441,0.777114,0.364548,0.073579,0.001672,0.000000,0.000000,2.113350,2.165445,1.813454,2.720182,0.000000,6.989124,52.355072,69.565217,57.505176,0.000000,2.720182,0.000000,0.000000,50.000000,0.000000,0.148093,598.000000,3.048143,0.000000,0.000000,2.150000,2.140000,2.578947,1.875000,0,0,8428,2996,1372,840,0,1,0,1501,1538,2017,1295,0.000000,0.000000,94.930400,33.746023,2.839858,1.823310,0.000000,1.441752,36.904264,1904,1120,15700,6300,0,0,0,0,0,0,0,0,0,2.067446,48.699454,6.620647,0.000000,6.917308,0.078038,"Low (1)","Low (1)","Idle (0)","Low (1)","Low (1)","Low (1)","Low (1)","Low (1)","Idle (0)",16744,29756,24499,0.000000,0,0.000000,0.000000,0.000000,0.000000,0,0,108024,448,1820,66360,21084,0,0.000000,0,0.000000,1932,1288,0,1.813454,0,1254,1.765584,0.000000,3.475008,0.000000,0.000000,32.133492,0.008607,0.122075,0.000000
"Tesla K40c (0)","1","7","needle_cuda_shared_2(int*, int*, int, int, int, int)",0,0,0,0,0,0,0,0,651,726,640,648,212,218,217,218,192,224,224,230,307,310,312,313,460,471,464,468,271,282,277,285,0,0,0,0,0,0,0,0,0,0,0,0,0,0,0,0,0,0,0,0,0,0,0,0,0,0,0,0,0,0,0,0,0,0,0,0,5,0,0,4,465,476,516,520,308,314,312,317,248739,0,0,7803,0,0,0,0,6912,0,0,0,0,0,0,0,0,0,0,0,0,0,0,0,0,27,432,16146,17371,4736,258336,3780,1350,0,0,513,432,189489,347392,27,190674,0,0,0,0,0,27,918,459,4347,1539,432,27,0,0,8127,2889,945,459,0,0,0.000000,0.000000,76.179851,0.085002,0.027866,1.432366,1.268809,76.179851,0.085002,0.663322,0.364548,0.028428,0.001672,0.000000,0.000000,2.022164,1.891465,1.823913,2.735869,0.000000,6.989124,52.355072,69.565217,59.849705,0.000000,2.735869,0.000000,0.000000,50.000000,0.000000,0.141660,598.000000,2.916660,0.000000,0.000000,2.150000,2.140000,1.842105,1.062500,0,0,8127,2889,945,459,0,9,0,1377,1288,1977,1251,0.000000,0.000000,95.477865,33.940636,2.903281,1.837129,0.000000,13.533960,36.904264,1836,1080,13814,6075,0,0,0,0,0,0,0,0,0,2.223172,49.229812,8.935442,0.000000,7.312074,0.087393,"Low (1)","Low (1)","Idle (0)","Low (1)","Low (1)","Low (1)","Low (1)","Low (1)","Idle (0)",16146,26856,22118,0.000000,0,0.000000,0.000000,0.000000,0.000000,0,0,104166,432,1755,63990,20331,0,0.000000,0,0.000000,1863,1242,0,1.823913,0,930,1.365732,0.000000,3.695647,0.000000,0.000000,28.499484,0.016976,0.116951,0.000000
"Tesla K40c (0)","1","7","needle_cuda_shared_2(int*, int*, int, int, int, int)",0,0,0,0,0,0,0,0,737,764,729,716,216,204,210,204,225,214,224,177,306,295,300,295,449,446,453,446,269,269,280,268,0,0,0,0,0,0,0,0,0,0,0,0,0,0,0,0,0,0,0,0,0,0,0,0,0,0,0,0,0,0,0,0,0,0,0,0,5,0,4,0,646,446,673,666,308,295,300,295,264981,0,0,7514,0,0,0,0,6656,0,0,0,0,0,0,0,0,0,0,0,0,0,0,0,0,26,416,15548,17861,4882,248768,3640,1300,0,0,494,416,200510,350988,26,183612,0,0,0,0,0,26,1248,780,4186,1482,780,364,0,0,7826,2782,1274,780,0,0,0.000000,0.000000,77.758783,0.076122,0.026850,1.320868,1.170042,77.758783,0.076122,0.776756,0.364548,0.073579,0.001672,0.000000,0.000000,2.110857,2.032104,1.681936,2.522903,0.000000,6.989124,52.355072,69.565217,60.535117,0.000000,2.522903,0.000000,0.000000,50.000000,0.000000,0.134101,598.000000,2.759821,0.000000,0.000000,2.150000,2.140000,2.578947,1.875000,0,0,7826,2782,1274,780,0,9,0,1501,1445,2431,1198,0.000000,0.000000,88.045668,31.298626,3.418717,1.684748,0.000000,12.960465,36.904264,1768,1040,14579,5850,0,0,0,0,0,0,0,0,0,2.062785,49.003744,5.920324,0.000000,6.960112,0.075870,"Low (1)","Low (1)","Idle (0)","Low (1)","Low (1)","Low (1)","Low (1)","Low (1)","Idle (0)",15548,27631,22746,0.000000,0,0.000000,0.000000,0.000000,0.000000,0,0,100308,416,1690,61620,19578,0,0.000000,0,0.000000,1794,1196,0,1.681936,0,1272,1.788814,0.000000,3.628686,0.000000,0.000000,32.339150,0.009328,0.110538,0.000000
"Tesla K40c (0)","1","7","needle_cuda_shared_2(int*, int*, int, int, int, int)",0,0,0,0,0,0,0,0,567,534,595,597,200,200,200,202,168,166,151,190,286,286,288,290,437,431,428,429,274,265,281,286,0,0,0,0,0,0,0,0,0,0,0,0,0,0,0,0,0,0,0,0,0,0,0,0,0,0,0,0,0,0,0,0,0,0,0,0,1,0,0,0,437,436,468,474,287,286,288,290,248547,0,0,7225,0,0,0,0,6400,0,0,0,0,0,0,0,0,0,0,0,0,0,0,0,0,25,400,14950,16076,4385,239200,3500,1250,0,0,475,400,188708,314114,25,176550,0,0,0,0,0,25,850,425,4025,1425,400,25,0,0,7525,2675,875,425,0,0,0.000000,0.000000,75.871364,0.076741,0.025897,1.336539,1.183924,75.871364,0.076741,0.661806,0.364548,0.028428,0.001672,0.000000,0.000000,1.629375,1.764046,1.701890,2.552836,0.000000,6.989124,52.355072,69.565217,64.115942,0.000000,2.552836,0.000000,0.000000,50.000000,0.000000,0.131756,598.000000,2.712567,0.000000,0.000000,2.150000,2.140000,1.842105,1.062500,0,0,7525,2675,875,425,0,1,0,1101,1192,1815,1151,0.000000,0.000000,89.090268,31.669962,2.686027,1.703370,0.000000,1.515422,36.904264,1700,1000,12780,5625,0,0,0,0,0,0,0,0,0,4.840358,48.131536,8.331122,0.000000,7.141435,0.086921,"Low (1)","Low (1)","Idle (0)","Low (1)","Low (1)","Low (1)","Low (1)","Low (1)","Idle (0)",14950,24844,20463,0.000000,0,0.000000,0.000000,0.000000,0.000000,0,0,96450,400,1625,59250,18825,0,0.000000,0,0.000000,1725,1150,0,1.701890,0,816,1.207602,0.000000,3.600244,0.000000,0.000000,27.851797,0.016588,0.108768,0.000000
"Tesla K40c (0)","1","7","needle_cuda_shared_2(int*, int*, int, int, int, int)",0,0,0,0,0,0,0,0,645,562,674,667,191,194,191,194,192,158,156,157,274,279,273,278,413,417,410,416,259,263,261,265,0,0,0,0,0,0,0,0,0,0,0,0,0,0,0,0,0,0,0,0,0,0,0,0,0,0,0,0,0,0,0,0,0,0,0,0,1,0,4,0,418,417,630,461,276,280,273,278,261840,0,0,6936,0,0,0,0,6144,0,0,0,0,0,0,0,0,0,0,0,0,0,0,0,0,24,384,14352,16489,4506,229632,3360,1200,0,0,456,384,198293,322590,24,169488,0,0,0,0,0,24,1152,720,3864,1368,720,336,0,0,7224,2568,1176,720,0,0,0.000000,0.000000,77.576764,0.070844,0.024881,1.231877,1.091213,77.576764,0.070844,0.776826,0.364548,0.073579,0.001672,0.000000,0.000000,1.714966,1.905359,1.568618,2.352927,0.000000,6.989124,52.355072,69.565217,63.285024,0.000000,2.352927,0.000000,0.000000,50.000000,0.000000,0.125542,598.000000,2.583975,0.000000,0.000000,2.150000,2.140000,2.578947,1.875000,0,0,7224,2568,1176,720,0,5,0,1207,1341,1926,1107,0.000000,0.000000,82.113746,29.189936,2.736557,1.572881,0.000000,7.274750,36.904264,1632,960,13454,5400,0,0,0,0,0,0,0,0,0,2.095460,49.231800,5.554728,0.000000,6.992311,0.075128,"Low (1)","Low (1)","Idle (0)","Low (1)","Low (1)","Low (1)","Low (1)","Low (1)","Idle (0)",14352,25501,20995,0.000000,0,0.000000,0.000000,0.000000,0.000000,0,0,92592,384,1560,56880,18072,0,0.000000,0,0.000000,1656,1104,0,1.568618,0,1115,1.584247,0.000000,3.538457,0.000000,0.000000,32.505347,0.006768,0.103457,0.000000
"Tesla K40c (0)","1","7","needle_cuda_shared_2(int*, int*, int, int, int, int)",0,0,0,0,0,0,0,0,465,622,539,556,180,185,184,188,132,184,135,179,261,263,266,268,392,397,394,404,261,265,262,263,0,0,0,0,0,0,0,0,0,0,0,0,0,0,0,0,0,0,0,0,0,0,0,0,0,0,0,0,0,0,0,0,0,0,0,0,1,0,0,0,397,400,434,456,263,263,270,268,248709,0,0,6647,0,0,0,0,5888,0,0,0,0,0,0,0,0,0,0,0,0,0,0,0,0,23,368,13754,14781,4027,220064,3220,1150,0,0,437,368,187457,287148,23,162426,0,0,0,0,0,23,782,391,3703,1311,368,23,0,0,6923,2461,805,391,0,0,0.000000,0.000000,75.469324,0.073217,0.023884,1.232002,1.091323,75.469324,0.073217,0.660244,0.364548,0.028428,0.001672,0.000000,0.000000,1.611778,1.623640,1.568777,2.353166,0.000000,6.989124,52.355072,69.565217,66.225583,0.000000,2.353166,0.000000,0.000000,50.000000,0.000000,0.121636,598.000000,2.504275,0.000000,0.000000,2.150000,2.140000,1.842105,1.062500,0,0,6923,2461,805,391,0,1,0,1087,1095,1687,1064,0.000000,0.000000,82.122087,29.192901,2.501444,1.577674,0.000000,1.518363,36.904264,1564,920,11761,5175,0,0,0,0,0,0,0,0,0,2.189607,49.487357,8.398575,0.000000,7.361393,0.091450,"Low (1)","Low (1)","Idle (0)","Low (1)","Low (1)","Low (1)","Low (1)","Low (1)","Idle (0)",13754,22831,18802,0.000000,0,0.000000,0.000000,0.000000,0.000000,0,0,88734,368,1495,54510,17319,0,0.000000,0,0.000000,1587,1058,0,1.568777,0,815,1.208463,0.000000,3.745009,0.000000,0.000000,28.709507,0.017100,0.100416,0.000000
"Tesla K40c (0)","1","7","needle_cuda_shared_2(int*, int*, int, int, int, int)",0,0,0,0,0,0,0,0,461,464,616,618,180,172,184,173,130,127,182,164,255,249,259,249,379,376,385,378,253,252,260,255,0,0,0,0,0,0,0,0,0,0,0,0,0,0,0,0,0,0,0,0,0,0,0,0,0,0,0,0,0,0,0,0,0,0,0,0,1,4,0,0,379,381,605,418,256,249,259,249,259938,0,0,6358,0,0,0,0,5632,0,0,0,0,0,0,0,0,0,0,0,0,0,0,0,0,22,352,13156,15115,4132,210496,3080,1100,0,0,418,352,201737,294872,22,155364,0,0,0,0,0,22,1056,660,3542,1254,660,308,0,0,6622,2354,1078,660,0,0,0.000000,0.000000,75.855781,0.065232,0.022845,1.112722,0.985664,75.855781,0.065232,0.777060,0.364548,0.073579,0.001672,0.000000,0.000000,1.295084,1.727711,1.416891,2.125337,0.000000,6.989124,52.355072,69.565217,67.193676,0.000000,2.125337,0.000000,0.000000,50.000000,0.000000,0.118512,598.000000,2.439420,0.000000,0.000000,2.150000,2.140000,2.578947,1.875000,0,0,6622,2354,1078,660,0,5,0,925,1234,1783,1013,0.000000,0.000000,74.171184,26.366501,2.496361,1.418291,0.000000,7.168462,36.904264,1496,880,12341,4950,0,0,0,0,0,0,0,0,0,4.396025,48.139033,5.332823,0.000000,6.839784,0.072894,"Low (1)","Low (1)","Idle (0)","Low (1)","Low (1)","Low (1)","Low (1)","Low (1)","Idle (0)",13156,23368,19240,0.000000,0,0.000000,0.000000,0.000000,0.000000,0,0,84876,352,1430,52140,16566,0,0.000000,0,0.000000,1518,1012,0,1.416891,0,847,1.185876,0.000000,3.483043,0.000000,0.000000,31.727737,0.008661,0.097699,0.000000
"Tesla K40c (0)","1","7","needle_cuda_shared_2(int*, int*, int, int, int, int)",0,0,0,0,0,0,0,0,375,426,490,513,167,166,170,175,105,106,120,123,238,236,244,248,356,354,371,368,251,249,246,243,0,0,0,0,0,0,0,0,0,0,0,0,0,0,0,0,0,0,0,0,0,0,0,0,0,0,0,0,0,0,0,0,0,0,0,0,1,0,0,4,361,357,627,424,239,237,249,248,244281,0,0,6069,0,0,0,0,5376,0,0,0,0,0,0,0,0,0,0,0,0,0,0,0,0,21,336,12558,13504,3680,200928,2940,1050,0,0,399,336,193105,269916,21,148302,0,0,0,0,0,21,714,357,3381,1197,336,21,0,0,6321,2247,735,357,0,0,0.000000,0.000000,76.795576,0.067081,0.021840,1.139384,1.009281,76.795576,0.067081,0.661411,0.364548,0.028428,0.001672,0.000000,0.000000,1.203027,1.506412,1.450841,2.176262,0.000000,6.989124,52.355072,69.565217,68.253968,0.000000,2.176262,0.000000,0.000000,50.000000,0.000000,0.111137,598.000000,2.288283,0.000000,0.000000,2.150000,2.140000,1.842105,1.062500,0,0,6321,2247,735,357,0,5,0,801,1003,1769,973,0.000000,0.000000,75.948387,26.998264,2.656872,1.461355,0.000000,7.689758,36.904264,1428,840,10742,4725,0,0,0,0,0,0,0,0,0,4.775507,48.375675,7.825243,0.000000,7.191903,0.089909,"Low (1)","Low (1)","Idle (0)","Low (1)","Low (1)","Low (1)","Low (1)","Low (1)","Idle (0)",12558,20849,17171,0.000000,0,0.000000,0.000000,0.000000,0.000000,0,0,81018,336,1365,49770,15813,0,0.000000,0,0.000000,1449,966,0,1.450841,0,672,1.009281,0.000000,3.674323,0.000000,0.000000,28.050731,0.016709,0.091755,0.000000
"Tesla K40c (0)","1","7","needle_cuda_shared_2(int*, int*, int, int, int, int)",0,0,0,0,0,0,0,0,384,400,545,542,159,163,159,165,105,106,107,104,228,232,227,233,345,345,345,345,240,239,240,245,0,0,0,0,0,0,0,0,0,0,0,0,0,0,0,0,0,0,0,0,0,0,0,0,0,0,0,0,0,0,0,0,0,0,0,0,5,0,0,0,348,348,565,385,230,232,228,237,256686,0,0,5780,0,0,0,0,5120,0,0,0,0,0,0,0,0,0,0,0,0,0,0,0,0,20,320,11960,13745,3756,191360,2800,1000,0,0,380,320,195961,267726,20,141240,0,0,0,0,0,20,960,600,3220,1140,600,280,0,0,6020,2140,980,600,0,0,0.000000,0.000000,76.706949,0.060787,0.020821,1.034306,0.916202,76.706949,0.060787,0.777341,0.364548,0.073579,0.001672,0.000000,0.000000,1.122347,1.556111,1.317040,1.975560,0.000000,6.989124,52.355072,69.565217,69.855072,0.000000,1.975560,0.000000,0.000000,50.000000,0.000000,0.107925,598.000000,2.221604,0.000000,0.000000,2.150000,2.140000,2.578947,1.875000,0,0,6020,2140,980,600,0,5,0,784,1087,1646,927,0.000000,0.000000,68.944176,24.508395,2.356356,1.327061,0.000000,7.329613,36.904264,1360,800,11216,4500,0,0,0,0,0,0,0,0,0,2.097805,49.487793,5.036365,0.000000,7.029688,0.076729,"Low (1)","Low (1)","Idle (0)","Low (1)","Low (1)","Low (1)","Low (1)","Low (1)","Idle (0)",11960,21250,17497,0.000000,0,0.000000,0.000000,0.000000,0.000000,0,0,77160,320,1300,47400,15060,0,0.000000,0,0.000000,1380,920,0,1.317040,0,803,1.149547,0.000000,3.594022,0.000000,0.000000,32.670253,0.007346,0.088956,0.000000
"Tesla K40c (0)","1","7","needle_cuda_shared_2(int*, int*, int, int, int, int)",0,0,0,0,0,0,0,0,332,430,450,458,149,153,152,156,90,123,126,100,214,217,221,222,330,333,319,329,240,243,231,237,0,0,0,0,0,0,0,0,0,0,0,0,0,0,0,0,0,0,0,0,0,0,0,0,0,0,0,0,0,0,0,0,0,0,0,0,1,4,0,0,490,336,375,385,215,218,221,223,241740,0,0,5491,0,0,0,0,4864,0,0,0,0,0,0,0,0,0,0,0,0,0,0,0,0,19,304,11362,12203,3325,181792,2660,950,0,0,361,304,186208,235768,19,134178,0,0,0,0,0,19,646,323,3059,1083,304,19,0,0,5719,2033,665,323,0,0,0.000000,0.000000,76.961612,0.061070,0.019800,1.043385,0.924244,76.961612,0.061070,0.659303,0.364548,0.028428,0.001672,0.000000,0.000000,1.158346,1.380286,1.328601,1.992902,0.000000,6.989124,52.355072,69.565217,72.540046,0.000000,1.992902,0.000000,0.000000,50.000000,0.000000,0.101302,598.000000,2.085763,0.000000,0.000000,2.150000,2.140000,1.842105,1.062500,0,0,5719,2033,665,323,0,5,0,762,908,1586,877,0.000000,0.000000,69.549393,24.723538,2.410940,1.333162,0.000000,7.783111,36.904264,1292,760,9705,4275,0,0,0,0,0,0,0,0,0,2.213427,49.763171,7.727071,0.000000,7.408280,0.096000,"Low (1)","Low (1)","Idle (0)","Low (1)","Low (1)","Low (1)","Low (1)","Low (1)","Idle (0)",11362,18847,15522,0.000000,0,0.000000,0.000000,0.000000,0.000000,0,0,73302,304,1235,45030,14307,0,0.000000,0,0.000000,1311,874,0,1.328601,0,621,0.944006,0.000000,3.876215,0.000000,0.000000,28.898630,0.017207,0.083635,0.000000
"Tesla K40c (0)","1","7","needle_cuda_shared_2(int*, int*, int, int, int, int)",0,0,0,0,0,0,0,0,333,420,504,504,148,143,148,140,89,121,92,101,211,203,211,203,308,313,307,314,219,223,217,227,0,0,0,0,0,0,0,0,0,0,0,0,0,0,0,0,0,0,0,0,0,0,0,0,0,0,0,0,0,0,0,0,0,0,0,0,1,0,0,0,471,318,347,354,212,203,215,203,251763,0,0,5202,0,0,0,0,4608,0,0,0,0,0,0,0,0,0,0,0,0,0,0,0,0,18,288,10764,12370,3381,172224,2520,900,0,0,342,288,200122,234610,18,127116,0,0,0,0,0,18,864,540,2898,1026,540,252,0,0,5418,1926,882,540,0,0,0.000000,0.000000,77.719125,0.055053,0.018749,0.946146,0.838108,77.719125,0.055053,0.777406,0.364548,0.073579,0.001672,0.000000,0.000000,1.095652,1.466690,1.204781,1.807171,0.000000,6.989124,52.355072,69.565217,71.336554,0.000000,1.807171,0.000000,0.000000,50.000000,0.000000,0.097763,598.000000,2.012209,0.000000,0.000000,2.150000,2.140000,2.578947,1.875000,0,0,5418,1926,882,540,0,1,0,753,1008,1490,833,0.000000,0.000000,63.067662,22.419402,2.168024,1.212056,0.000000,1.489970,36.904264,1224,720,10098,4050,0,0,0,0,0,0,0,0,0,4.340528,48.486544,4.660272,0.000000,6.885159,0.073719,"Low (1)","Low (1)","Idle (0)","Low (1)","Low (1)","Low (1)","Low (1)","Low (1)","Idle (0)",10764,19129,15749,0.000000,0,0.000000,0.000000,0.000000,0.000000,0,0,69444,288,1170,42660,13554,0,0.000000,0,0.000000,1242,828,0,1.204781,0,779,1.133484,0.000000,3.588241,0.000000,0.000000,31.956657,0.008882,0.080591,0.000000
"Tesla K40c (0)","1","7","needle_cuda_shared_2(int*, int*, int, int, int, int)",0,0,0,0,0,0,0,0,371,304,402,412,135,137,139,142,114,77,118,82,192,194,198,198,302,291,292,288,220,212,212,207,0,0,0,0,0,0,0,0,0,0,0,0,0,0,0,0,0,0,0,0,0,0,0,0,0,0,0,0,0,0,0,0,0,0,0,0,1,4,0,0,305,296,336,344,198,194,198,202,247431,0,0,4913,0,0,0,0,4352,0,0,0,0,0,0,0,0,0,0,0,0,0,0,0,0,17,272,10166,10919,2976,162656,2380,850,0,0,323,272,185988,211728,17,120054,0,0,0,0,0,17,578,289,2737,969,272,17,0,0,5117,1819,595,289,0,0,0.000000,0.000000,77.649931,0.053147,0.017706,0.932937,0.826408,77.649931,0.053147,0.659551,0.364548,0.028428,0.001672,0.000000,0.000000,1.025414,1.236573,1.187961,1.781941,0.000000,6.989124,52.355072,69.565217,72.549020,0.000000,1.781941,0.000000,0.000000,50.000000,0.000000,0.087831,598.000000,1.808541,0.000000,0.000000,2.150000,2.140000,1.842105,1.062500,0,0,5117,1819,595,289,0,5,0,675,814,1281,792,0.000000,0.000000,62.187168,22.106402,1.946007,1.203152,0.000000,7.777953,36.904264,1156,680,8693,3825,0,0,0,0,0,0,0,0,0,2.238133,49.893157,7.609653,0.000000,7.413184,0.091146,"Low (1)","Low (1)","Idle (0)","Low (1)","Low (1)","Low (1)","Low (1)","Low (1)","Idle (0)",10166,16875,13899,0.000000,0,0.000000,0.000000,0.000000,0.000000,0,0,65586,272,1105,40290,12801,0,0.000000,0,0.000000,1173,782,0,1.187961,0,545,0.827927,0.000000,3.835209,0.000000,0.000000,28.902302,0.017216,0.072519,0.000000
"Tesla K40c (0)","1","7","needle_cuda_shared_2(int*, int*, int, int, int, int)",0,0,0,0,0,0,0,0,298,298,454,453,131,131,131,131,81,80,80,118,184,184,184,184,277,276,275,276,202,196,196,198,0,0,0,0,0,0,0,0,0,0,0,0,0,0,0,0,0,0,0,0,0,0,0,0,0,0,0,0,0,0,0,0,0,0,0,0,5,0,0,0,472,441,495,496,186,184,184,188,250689,0,0,4624,0,0,0,0,4096,0,0,0,0,0,0,0,0,0,0,0,0,0,0,0,0,16,256,9568,10995,3001,153088,2240,800,0,0,304,256,195593,208654,16,112992,0,0,0,0,0,16,768,480,2576,912,480,224,0,0,4816,1712,784,480,0,0,0.000000,0.000000,77.949970,0.048931,0.016668,0.844316,0.747907,77.949970,0.048931,0.776442,0.364548,0.073579,0.001672,0.000000,0.000000,0.870610,1.324905,1.075116,1.612673,0.000000,6.989124,52.355072,69.565217,71.739130,0.000000,1.612673,0.000000,0.000000,50.000000,0.000000,0.087016,598.000000,1.791215,0.000000,0.000000,2.150000,2.140000,2.578947,1.875000,0,0,4816,1712,784,480,0,5,0,596,907,1904,742,0.000000,0.000000,56.279967,20.006500,2.781277,1.083880,0.000000,7.479065,36.904264,1088,640,8974,3600,0,0,0,0,0,0,0,0,0,4.507767,48.416095,4.610534,0.000000,6.873397,0.077823,"Low (1)","Low (1)","Idle (0)","Low (1)","Low (1)","Low (1)","Low (1)","Low (1)","Idle (0)",9568,17004,14001,0.000000,0,0.000000,0.000000,0.000000,0.000000,0,0,61728,256,1040,37920,12048,0,0.000000,0,0.000000,1104,736,0,1.075116,0,620,0.905668,0.000000,3.599828,0.000000,0.000000,31.906572,0.007982,0.071730,0.000000
"Tesla K40c (0)","1","7","needle_cuda_shared_2(int*, int*, int, int, int, int)",0,0,0,0,0,0,0,0,240,270,365,372,125,120,126,125,67,62,72,75,169,170,175,176,262,256,258,259,193,195,188,191,0,0,0,0,0,0,0,0,0,0,0,0,0,0,0,0,0,0,0,0,0,0,0,0,0,0,0,0,0,0,0,0,0,0,0,0,1,4,0,4,265,421,478,484,175,170,175,177,241869,0,0,4335,0,0,0,0,3840,0,0,0,0,0,0,0,0,0,0,0,0,0,0,0,0,15,240,8970,9625,2625,143520,2100,750,0,0,285,240,187296,187298,15,105930,0,0,0,0,0,15,510,255,2415,855,240,15,0,0,4515,1605,525,255,0,0,0.000000,0.000000,76.932141,0.048008,0.015625,0.823137,0.729146,76.932141,0.048008,0.657637,0.364548,0.028428,0.001672,0.000000,0.000000,0.774718,1.119543,1.048147,1.572221,0.000000,6.989124,52.355072,69.565217,74.106280,0.000000,1.572221,0.000000,0.000000,50.000000,0.000000,0.079941,598.000000,1.645842,0.000000,0.000000,2.150000,2.140000,1.842105,1.062500,0,0,4515,1605,525,255,0,9,0,510,737,1648,697,0.000000,0.000000,54.868234,19.504655,2.503401,1.058781,0.000000,13.999602,36.904264,1020,600,7654,3375,0,0,0,0,0,0,0,0,0,2.183642,49.768210,7.797081,0.000000,7.410382,0.094093,"Low (1)","Low (1)","Idle (0)","Low (1)","Low (1)","Low (1)","Low (1)","Low (1)","Idle (0)",8970,14869,12244,0.000000,0,0.000000,0.000000,0.000000,0.000000,0,0,57870,240,975,35550,11295,0,0.000000,0,0.000000,1035,690,0,1.048147,0,475,0.721551,0.000000,3.831413,0.000000,0.000000,28.897967,0.017212,0.065995,0.000000
"Tesla K40c (0)","1","7","needle_cuda_shared_2(int*, int*, int, int, int, int)",0,0,0,0,0,0,0,0,238,246,405,400,114,121,113,115,66,62,68,68,160,165,159,160,242,239,241,244,174,176,175,180,0,0,0,0,0,0,0,0,0,0,0,0,0,0,0,0,0,0,0,0,0,0,0,0,0,0,0,0,0,0,0,0,0,0,0,0,1,0,0,4,247,274,284,467,162,165,163,164,251025,0,0,4046,0,0,0,0,3584,0,0,0,0,0,0,0,0,0,0,0,0,0,0,0,0,14,224,8372,9621,2626,133952,1960,700,0,0,266,224,186865,182490,14,98868,0,0,0,0,0,14,672,420,2254,798,420,196,0,0,4214,1498,686,420,0,0,0.000000,0.000000,72.691963,0.045876,0.015625,0.737548,0.653329,72.691963,0.045876,0.776517,0.364548,0.073579,0.001672,0.000000,0.000000,0.705829,1.173951,0.939161,1.408742,0.000000,6.989124,52.355072,69.565217,72.981366,0.000000,1.408742,0.000000,0.000000,50.000000,0.000000,0.081584,598.000000,1.678860,0.000000,0.000000,2.150000,2.140000,2.578947,1.875000,0,0,4214,1498,686,420,0,5,0,484,805,1272,654,0.000000,0.000000,49.163040,17.476563,1.854989,0.953744,0.000000,7.466621,36.904264,952,560,7854,3150,0,0,0,0,0,0,0,0,0,2.076173,49.462315,5.131013,0.000000,7.020773,0.071070,"Low (1)","Low (1)","Idle (0)","Low (1)","Low (1)","Low (1)","Low (1)","Low (1)","Idle (0)",8372,14887,12254,0.000000,0,0.000000,0.000000,0.000000,0.000000,0,0,54012,224,910,33180,10542,0,0.000000,0,0.000000,966,644,0,0.939161,0,562,0.819578,0.000000,3.619904,0.000000,0.000000,32.614090,0.004660,0.067198,0.000000
"Tesla K40c (0)","1","7","needle_cuda_shared_2(int*, int*, int, int, int, int)",0,0,0,0,0,0,0,0,226,229,322,305,111,107,103,105,59,63,61,63,157,150,146,145,222,225,229,221,164,162,176,166,0,0,0,0,0,0,0,0,0,0,0,0,0,0,0,0,0,0,0,0,0,0,0,0,0,0,0,0,0,0,0,0,0,0,0,0,5,4,0,4,385,228,269,277,159,151,146,149,242100,0,0,3757,0,0,0,0,3328,0,0,0,0,0,0,0,0,0,0,0,0,0,0,0,0,13,208,7774,8342,2276,124384,1820,650,0,0,247,208,161241,162342,13,91806,0,0,0,0,0,13,442,221,2093,741,208,13,0,0,3913,1391,455,221,0,0,0.000000,0.000000,66.600991,0.046609,0.015625,0.713313,0.631862,66.600991,0.046609,0.658734,0.364548,0.028428,0.001672,0.000000,0.000000,0.691099,0.952350,0.908302,1.362453,0.000000,6.989124,52.355072,69.565217,74.470457,0.000000,1.362453,0.000000,0.000000,50.000000,0.000000,0.079967,598.000000,1.646293,0.000000,0.000000,2.150000,2.140000,1.842105,1.062500,0,0,3913,1391,455,221,0,13,0,455,627,1159,605,0.000000,0.000000,47.547622,16.902311,1.760404,0.918934,0.000000,20.219586,36.904264,884,520,6642,2925,0,0,0,0,0,0,0,0,0,2.230542,49.775755,7.736780,0.000000,7.406035,0.096577,"Low (1)","Low (1)","Idle (0)","Low (1)","Low (1)","Low (1)","Low (1)","Low (1)","Idle (0)",7774,12895,10619,0.000000,0,0.000000,0.000000,0.000000,0.000000,0,0,50154,208,845,30810,9789,0,0.000000,0,0.000000,897,598,0,0.908302,0,410,0.622749,0.000000,3.849868,0.000000,0.000000,28.887243,0.017199,0.066013,0.000000
"Tesla K40c (0)","1","7","needle_cuda_shared_2(int*, int*, int, int, int, int)",0,0,0,0,0,0,0,0,203,211,339,342,100,102,99,99,53,55,55,60,138,137,138,139,204,209,205,210,152,149,150,154,0,0,0,0,0,0,0,0,0,0,0,0,0,0,0,0,0,0,0,0,0,0,0,0,0,0,0,0,0,0,0,0,0,0,0,0,1,0,0,0,364,212,245,250,143,138,138,139,251985,0,0,3468,0,0,0,0,3072,0,0,0,0,0,0,0,0,0,0,0,0,0,0,0,0,12,192,7176,8246,2250,114816,1680,600,0,0,228,192,156403,156414,12,84744,0,0,0,0,0,12,576,360,1932,684,360,168,0,0,3612,1284,588,360,0,0,0.000000,0.000000,62.071155,0.045880,0.015625,0.628707,0.556917,62.071155,0.045880,0.776198,0.364548,0.073579,0.001672,0.000000,0.000000,0.600426,0.987658,0.800568,1.200853,0.000000,6.989124,52.355072,69.565217,73.067633,0.000000,1.200853,0.000000,0.000000,50.000000,0.000000,0.081574,598.000000,1.678761,0.000000,0.000000,2.150000,2.140000,2.578947,1.875000,0,0,3612,1284,588,360,0,1,0,414,681,1071,558,0.000000,0.000000,41.908020,14.897535,1.553277,0.809270,0.000000,1.485112,36.904264,816,480,6730,2700,0,0,0,0,0,0,0,0,0,4.454352,48.421613,4.614054,0.000000,6.876497,0.079851,"Low (1)","Low (1)","Idle (0)","Low (1)","Low (1)","Low (1)","Low (1)","Low (1)","Idle (0)",7176,12759,10503,0.000000,0,0.000000,0.000000,0.000000,0.000000,0,0,46296,192,780,28440,9036,0,0.000000,0,0.000000,828,552,0,0.800568,0,472,0.684544,0.000000,3.593293,0.000000,0.000000,31.948363,0.011978,0.067266,0.000000
"Tesla K40c (0)","1","7","needle_cuda_shared_2(int*, int*, int, int, int, int)",0,0,0,0,0,0,0,0,180,186,276,265,94,93,91,86,51,44,54,61,128,130,124,124,189,184,192,194,139,138,144,141,0,0,0,0,0,0,0,0,0,0,0,0,0,0,0,0,0,0,0,0,0,0,0,0,0,0,0,0,0,0,0,0,0,0,0,0,1,4,0,0,194,344,232,414,130,135,125,125,241473,0,0,3179,0,0,0,0,2816,0,0,0,0,0,0,0,0,0,0,0,0,0,0,0,0,11,176,6578,7055,1925,105248,1540,550,0,0,209,176,136858,142592,11,77682,0,0,0,0,0,11,374,187,1771,627,176,11,0,0,3311,1177,385,187,0,0,0.000000,0.000000,56.541725,0.046584,0.015625,0.604281,0.535280,56.541725,0.046584,0.657647,0.364548,0.028428,0.001672,0.000000,0.000000,0.556570,0.822689,0.769465,1.154198,0.000000,6.989124,52.355072,69.565217,74.044796,0.000000,1.154198,0.000000,0.000000,50.000000,0.000000,0.079871,598.000000,1.644291,0.000000,0.000000,2.150000,2.140000,1.842105,1.062500,0,0,3311,1177,385,187,0,5,0,366,541,1184,515,0.000000,0.000000,40.279820,14.318740,1.800487,0.783151,0.000000,7.785891,36.904264,748,440,5612,2475,0,0,0,0,0,0,0,0,0,5.974791,47.735228,7.628863,0.000000,7.115064,0.088638,"Low (1)","Low (1)","Idle (0)","Low (1)","Low (1)","Low (1)","Low (1)","Low (1)","Idle (0)",6578,10904,8979,0.000000,0,0.000000,0.000000,0.000000,0.000000,0,0,42438,176,715,26070,8283,0,0.000000,0,0.000000,759,506,0,0.769465,0,333,0.506387,0.000000,3.688235,0.000000,0.000000,27.752655,0.016526,0.065933,0.000000
"Tesla K40c (0)","1","7","needle_cuda_shared_2(int*, int*, int, int, int, int)",0,0,0,0,0,0,0,0,170,178,285,285,81,85,79,86,47,45,88,46,113,117,114,116,177,168,179,166,130,125,131,123,0,0,0,0,0,0,0,0,0,0,0,0,0,0,0,0,0,0,0,0,0,0,0,0,0,0,0,0,0,0,0,0,0,0,0,0,5,0,0,4,226,173,219,206,118,117,114,116,250578,0,0,2890,0,0,0,0,2560,0,0,0,0,0,0,0,0,0,0,0,0,0,0,0,0,10,160,5980,6874,1877,95680,1400,500,0,0,190,160,130513,133816,10,70620,0,0,0,0,0,10,480,300,1610,570,300,140,0,0,3010,1070,490,300,0,0,0.000000,0.000000,52.072808,0.044689,0.015625,0.528138,0.467831,52.072808,0.044689,0.777258,0.364548,0.073579,0.001672,0.000000,0.000000,0.508767,0.833325,0.672508,1.008761,0.000000,6.989124,52.355072,69.565217,73.768116,0.000000,1.008761,0.000000,0.000000,50.000000,0.000000,0.081497,598.000000,1.677422,0.000000,0.000000,2.150000,2.140000,2.578947,1.875000,0,0,3010,1070,490,300,0,9,0,348,570,824,465,0.000000,0.000000,35.204313,12.514490,1.204666,0.679818,0.000000,13.473544,36.904264,680,400,5611,2250,0,0,0,0,0,0,0,0,0,2.115935,49.569128,4.812362,0.000000,7.039490,0.071948,"Low (1)","Low (1)","Idle (0)","Low (1)","Low (1)","Low (1)","Low (1)","Low (1)","Idle (0)",5980,10634,8755,0.000000,0,0.000000,0.000000,0.000000,0.000000,0,0,38580,160,650,23700,7530,0,0.000000,0,0.000000,690,460,0,0.672508,0,361,0.527772,0.000000,3.653013,0.000000,0.000000,32.731584,0.006541,0.067158,0.000000
"Tesla K40c (0)","1","7","needle_cuda_shared_2(int*, int*, int, int, int, int)",0,0,0,0,0,0,0,0,152,229,228,221,78,77,75,72,38,74,41,44,109,105,102,98,152,157,156,156,115,114,119,117,0,0,0,0,0,0,0,0,0,0,0,0,0,0,0,0,0,0,0,0,0,0,0,0,0,0,0,0,0,0,0,0,0,0,0,0,1,4,4,0,157,317,376,217,115,106,102,102,241701,0,0,2601,0,0,0,0,2304,0,0,0,0,0,0,0,0,0,0,0,0,0,0,0,0,9,144,5382,5783,1576,86112,1260,450,0,0,171,144,115362,115362,9,63558,0,0,0,0,0,9,306,153,1449,513,144,9,0,0,2709,963,315,153,0,0,0.000000,0.000000,46.248878,0.046726,0.015625,0.494538,0.438068,46.248878,0.046726,0.660349,0.364548,0.028428,0.001672,0.000000,0.000000,0.579528,0.682960,0.629723,0.944584,0.000000,6.989124,52.355072,69.565217,74.879227,0.000000,0.944584,0.000000,0.000000,50.000000,0.000000,0.079931,598.000000,1.645808,0.000000,0.000000,2.150000,2.140000,1.842105,1.062500,0,0,2709,963,315,153,0,9,0,381,449,1067,425,0.000000,0.000000,32.964627,11.718322,1.622982,0.646455,0.000000,14.018180,36.904264,612,360,4603,2025,0,0,0,0,0,0,0,0,0,2.170217,49.796542,7.786799,0.000000,7.406629,0.103162,"Low (1)","Low (1)","Idle (0)","Low (1)","Low (1)","Low (1)","Low (1)","Low (1)","Idle (0)",5382,8936,7358,0.000000,0,0.000000,0.000000,0.000000,0.000000,0,0,34722,144,585,21330,6777,0,0.000000,0,0.000000,621,414,0,0.629723,0,331,0.503474,0.000000,3.853281,0.000000,0.000000,28.866176,0.017194,0.065993,0.000000
"Tesla K40c (0)","1","7","needle_cuda_shared_2(int*, int*, int, int, int, int)",0,0,0,0,0,0,0,0,230,133,230,230,63,71,66,66,73,36,36,75,90,97,89,92,137,139,134,142,100,104,95,105,0,0,0,0,0,0,0,0,0,0,0,0,0,0,0,0,0,0,0,0,0,0,0,0,0,0,0,0,0,0,0,0,0,0,0,0,1,0,4,0,297,139,178,182,96,97,89,92,256029,0,0,2312,0,0,0,0,2048,0,0,0,0,0,0,0,0,0,0,0,0,0,0,0,0,8,128,4784,5500,1503,76544,1120,400,0,0,152,128,107407,104490,8,56496,0,0,0,0,0,8,384,240,1288,456,240,112,0,0,2408,856,392,240,0,0,0.000000,0.000000,41.798781,0.045783,0.015625,0.422055,0.373862,41.798781,0.045783,0.778010,0.364548,0.073579,0.001672,0.000000,0.000000,0.530124,0.671783,0.537426,0.806139,0.000000,6.989124,52.355072,69.565217,73.188406,0.000000,0.806139,0.000000,0.000000,50.000000,0.000000,0.079501,598.000000,1.636422,0.000000,0.000000,2.150000,2.140000,2.578947,1.875000,0,0,2408,856,392,240,0,5,0,363,460,796,374,0.000000,0.000000,28.133089,10.000799,1.162476,0.546188,0.000000,7.477232,36.904264,544,320,4491,1800,0,0,0,0,0,0,0,0,0,4.466910,48.200524,5.104473,0.000000,6.836419,0.073489,"Low (1)","Low (1)","Idle (0)","Low (1)","Low (1)","Low (1)","Low (1)","Low (1)","Idle (0)",4784,8508,7005,0.000000,0,0.000000,0.000000,0.000000,0.000000,0,0,30864,128,520,18960,6024,0,0.000000,0,0.000000,552,368,0,0.537426,0,337,0.492154,0.000000,3.515532,0.000000,0.000000,31.794709,0.007945,0.065532,0.000000
"Tesla K40c (0)","1","7","needle_cuda_shared_2(int*, int*, int, int, int, int)",0,0,0,0,0,0,0,0,117,120,169,176,55,58,60,61,32,31,65,35,77,81,82,82,116,120,118,129,84,93,89,95,0,0,0,0,0,0,0,0,0,0,0,0,0,0,0,0,0,0,0,0,0,0,0,0,0,0,0,0,0,0,0,0,0,0,0,0,1,0,0,0,281,280,162,173,79,81,83,86,243012,0,0,2023,0,0,0,0,1792,0,0,0,0,0,0,0,0,0,0,0,0,0,0,0,0,7,112,4186,4501,1226,66976,980,350,0,0,133,112,86999,87012,7,49434,0,0,0,0,0,7,238,119,1127,399,112,7,0,0,2107,749,245,119,0,0,0.000000,0.000000,36.041430,0.048108,0.015625,0.384033,0.340181,36.041430,0.048108,0.661013,0.364548,0.028428,0.001672,0.000000,0.000000,0.359924,0.523940,0.489011,0.733516,0.000000,6.989124,52.355072,69.565217,74.741201,0.000000,0.733516,0.000000,0.000000,50.000000,0.000000,0.079374,598.000000,1.634412,0.000000,0.000000,2.150000,2.140000,1.842105,1.062500,0,0,2107,749,245,119,0,1,0,237,345,896,329,0.000000,0.000000,25.598652,9.099853,1.360726,0.499641,0.000000,1.555115,36.904264,476,280,3580,1575,0,0,0,0,0,0,0,0,0,2.256804,49.843892,7.726725,0.000000,7.409593,0.083585,"Low (1)","Low (1)","Idle (0)","Low (1)","Low (1)","Low (1)","Low (1)","Low (1)","Idle (0)",4186,6952,5726,0.000000,0,0.000000,0.000000,0.000000,0.000000,0,0,27006,112,455,16590,5271,0,0.000000,0,0.000000,483,322,0,0.489011,0,185,0.280953,0.000000,3.781006,0.000000,0.000000,28.881186,0.017209,0.065536,0.000000
"Tesla K40c (0)","1","7","needle_cuda_shared_2(int*, int*, int, int, int, int)",0,0,0,0,0,0,0,0,102,105,181,173,59,46,48,44,27,28,66,34,78,65,68,65,107,102,105,100,82,74,79,77,0,0,0,0,0,0,0,0,0,0,0,0,0,0,0,0,0,0,0,0,0,0,0,0,0,0,0,0,0,0,0,0,0,0,0,0,1,4,4,0,107,102,148,140,80,65,68,69,250929,0,0,1734,0,0,0,0,1536,0,0,0,0,0,0,0,0,0,0,0,0,0,0,0,0,6,96,3588,4123,1127,57408,840,300,0,0,114,96,78445,80698,6,42372,0,0,0,0,0,6,288,180,966,342,180,84,0,0,1806,642,294,180,0,0,0.000000,0.000000,31.261831,0.045675,0.015625,0.316371,0.280245,31.261831,0.045675,0.776756,0.364548,0.073579,0.001672,0.000000,0.000000,0.302139,0.516702,0.402852,0.604279,0.000000,6.989124,52.355072,69.565217,75.362319,0.000000,0.604279,0.000000,0.000000,50.000000,0.000000,0.081293,598.000000,1.673147,0.000000,0.000000,2.150000,2.140000,2.578947,1.875000,0,0,1806,642,294,180,0,9,0,207,354,497,282,0.000000,0.000000,21.088449,7.496558,0.725426,0.411610,0.000000,13.451768,36.904264,408,240,3367,1350,0,0,0,0,0,0,0,0,0,2.135812,49.468764,5.016168,0.000000,7.016114,0.070650,"Low (1)","Low (1)","Idle (0)","Low (1)","Low (1)","Low (1)","Low (1)","Low (1)","Idle (0)",3588,6375,5249,0.000000,0,0.000000,0.000000,0.000000,0.000000,0,0,23148,96,390,14220,4518,0,0.000000,0,0.000000,414,276,0,0.402852,0,209,0.305059,0.000000,3.665661,0.000000,0.000000,32.610527,0.016304,0.067079,0.000000
"Tesla K40c (0)","1","7","needle_cuda_shared_2(int*, int*, int, int, int, int)",0,0,0,0,0,0,0,0,82,92,124,121,41,41,41,42,22,22,24,27,56,57,58,59,86,85,89,85,66,66,67,65,0,0,0,0,0,0,0,0,0,0,0,0,0,0,0,0,0,0,0,0,0,0,0,0,0,0,0,0,0,0,0,0,0,0,0,0,5,0,0,4,86,257,129,140,61,57,59,59,241956,0,0,1445,0,0,0,0,1280,0,0,0,0,0,0,0,0,0,0,0,0,0,0,0,0,5,80,2990,3209,875,47840,700,250,0,0,95,80,62241,64566,5,35310,0,0,0,0,0,5,170,85,805,285,80,5,0,0,1505,535,175,85,0,0,0.000000,0.000000,25.724099,0.046309,0.015625,0.273863,0.242591,25.724099,0.046309,0.658528,0.364548,0.028428,0.001672,0.000000,0.000000,0.263818,0.371468,0.348725,0.523087,0.000000,6.989124,52.355072,69.565217,76.521739,0.000000,0.523087,0.000000,0.000000,50.000000,0.000000,0.079674,598.000000,1.640398,0.000000,0.000000,2.150000,2.140000,1.842105,1.062500,0,0,1505,535,175,85,0,9,0,174,245,612,236,0.000000,0.000000,18.254984,6.489313,0.927911,0.357822,0.000000,13.973249,36.904264,340,200,2555,1125,0,0,0,0,0,0,0,0,0,2.230624,49.682076,7.822650,0.000000,7.399897,0.082488,"Low (1)","Low (1)","Idle (0)","Low (1)","Low (1)","Low (1)","Low (1)","Low (1)","Idle (0)",2990,4959,4084,0.000000,0,0.000000,0.000000,0.000000,0.000000,0,0,19290,80,325,11850,3765,0,0.000000,0,0.000000,345,230,0,0.348725,0,159,0.241075,0.000000,3.918199,0.000000,0.000000,28.846881,0.017185,0.065777,0.000000
"Tesla K40c (0)","1","7","needle_cuda_shared_2(int*, int*, int, int, int, int)",0,0,0,0,0,0,0,0,65,65,111,121,32,34,35,40,17,18,50,20,44,46,43,51,70,71,68,67,57,53,54,50,0,0,0,0,0,0,0,0,0,0,0,0,0,0,0,0,0,0,0,0,0,0,0,0,0,0,0,0,0,0,0,0,0,0,0,0,1,0,0,0,75,74,244,102,46,50,43,55,250737,0,0,1156,0,0,0,0,1024,0,0,0,0,0,0,0,0,0,0,0,0,0,0,0,0,4,64,2392,2752,751,38272,560,200,0,0,76,64,52353,52362,4,28248,0,0,0,0,0,4,192,120,644,228,120,56,0,0,1204,428,196,120,0,0,0.000000,0.000000,20.879647,0.045734,0.015624,0.211131,0.187022,20.879647,0.045734,0.778428,0.364548,0.073579,0.001672,0.000000,0.000000,0.189945,0.338978,0.268845,0.403267,0.000000,6.989124,52.355072,69.565217,77.536232,0.000000,0.403267,0.000000,0.000000,50.000000,0.000000,0.081141,598.000000,1.670391,0.000000,0.000000,2.150000,2.140000,2.578947,1.875000,0,0,1204,428,196,120,0,1,0,130,232,495,194,0.000000,0.000000,14.073441,5.002851,0.723251,0.283456,0.000000,1.496180,36.904264,272,160,2245,900,0,0,0,0,0,0,0,0,0,2.085880,49.441864,5.137293,0.000000,7.015400,0.077406,"Low (1)","Low (1)","Idle (0)","Low (1)","Low (1)","Low (1)","Low (1)","Low (1)","Idle (0)",2392,4248,3498,0.000000,0,0.000000,0.000000,0.000000,0.000000,0,0,15432,64,260,9480,3012,0,0.000000,0,0.000000,276,184,0,0.268845,0,116,0.169489,0.000000,3.686955,0.000000,0.000000,32.551128,0.004074,0.066854,0.000000
"Tesla K40c (0)","1","7","needle_cuda_shared_2(int*, int*, int, int, int, int)",0,0,0,0,0,0,0,0,56,136,78,74,26,27,23,26,15,48,10,24,36,37,31,34,50,54,47,56,36,38,40,44,0,0,0,0,0,0,0,0,0,0,0,0,0,0,0,0,0,0,0,0,0,0,0,0,0,0,0,0,0,0,0,0,0,0,0,0,1,0,0,4,53,57,179,88,42,38,31,34,241350,0,0,867,0,0,0,0,768,0,0,0,0,0,0,0,0,0,0,0,0,0,0,0,0,3,48,1794,1933,526,28704,420,150,0,0,57,48,37326,37322,3,21186,0,0,0,0,0,3,102,51,483,171,48,3,0,0,903,321,105,51,0,0,0.000000,0.000000,15.465507,0.048068,0.015625,0.165048,0.146202,15.465507,0.048068,0.660535,0.364548,0.028428,0.001672,0.000000,0.000000,0.292404,0.231486,0.210165,0.315248,0.000000,6.989124,52.355072,69.565217,76.328502,0.000000,0.315248,0.000000,0.000000,50.000000,0.000000,0.079971,598.000000,1.646975,0.000000,0.000000,2.150000,2.140000,1.842105,1.062500,0,0,903,321,105,51,0,5,0,192,152,377,145,0.000000,0.000000,11.001685,3.910898,0.574147,0.220826,0.000000,7.797429,36.904264,204,120,1537,675,0,0,0,0,0,0,0,0,0,2.326645,49.779912,7.723089,0.000000,7.374378,0.102898,"Low (1)","Low (1)","Idle (0)","Low (1)","Low (1)","Low (1)","Low (1)","Low (1)","Idle (0)",1794,2979,2453,0.000000,0,0.000000,0.000000,0.000000,0.000000,0,0,11574,48,195,7110,2259,0,0.000000,0,0.000000,207,138,0,0.210165,0,145,0.220826,0.000000,3.864403,0.000000,0.000000,28.811525,0.017150,0.066040,0.000000
"Tesla K40c (0)","1","7","needle_cuda_shared_2(int*, int*, int, int, int, int)",0,0,0,0,0,0,0,0,24,137,61,63,21,12,27,15,6,43,42,11,24,19,30,19,33,38,30,37,26,28,26,30,0,0,0,0,0,0,0,0,0,0,0,0,0,0,0,0,0,0,0,0,0,0,0,0,0,0,0,0,0,0,0,0,0,0,0,0,5,0,0,0,36,38,49,53,25,19,31,19,251970,0,0,578,0,0,0,0,512,0,0,0,0,0,0,0,0,0,0,0,0,0,0,0,0,2,32,1196,1375,375,19136,280,100,0,0,38,32,26206,26206,2,14124,0,0,0,0,0,2,96,60,322,114,60,28,0,0,602,214,98,60,0,0,0.000000,0.000000,10.388141,0.044544,0.015625,0.105138,0.093132,10.388141,0.044544,0.776756,0.364548,0.073579,0.001672,0.000000,0.000000,0.234286,0.180444,0.133878,0.200816,0.000000,6.989124,52.355072,69.565217,79.710145,0.000000,0.200816,0.000000,0.000000,50.000000,0.000000,0.081223,598.000000,1.671442,0.000000,0.000000,2.150000,2.140000,2.578947,1.875000,0,0,602,214,98,60,0,5,0,161,124,176,94,0.000000,0.000000,7.008202,2.491288,0.256114,0.136788,0.000000,7.450581,36.904264,136,80,1121,450,0,0,0,0,0,0,0,0,0,2.071563,49.627446,4.691722,0.000000,7.049865,0.073692,"Low (1)","Low (1)","Idle (0)","Low (1)","Low (1)","Low (1)","Low (1)","Low (1)","Idle (0)",1196,2126,1750,0.000000,0,0.000000,0.000000,0.000000,0.000000,0,0,7716,32,130,4740,1506,0,0.000000,0,0.000000,138,92,0,0.133878,0,108,0.157161,0.000000,3.676410,0.000000,0.000000,32.792926,0.016376,0.067011,0.000000
"Tesla K40c (0)","1","7","needle_cuda_shared_2(int*, int*, int, int, int, int)",0,0,0,0,0,0,0,0,16,28,30,24,9,10,9,9,4,5,6,5,13,14,10,9,17,11,26,15,13,6,21,15,0,0,0,0,0,0,0,0,0,0,0,0,0,0,0,0,0,0,0,0,0,0,0,0,0,0,0,0,0,0,0,0,0,0,0,0,5,0,0,0,49,16,34,27,15,14,15,9,240444,0,0,289,0,0,0,0,256,0,0,0,0,0,0,0,0,0,0,0,0,0,0,0,0,1,16,598,641,175,9568,140,50,0,0,19,16,12575,12578,1,7062,0,0,0,0,0,1,34,17,161,57,16,1,0,0,301,107,35,17,0,0,0.000000,0.000000,5.229908,0.047623,0.015625,0.054977,0.048699,5.229908,0.047623,0.657191,0.364548,0.028428,0.001672,0.000000,0.000000,0.066961,0.082180,0.070005,0.105007,0.000000,6.989124,52.355072,69.565217,79.710145,0.000000,0.105007,0.000000,0.000000,50.000000,0.000000,0.078807,598.000000,1.622266,0.000000,0.000000,2.150000,2.140000,1.842105,1.062500,0,0,301,107,35,17,0,5,0,44,54,126,53,0.000000,0.000000,3.664607,1.302701,0.191753,0.080658,0.000000,7.791854,36.904264,68,40,510,225,0,0,0,0,0,0,0,0,0,2.121161,48.990328,9.163414,0.000000,7.313762,0.084846,"Low (1)","Low (1)","Idle (0)","Low (1)","Low (1)","Low (1)","Low (1)","Low (1)","Idle (0)",598,991,816,0.000000,0,0.000000,0.000000,0.000000,0.000000,0,0,3858,16,65,2370,753,0,0.000000,0,0.000000,69,46,0,0.070005,0,41,0.062396,0.000000,3.801120,0.000000,0.000000,28.508400,0.016969,0.065050,0.000000
