==25593== NVPROF is profiling process 25593, command: ./hotspot 64 2 64 ../../data/hotspot/temp_64 ../../data/hotspot/power_64 output.out
==25593== Some kernel(s) will be replayed on device 0 in order to collect all events/metrics.
==25593== Profiling application: ./hotspot 64 2 64 ../../data/hotspot/temp_64 ../../data/hotspot/power_64 output.out
==25593== Profiling result:
"Device","Context","Stream","Kernel","tex0_cache_sector_queries","tex1_cache_sector_queries","tex2_cache_sector_queries","tex3_cache_sector_queries","tex0_cache_sector_misses","tex1_cache_sector_misses","tex2_cache_sector_misses","tex3_cache_sector_misses","fb_subp0_read_sectors","fb_subp1_read_sectors","fb_subp0_write_sectors","fb_subp1_write_sectors","l2_subp0_write_sector_misses","l2_subp1_write_sector_misses","l2_subp2_write_sector_misses","l2_subp3_write_sector_misses","l2_subp0_read_sector_misses","l2_subp1_read_sector_misses","l2_subp2_read_sector_misses","l2_subp3_read_sector_misses","l2_subp0_write_l1_sector_queries","l2_subp1_write_l1_sector_queries","l2_subp2_write_l1_sector_queries","l2_subp3_write_l1_sector_queries","l2_subp0_read_l1_sector_queries","l2_subp1_read_l1_sector_queries","l2_subp2_read_l1_sector_queries","l2_subp3_read_l1_sector_queries","l2_subp0_read_l1_hit_sectors","l2_subp1_read_l1_hit_sectors","l2_subp2_read_l1_hit_sectors","l2_subp3_read_l1_hit_sectors","l2_subp0_read_tex_sector_queries","l2_subp1_read_tex_sector_queries","l2_subp2_read_tex_sector_queries","l2_subp3_read_tex_sector_queries","l2_subp0_read_tex_hit_sectors","l2_subp1_read_tex_hit_sectors","l2_subp2_read_tex_hit_sectors","l2_subp3_read_tex_hit_sectors","rocache_subp0_gld_thread_count_32b","rocache_subp1_gld_thread_count_32b","rocache_subp2_gld_thread_count_32b","rocache_subp3_gld_thread_count_32b","rocache_subp0_gld_thread_count_64b","rocache_subp1_gld_thread_count_64b","rocache_subp2_gld_thread_count_64b","rocache_subp3_gld_thread_count_64b","rocache_subp0_gld_thread_count_128b","rocache_subp1_gld_thread_count_128b","rocache_subp2_gld_thread_count_128b","rocache_subp3_gld_thread_count_128b","rocache_subp0_gld_warp_count_32b","rocache_subp1_gld_warp_count_32b","rocache_subp2_gld_warp_count_32b","rocache_subp3_gld_warp_count_32b","rocache_subp0_gld_warp_count_64b","rocache_subp1_gld_warp_count_64b","rocache_subp2_gld_warp_count_64b","rocache_subp3_gld_warp_count_64b","rocache_subp0_gld_warp_count_128b","rocache_subp1_gld_warp_count_128b","rocache_subp2_gld_warp_count_128b","rocache_subp3_gld_warp_count_128b","l2_subp0_read_sysmem_sector_queries","l2_subp1_read_sysmem_sector_queries","l2_subp2_read_sysmem_sector_queries","l2_subp3_read_sysmem_sector_queries","l2_subp0_write_sysmem_sector_queries","l2_subp1_write_sysmem_sector_queries","l2_subp2_write_sysmem_sector_queries","l2_subp3_write_sysmem_sector_queries","l2_subp0_total_read_sector_queries","l2_subp1_total_read_sector_queries","l2_subp2_total_read_sector_queries","l2_subp3_total_read_sector_queries","l2_subp0_total_write_sector_queries","l2_subp1_total_write_sector_queries","l2_subp2_total_write_sector_queries","l2_subp3_total_write_sector_queries","elapsed_cycles_sm","gld_inst_8bit","gld_inst_16bit","gld_inst_32bit","gld_inst_64bit","gld_inst_128bit","gst_inst_8bit","gst_inst_16bit","gst_inst_32bit","gst_inst_64bit","gst_inst_128bit","rocache_gld_inst_8bit","rocache_gld_inst_16bit","rocache_gld_inst_32bit","rocache_gld_inst_64bit","rocache_gld_inst_128bit","prof_trigger_00","prof_trigger_01","prof_trigger_02","prof_trigger_03","prof_trigger_04","prof_trigger_05","prof_trigger_06","prof_trigger_07","atom_cas_count","warps_launched","threads_launched","inst_executed","inst_issued1","inst_issued2","thread_inst_executed","shared_load","shared_store","local_load","local_store","gld_request","gst_request","active_cycles","active_warps","sm_cta_launched","not_predicated_off_thread_inst_executed","l1_local_load_hit","l1_local_load_miss","l1_local_store_hit","l1_local_store_miss","l1_global_load_hit","l1_global_load_miss","uncached_global_load_transaction","global_store_transaction","shared_load_replay","shared_store_replay","global_ld_mem_divergence_replays","global_st_mem_divergence_replays","local_load_transactions","local_store_transactions","l1_shared_load_transactions","l1_shared_store_transactions","__l1_global_load_transactions","__l1_global_store_transactions","atom_count","gred_count","L1 Global Hit Rate","L1 Local Hit Rate","Multiprocessor Activity","Executed IPC","Achieved Occupancy","Requested Global Load Throughput","Requested Global Store Throughput","Multiprocessor Activity","Executed IPC","Instruction Replay Overhead","Shared Memory Replay Overhead","Global Memory Replay Overhead","Global Memory Cache Replay Overhead","Texture Cache Hit Rate","Texture Cache Throughput","Device Memory Read Throughput","Device Memory Write Throughput","Global Store Throughput","Global Load Throughput","Local Memory Cache Replay Overhead","Shared Memory Efficiency","Global Memory Load Efficiency","Global Memory Store Efficiency","L2 Hit Rate (L1 Reads)","L2 Hit Rate (Texture Reads)","L2 Throughput (L1 Reads)","L2 Throughput (Texture Reads)","Local Memory Overhead","Warp Execution Efficiency","Requested Non-Coherent Global Load Throughput","Issued IPC","Instructions per warp","Issue Slot Utilization","Local Memory Load Transactions Per Request","Local Memory Store Transactions Per Request","Shared Memory Load Transactions Per Request","Shared Memory Store Transactions Per Request","Global Load Transactions Per Request","Global Store Transactions Per Request","Local Load Transactions","Local Store Transactions","Shared Load Transactions","Shared Store Transactions","Global Load Transactions","Global Store Transactions","System Memory Read Transactions","System Memory Write Transactions","Texture Cache Transactions","Device Memory Read Transactions","Device Memory Write Transactions","L2 Read Transactions","L2 Write Transactions","Local Memory Load Throughput","Local Memory Store Throughput","Shared Memory Load Throughput","Shared Memory Store Throughput","L2 Throughput (Reads)","L2 Throughput (Writes)","System Memory Read Throughput","System Memory Write Throughput","Warp Non-Predicated Execution Efficiency","Issued Control-Flow Instructions","Executed Control-Flow Instructions","Issued Load/Store Instructions","Executed Load/Store Instructions","Floating Point Operations(Single Precision)","Floating Point Operations(Single Precision Add)","Floating Point Operation(Single Precision Mul)","Floating Point Operations(Single Precision FMA)","Floating Point Operations(Double Precision)","Floating Point Operations(Double Precision Add)","Floating Point Operations(Double Precision Mul)","Floating Point Operations(Double Precison FMA)","Floating Point Operations(Single Precision Special)","Issue Stall Reasons (Instructions Fetch)","Issue Stall Reasons (Execution Dependency)","Issue Stall Reasons (Data Request)","Issue Stall Reasons (Texture)","Issue Stall Reasons (Synchronization)","Issue Stall Reasons (Other)","L1/Shared Memory Utilization","L2 Cache Utilization","Texture Cache Utilization","Device Memory Utilization","System Memory Utilization","Load/Store Function Unit Utilization","Arithmetic Function Unit Utilization","Control-Flow Function Unit Utilization","Texture Function Unit Utilization","Instructions Executed","Instructions Issued","Issue Slots","L2 Throughput (Non-Coherent Reads)","L2 Non-Coherent Read Transactions","Non-Coherent Global Hit Rate","Non-Coherent Global Memory Load Throughput","Non-Coherent Global Load Efficiency","L2 Throughput (Atomic requests)","FP Instructions(Single)","FP Instructions(Double)","Integer Instructions","Bit-Convert Instructions","Control-Flow Instructions","Load/Store Instructions","Misc Instructions","Inter-Thread Instructions","Atomic Replay Overhead","Atomic Transactions","Atomic Transactions Per Request","L2 Read Transactions (L1 read requests)","L2 Write Transactions (L1 write requests)","L2 Transactions (Texture Reads)","L2 Throughput (L1 Writes)","L2 Transactions (Atomic requests)","ECC Transactions","ECC Throughput","Issue Stall Reasons (Pipe Busy)","Issue Stall Reasons (Immediate constant)","FLOP Efficiency(Peak Single)","FLOP Efficiency(Peak Double)","Issue Stall Reasons (Memory Throttle)","Issue Stall Reasons (Not Selected)","Eligible Warps Per Active Cycle","Atomic Throughput"
,,,,,,,,,,,,,,,,,,,,,,,,,,,,,,,,,,,,,,,,,,,,,,,,,,,,,,,,,,,,,,,,,,,,,,,,,,,,,,,,,,,,,,,,,,,,,,,,,,,,,,,,,,,,,,,,,,,,,,,,,,,,,,,,,,,,,,,,,,,,,,,,,%,%,%,,,GB/s,GB/s,%,,,,,,%,B/s,B/s,GB/s,GB/s,GB/s,,%,%,%,%,%,GB/s,B/s,%,%,B/s,,,%,,,,,,,,,,,,,,,,,,,,B/s,B/s,GB/s,GB/s,GB/s,GB/s,B/s,MB/s,%,,,,,,,,,,,,,,%,%,%,%,%,%,,,,,,,,,,,,,B/s,,%,B/s,%,B/s,,,,,,,,,,,,,,,GB/s,,,GB/s,%,%,%,%,%,%,,B/s
"Tesla K40c (0)","1","7","calculate_temp(int, float*, float*, float*, int, int, int, int, float, float, float, float, float, float)",0,0,0,0,0,0,0,0,0,0,344,367,130,133,135,904,0,0,0,0,176,176,176,176,630,630,630,630,630,630,630,630,0,0,0,0,0,0,0,0,0,0,0,0,0,0,0,0,0,0,0,0,0,0,0,0,0,0,0,0,0,0,0,0,0,0,0,0,0,1,0,0,650,753,675,790,181,176,244,180,117336,0,0,14112,0,0,0,0,4096,0,0,0,0,0,0,0,0,0,0,0,0,0,0,0,0,288,9216,68460,53896,13573,2042688,3108,1200,0,0,504,192,54958,1182838,36,1857152,0,0,0,0,0,0,1176,448,0,0,672,256,0,0,3108,1200,1176,448,0,0,0.000000,0.000000,54.509273,1.068419,0.288436,6.440193,1.869262,54.509273,1.068419,0.183786,0.000000,0.013555,0.000000,0.000000,0.000000,0.000000,2.595792,2.570236,9.200276,0.000000,34.878424,70.000000,72.727273,100.000000,0.000000,9.200276,0.000000,0.000000,93.242770,0.000000,1.271252,237.708333,26.449757,0.000000,0.000000,1.000000,1.000000,2.333333,2.333333,0,0,3108,1200,1176,448,0,1,0,0,711,2868,781,0.000000,0.000000,90.776056,35.048670,10.470790,2.851355,0.000000,3.738524,84.773590,12182,10080,6290,5004,277904,28716,9572,119808,95720,38288,0,28716,36864,10.187080,51.102993,5.133332,0.000000,9.674101,0.648871,"Low (1)","Low (1)","Idle (0)","Low (1)","Low (1)","Low (1)","Low (2)","Low (1)","Idle (0)",68460,81308,67668,0.000000,0,0.000000,0.000000,0.000000,0.000000,204176,67004,771488,151896,158120,114372,371644,0,0.000000,0,0.000000,2520,704,0,2.570236,0,0,0.000000,3.995868,13.333673,0.616783,0.637326,1.175594,4.748488,1.727794,0.000000
"Tesla K40c (0)","1","7","calculate_temp(int, float*, float*, float*, int, int, int, int, float, float, float, float, float, float)",0,0,0,0,0,0,0,0,0,0,518,436,180,160,128,706,0,0,0,0,1004,176,192,236,630,630,630,630,630,630,630,630,0,0,0,0,0,0,0,0,0,0,0,0,0,0,0,0,0,0,0,0,0,0,0,0,0,0,0,0,0,0,0,0,0,0,0,0,0,5,4,0,655,655,790,673,177,176,680,725,109848,0,0,14112,0,0,0,0,4096,0,0,0,0,0,0,0,0,0,0,0,0,0,0,0,0,288,9216,68460,53901,13593,2042688,3108,1200,0,0,504,192,55092,1000834,36,1857126,0,0,0,0,0,0,1176,448,0,0,672,256,0,0,3108,1200,1176,448,0,0,0.000000,0.000000,50.050069,1.067985,0.283853,6.433100,1.867204,50.050069,1.067985,0.184443,0.000000,0.013555,0.000000,0.000000,0.000000,0.000000,3.479126,2.567405,9.190143,0.000000,34.878424,70.000000,72.727273,100.000000,0.000000,9.190143,0.000000,21.899225,93.242770,0.000000,1.473781,237.708333,30.678077,0.000000,0.000000,1.000000,1.000000,2.333333,2.333333,0,0,3108,1200,1176,448,0,9,0,0,954,2773,1758,0.000000,0.000000,90.676082,35.010070,10.112805,6.411219,0.000000,33.609667,84.772404,12156,10080,6306,5004,277904,28716,9572,119808,95720,38288,0,28716,36864,10.239611,51.561319,5.084799,0.000000,9.223635,0.644212,"Low (1)","Low (1)","Idle (0)","Low (1)","Low (1)","Low (2)","Low (2)","Low (1)","Idle (0)",68460,81027,67466,0.000000,0,0.000000,0.000000,0.000000,0.000000,204176,67004,771488,151896,158120,114372,371644,0,0.000000,0,0.000000,2520,1608,0,5.864187,0,0,0.000000,4.061665,13.076603,0.658827,0.680770,1.174568,4.933588,2.029466,0.000000
"Tesla K40c (0)","1","7","calculate_temp(int, float*, float*, float*, int, int, int, int, float, float, float, float, float, float)",0,0,0,0,0,0,0,0,0,0,561,1749,196,659,133,141,0,0,0,0,192,176,176,176,630,630,630,630,630,630,630,630,0,0,0,0,0,0,0,0,0,0,0,0,0,0,0,0,0,0,0,0,0,0,0,0,0,0,0,0,0,0,0,0,0,0,0,0,0,0,1,0,655,655,790,673,185,177,177,180,110214,0,0,14112,0,0,0,0,4096,0,0,0,0,0,0,0,0,0,0,0,0,0,0,0,0,288,9216,68460,53861,13534,2042688,3108,1200,0,0,504,192,64084,998290,36,1857130,0,0,0,0,0,0,1176,448,0,0,672,256,0,0,3108,1200,1182,448,0,0,0.000000,0.000000,49.621645,1.248268,0.285145,6.452049,1.872704,49.621645,1.248268,0.182136,0.000000,0.013555,0.000000,0.000000,0.000000,0.000000,8.449112,2.574967,9.217213,0.000000,34.878424,70.000000,72.727273,100.000000,0.000000,9.217213,0.000000,0.493827,93.242770,0.000000,1.480197,237.708333,30.817791,0.000000,0.000000,1.000000,1.000000,2.333333,2.333333,0,0,3108,1200,1176,448,0,1,0,0,2310,2773,719,0.000000,0.000000,90.943169,35.113193,10.142592,2.629832,0.000000,3.745407,84.772586,12290,10080,6286,5004,277904,28716,9572,119808,95720,38288,0,28716,36864,10.078830,51.614002,5.168682,0.000000,9.383170,0.649119,"Low (1)","Low (1)","Idle (0)","Low (1)","Low (1)","Low (2)","Low (2)","Low (1)","Idle (0)",68460,80952,67417,0.000000,0,0.000000,0.000000,0.000000,0.000000,204176,67004,771488,151896,158120,114372,371644,0,0.000000,0,0.000000,2520,720,0,2.633489,0,1181,4.319654,4.011401,13.122008,0.656639,0.678510,1.177990,4.794798,2.020132,0.000000
"Tesla K40c (0)","1","7","calculate_temp(int, float*, float*, float*, int, int, int, int, float, float, float, float, float, float)",0,0,0,0,0,0,0,0,0,0,348,427,136,149,274,131,0,0,0,0,176,176,176,176,630,630,630,630,630,630,630,630,0,0,0,0,0,0,0,0,0,0,0,0,0,0,0,0,0,0,0,0,0,0,0,0,0,0,0,0,0,0,0,0,0,0,0,0,4,1,1,0,650,750,675,790,996,177,272,649,116970,0,0,14112,0,0,0,0,4096,0,0,0,0,0,0,0,0,0,0,0,0,0,0,0,0,288,9216,68460,54029,13617,2042688,3108,1200,0,0,504,192,54999,999876,36,1857144,0,0,0,0,0,0,1176,448,0,0,672,256,0,0,3108,1200,1176,448,0,0,0.000000,0.000000,54.843977,1.244343,0.284045,6.436251,1.868118,54.843977,1.244343,0.183246,0.000000,0.013555,0.000000,0.000000,0.000000,0.000000,2.827718,2.568662,9.194644,0.000000,34.878424,70.000000,72.727273,100.000000,0.000000,9.194644,0.000000,0.000000,93.242770,0.000000,1.266746,237.708333,26.362021,0.000000,0.000000,1.000000,1.000000,2.333333,2.333333,0,0,3108,1200,1176,448,0,6,0,0,775,2865,2094,0.000000,0.000000,90.720488,35.027215,10.453435,7.640311,0.000000,22.417418,84.773225,12201,10080,6323,5004,277904,28716,9572,119808,95720,38288,0,28716,36864,10.172430,51.253995,5.069545,0.000000,9.335618,0.665226,"Low (1)","Low (1)","Idle (0)","Low (1)","Low (1)","Low (1)","Low (2)","Low (1)","Idle (0)",68460,81005,67450,0.000000,0,0.000000,0.000000,0.000000,0.000000,204176,67004,771488,151896,158120,114372,371644,0,0.000000,0,0.000000,2520,704,0,2.568662,0,85,0.310137,4.152275,13.376985,0.618713,0.639320,1.157978,4.815946,1.730012,0.000000
"Tesla K40c (0)","1","7","calculate_temp(int, float*, float*, float*, int, int, int, int, float, float, float, float, float, float)",0,0,0,0,0,0,0,0,0,0,2265,351,884,136,304,136,0,0,0,0,224,224,848,176,630,630,630,630,630,630,630,630,0,0,0,0,0,0,0,0,0,0,0,0,0,0,0,0,0,0,0,0,0,0,0,0,0,0,0,0,0,0,0,0,0,0,0,0,1,4,1,0,650,650,790,793,176,176,956,321,117666,0,0,14112,0,0,0,0,4096,0,0,0,0,0,0,0,0,0,0,0,0,0,0,0,0,288,9216,68460,53918,13534,2042688,3108,1200,0,0,504,192,64440,999750,36,1857138,0,0,0,0,0,0,1176,448,0,0,672,256,0,0,3108,1200,1176,448,0,0,0.000000,0.000000,54.765183,1.244117,0.283881,6.429953,1.866290,54.765183,1.244117,0.182968,0.000000,0.013555,0.000000,0.000000,0.000000,0.000000,9.535577,2.566149,9.185647,0.000000,34.878424,70.000000,72.727273,100.000000,0.000000,9.185647,0.000000,19.238477,93.242770,0.000000,1.272269,237.708333,26.528942,0.000000,0.000000,1.000000,1.000000,2.333333,2.333333,0,0,3108,1200,1176,448,0,6,0,0,2616,2883,1629,0.000000,0.000000,90.631720,34.992942,10.508818,5.937865,0.000000,22.395482,84.772951,12329,10080,6914,5004,277904,28716,9572,119808,95720,38288,0,28716,36864,9.911817,50.857844,5.014953,0.000000,9.541775,0.632949,"Low (1)","Low (1)","Idle (0)","Low (1)","Low (1)","Low (2)","Low (2)","Low (1)","Idle (0)",68460,81985,68381,0.000000,0,0.000000,0.000000,0.000000,0.000000,204176,67004,771488,151896,158120,114372,371644,0,0.000000,0,0.000000,2520,1472,0,5.365584,0,1156,4.213733,3.981071,13.098031,0.615053,0.635538,2.233396,4.728165,1.730959,0.000000
"Tesla K40c (0)","1","7","calculate_temp(int, float*, float*, float*, int, int, int, int, float, float, float, float, float, float)",0,0,0,0,0,0,0,0,0,0,395,425,141,157,936,149,0,0,0,0,324,180,176,176,630,630,630,630,630,630,630,630,0,0,0,0,0,0,0,0,0,0,0,0,0,0,0,0,0,0,0,0,0,0,0,0,0,0,0,0,0,0,0,0,0,0,0,0,4,1,4,4,655,655,795,795,920,180,180,177,117648,0,0,14112,0,0,0,0,4096,0,0,0,0,0,0,0,0,0,0,0,0,0,0,0,0,288,9216,68460,54704,13665,2042688,3108,1200,0,0,504,192,55064,998026,36,1857126,0,0,0,0,0,0,1176,448,0,0,672,256,0,0,3108,1200,1176,448,0,0,0.000000,0.000000,54.230416,1.246677,0.283974,6.426809,1.865378,54.230416,1.246677,0.198276,0.000000,0.013555,0.000000,0.000000,0.000000,0.000000,2.987519,2.564894,9.181156,0.000000,34.878424,70.000000,72.727273,100.000000,0.000000,9.181156,0.000000,4.502370,93.242770,0.000000,1.274729,237.708333,26.526230,0.000000,0.000000,1.000000,1.000000,2.333333,2.333333,0,0,3108,1200,1176,448,0,13,0,0,820,2900,1457,0.000000,0.000000,90.587401,34.975831,10.565616,5.308311,0.000000,48.499818,84.772404,12174,10080,6304,5004,277904,28716,9572,119808,95720,38288,0,28716,36864,10.133872,51.255259,5.095942,0.000000,9.477514,0.647689,"Low (1)","Low (1)","Idle (0)","Low (1)","Low (1)","Low (1)","Low (2)","Low (1)","Idle (0)",68460,81329,67696,0.000000,0,0.000000,0.000000,0.000000,0.000000,204176,67004,771488,151896,158120,114372,371644,0,0.000000,0,0.000000,2520,856,0,3.118678,0,0,0.000000,4.029944,13.342091,0.615147,0.635636,1.183356,4.834332,1.742857,0.000000
"Tesla K40c (0)","1","7","calculate_temp(int, float*, float*, float*, int, int, int, int, float, float, float, float, float, float)",0,0,0,0,0,0,0,0,0,0,348,1863,133,685,650,148,0,0,0,0,176,176,192,176,630,630,630,630,630,630,630,630,0,0,0,0,0,0,0,0,0,0,0,0,0,0,0,0,0,0,0,0,0,0,0,0,0,0,0,0,0,0,0,0,0,0,0,0,4,0,4,0,653,653,670,793,176,828,177,329,109662,0,0,14112,0,0,0,0,4096,0,0,0,0,0,0,0,0,0,0,0,0,0,0,0,0,288,9216,68460,54075,13630,2042688,3108,1200,0,0,504,192,64494,1182200,36,1857120,0,0,0,0,0,0,1176,448,0,0,672,256,0,0,3108,1200,1176,448,0,0,0.000000,0.000000,50.020062,1.070507,0.288844,6.436251,1.868118,50.020062,1.070507,0.188066,0.000000,0.013555,0.000000,0.000000,0.000000,0.000000,8.067206,2.568662,9.194644,0.000000,34.878424,70.000000,72.727273,100.000000,0.000000,9.194644,0.000000,0.493827,93.242770,0.000000,1.476182,237.708333,30.728948,0.000000,0.000000,1.000000,1.000000,2.333333,2.333333,0,0,3108,1200,1176,448,0,8,0,0,2211,2769,1510,0.000000,0.000000,90.720488,35.027215,10.103162,5.509489,0.000000,29.889890,84.772130,12293,10080,6288,5004,277904,28716,9572,119808,95720,38288,0,28716,36864,10.206051,51.351092,5.161734,0.000000,9.380556,0.645245,"Low (1)","Low (1)","Idle (0)","Low (1)","Low (1)","Low (2)","Low (2)","Low (1)","Idle (0)",68460,80973,67423,0.000000,0,0.000000,0.000000,0.000000,0.000000,204176,67004,771488,151896,158120,114372,371644,0,0.000000,0,0.000000,2520,720,0,2.627041,0,595,2.170958,4.006488,13.244672,0.659944,0.681925,1.179532,4.824630,2.018686,0.000000
"Tesla K40c (0)","1","7","calculate_temp(int, float*, float*, float*, int, int, int, int, float, float, float, float, float, float)",0,0,0,0,0,0,0,0,0,0,354,348,137,132,703,135,0,0,0,0,664,176,780,644,630,630,630,630,630,630,630,630,0,0,0,0,0,0,0,0,0,0,0,0,0,0,0,0,0,0,0,0,0,0,0,0,0,0,0,0,0,0,0,0,0,0,0,0,4,0,4,5,655,650,790,670,233,180,420,252,110451,0,0,14112,0,0,0,0,4096,0,0,0,0,0,0,0,0,0,0,0,0,0,0,0,0,288,9216,68460,53869,13574,2042688,3108,1200,0,0,504,192,54819,995416,36,1857130,0,0,0,0,0,0,1176,448,0,0,672,256,0,0,3108,1200,1300,448,0,0,0.000000,0.000000,49.805796,1.243913,0.282604,6.445721,1.870867,49.805796,1.243913,0.192214,0.000000,0.013555,0.000000,0.000000,0.000000,0.000000,2.565134,2.572442,9.208172,0.000000,34.878424,70.000000,72.727273,100.000000,0.000000,9.208172,0.000000,32.608696,93.242770,0.000000,1.472742,237.708333,30.649779,0.000000,0.000000,1.000000,1.000000,2.333333,2.333333,0,0,3108,1200,1176,448,0,13,0,0,702,2765,1085,0.000000,0.000000,90.853966,35.078751,10.103411,3.964630,0.000000,48.642534,84.772586,12173,10080,6306,5004,277904,28716,9572,119808,95720,38288,0,28716,36864,10.003790,51.503372,5.370341,0.000000,9.187556,0.650903,"Low (1)","Low (1)","Idle (0)","Low (1)","Low (1)","Low (2)","Low (2)","Low (1)","Idle (0)",68460,81619,67987,0.000000,0,0.000000,0.000000,0.000000,0.000000,204176,67004,771488,151896,158120,114372,371644,0,0.000000,0,0.000000,2520,2264,0,8.272739,0,0,0.000000,3.982545,12.965323,0.655230,0.677054,1.529634,4.806535,2.014488,0.000000
"Tesla K40c (0)","1","7","calculate_temp(int, float*, float*, float*, int, int, int, int, float, float, float, float, float, float)",0,0,0,0,0,0,0,0,0,0,2048,343,813,131,142,131,0,0,0,0,332,176,728,312,630,630,630,630,630,630,630,630,0,0,0,0,0,0,0,0,0,0,0,0,0,0,0,0,0,0,0,0,0,0,0,0,0,0,0,0,0,0,0,0,0,0,0,0,0,0,4,1,653,650,675,670,284,228,268,180,117639,0,0,14112,0,0,0,0,4096,0,0,0,0,0,0,0,0,0,0,0,0,0,0,0,0,288,9216,68460,53913,13569,2042688,3108,1200,0,0,504,192,64204,1193772,36,1857148,0,0,0,0,0,0,1176,448,0,0,672,256,0,0,3108,1200,1176,448,0,0,0.000000,0.000000,54.577139,1.249042,0.288451,6.449674,1.872014,54.577139,1.249042,0.183918,0.000000,0.013555,0.000000,0.000000,0.000000,0.000000,8.742161,2.574020,9.213821,0.000000,34.878424,70.000000,72.727273,100.000000,0.000000,9.213821,0.000000,20.747296,93.242770,0.000000,1.275621,237.708333,26.580120,0.000000,0.000000,1.000000,1.000000,2.333333,2.333333,0,0,3108,1200,1176,448,0,5,0,0,2391,2648,960,0.000000,0.000000,90.909697,35.100269,9.681824,3.510027,0.000000,18.720143,84.773408,12324,10080,6294,5004,277904,28716,9572,119808,95720,38288,0,28716,36864,9.988447,51.070450,5.099299,0.000000,9.278335,0.635514,"Low (1)","Low (1)","Idle (0)","Low (1)","Low (1)","Low (2)","Low (2)","Low (1)","Idle (0)",68460,81900,68262,0.000000,0,0.000000,0.000000,0.000000,0.000000,204176,67004,771488,151896,158120,114372,371644,0,0.000000,0,0.000000,2520,1548,0,5.659918,0,1174,4.292470,4.011135,13.382552,0.615194,0.635684,1.774511,4.759757,1.736995,0.000000
"Tesla K40c (0)","1","7","calculate_temp(int, float*, float*, float*, int, int, int, int, float, float, float, float, float, float)",0,0,0,0,0,0,0,0,0,0,330,957,128,359,140,130,0,0,0,0,176,176,348,176,630,630,630,630,630,630,630,630,0,0,0,0,0,0,0,0,0,0,0,0,0,0,0,0,0,0,0,0,0,0,0,0,0,0,0,0,0,0,0,0,0,0,0,0,4,1,0,4,655,653,670,670,176,177,176,177,109065,0,0,14112,0,0,0,0,4096,0,0,0,0,0,0,0,0,0,0,0,0,0,0,0,0,288,9216,68460,53911,13569,2042688,3108,1200,0,0,504,192,64066,1188588,36,1857152,0,0,0,0,0,0,1176,448,0,0,672,256,0,0,3108,1200,1854,448,0,0,0.000000,0.000000,50.315867,1.246019,0.289297,6.434675,1.867661,50.315867,1.246019,0.187233,0.000000,0.013555,0.000000,0.000000,0.000000,0.000000,4.694687,2.568034,9.192393,0.000000,34.878424,70.000000,72.727273,100.000000,0.000000,9.192393,0.000000,5.064782,93.242770,0.000000,1.476921,237.708333,30.741476,0.000000,0.000000,1.000000,1.000000,2.333333,2.333333,0,0,3108,1200,1176,448,0,9,0,0,1287,2648,706,0.000000,0.000000,90.698280,35.018641,9.659308,2.575329,0.000000,33.617894,84.773590,12346,10080,6309,5004,277904,28716,9572,119808,95720,38288,0,28716,36864,10.151590,51.362176,5.016575,0.000000,9.353899,0.646970,"Low (1)","Low (1)","Idle (0)","Low (1)","Low (1)","Low (2)","Low (2)","Low (1)","Idle (0)",68460,81278,67664,0.000000,0,0.000000,0.000000,0.000000,0.000000,204176,67004,771488,151896,158120,114372,371644,0,0.000000,0,0.000000,2520,876,0,3.195451,0,530,1.933321,4.036102,13.428293,0.663557,0.685658,1.204886,4.799508,2.015343,0.000000
"Tesla K40c (0)","1","7","calculate_temp(int, float*, float*, float*, int, int, int, int, float, float, float, float, float, float)",0,0,0,0,0,0,0,0,0,0,489,406,186,143,133,140,0,0,0,0,752,228,176,256,630,630,630,630,630,630,630,630,0,0,0,0,0,0,0,0,0,0,0,0,0,0,0,0,0,0,0,0,0,0,0,0,0,0,0,0,0,0,0,0,0,0,0,0,4,1,0,4,650,753,802,670,697,177,840,176,108999,0,0,14112,0,0,0,0,4096,0,0,0,0,0,0,0,0,0,0,0,0,0,0,0,0,288,9216,68460,53897,13562,2042688,3108,1200,0,0,504,192,63578,997748,36,1857120,0,0,0,0,0,0,1176,448,0,0,672,256,0,0,3108,1200,1176,448,0,0,0.000000,0.000000,50.443582,1.244365,0.283369,6.458390,1.874544,50.443582,1.244365,0.183479,0.000000,0.013555,0.000000,0.000000,0.000000,0.000000,3.276791,2.577498,9.226272,0.000000,34.878424,70.000000,72.727273,100.000000,0.000000,9.226272,0.000000,18.006104,93.242770,0.000000,1.472364,237.708333,30.651292,0.000000,0.000000,1.000000,1.000000,2.333333,2.333333,0,0,3108,1200,1176,448,0,9,0,0,895,2875,1890,0.000000,0.000000,91.032548,35.147702,10.526005,6.919704,0.000000,33.741794,84.772130,12178,10080,6296,5004,277904,28716,9572,119808,95720,38288,0,28716,36864,10.189446,51.277881,5.163145,0.000000,9.486311,0.662415,"Low (1)","Low (1)","Idle (0)","Low (1)","Low (1)","Low (2)","Low (2)","Low (1)","Idle (0)",68460,80955,67412,0.000000,0,0.000000,0.000000,0.000000,0.000000,204176,67004,771488,151896,158120,114372,371644,0,0.000000,0,0.000000,2520,1412,0,5.169641,0,293,1.072737,4.014098,13.217820,0.663959,0.686073,1.178196,4.810688,2.012477,0.000000
"Tesla K40c (0)","1","7","calculate_temp(int, float*, float*, float*, int, int, int, int, float, float, float, float, float, float)",0,0,0,0,0,0,0,0,0,0,375,359,142,131,150,569,0,0,0,0,800,176,912,932,630,630,630,630,630,630,630,630,0,0,0,0,0,0,0,0,0,0,0,0,0,0,0,0,0,0,0,0,0,0,0,0,0,0,0,0,0,0,0,0,0,0,0,0,0,1,0,0,655,750,675,670,204,177,180,796,108681,0,0,14112,0,0,0,0,4096,0,0,0,0,0,0,0,0,0,0,0,0,0,0,0,0,288,9216,68460,53935,13555,2042688,3108,1200,0,0,504,192,54801,996296,36,1857144,0,0,0,0,0,0,1176,448,0,0,672,256,0,0,3108,1200,1176,448,0,0,0.000000,0.000000,50.423717,1.248997,0.283219,6.427595,1.865606,50.423717,1.248997,0.183100,0.000000,0.013555,0.000000,0.000000,0.000000,0.000000,2.674521,2.565208,9.182278,0.000000,34.878424,70.000000,72.727273,100.000000,0.000000,9.182278,0.000000,39.625468,93.242770,0.000000,1.478896,237.708333,30.788672,0.000000,0.000000,1.000000,1.000000,2.333333,2.333333,0,0,3108,1200,1176,448,0,1,0,0,734,2750,1357,0.000000,0.000000,90.598477,34.980107,10.020343,4.944584,0.000000,3.731211,84.773225,12167,10080,6296,5004,277904,28716,9572,119808,95720,38288,0,28716,36864,23.233301,43.073276,4.618869,0.000000,8.212086,0.527409,"Low (1)","Low (1)","Idle (0)","Low (1)","Low (1)","Low (2)","Low (2)","Low (1)","Idle (0)",68460,80995,67451,0.000000,0,0.000000,0.000000,0.000000,0.000000,204176,67004,771488,151896,158120,114372,371644,0,0.000000,0,0.000000,2520,2820,0,10.275406,0,0,0.000000,3.365460,11.041219,0.665901,0.688080,1.890610,4.037771,2.024781,0.000000
"Tesla K40c (0)","1","7","calculate_temp(int, float*, float*, float*, int, int, int, int, float, float, float, float, float, float)",0,0,0,0,0,0,0,0,0,0,393,353,141,130,220,966,0,0,0,0,176,176,176,180,630,630,630,630,630,630,630,630,0,0,0,0,0,0,0,0,0,0,0,0,0,0,0,0,0,0,0,0,0,0,0,0,0,0,0,0,0,0,0,0,0,0,0,0,0,1,4,0,650,650,670,790,180,430,320,737,109857,0,0,14112,0,0,0,0,4096,0,0,0,0,0,0,0,0,0,0,0,0,0,0,0,0,288,9216,68460,53896,13549,2042688,3108,1200,0,0,504,192,55145,996138,36,1857138,0,0,0,0,0,0,1176,448,0,0,672,256,0,0,3108,1200,1176,448,0,0,0.000000,0.000000,50.112419,1.248837,0.283928,6.445721,1.870867,50.112419,1.248837,0.183085,0.000000,0.013555,0.000000,0.000000,0.000000,0.000000,2.725911,2.572442,9.208172,0.000000,34.878424,70.000000,72.727273,100.000000,0.000000,9.208172,0.000000,0.123916,93.242770,0.000000,1.470591,237.708333,30.611967,0.000000,0.000000,1.000000,1.000000,2.333333,2.333333,0,0,3108,1200,1176,448,0,5,0,0,746,2760,1667,0.000000,0.000000,90.853966,35.078751,10.085141,6.091279,0.000000,18.708667,84.772951,12143,10080,6294,5004,277904,28716,9572,119808,95720,38288,0,28716,36864,23.784783,43.516801,4.369061,0.000000,8.073450,0.545590,"Low (1)","Low (1)","Idle (0)","Low (1)","Low (1)","Low (2)","Low (2)","Low (1)","Idle (0)",68460,80959,67410,0.000000,0,0.000000,0.000000,0.000000,0.000000,204176,67004,771488,151896,158120,114372,371644,0,0.000000,0,0.000000,2520,708,0,2.587058,0,0,0.000000,3.411684,11.171292,0.658773,0.680714,1.000594,4.126744,2.018891,0.000000
"Tesla K40c (0)","1","7","calculate_temp(int, float*, float*, float*, int, int, int, int, float, float, float, float, float, float)",0,0,0,0,0,0,0,0,0,0,402,347,140,134,138,129,0,0,0,0,776,644,364,176,630,630,630,630,630,630,630,630,0,0,0,0,0,0,0,0,0,0,0,0,0,0,0,0,0,0,0,0,0,0,0,0,0,0,0,0,0,0,0,0,0,0,0,0,0,1,4,4,650,750,790,790,181,926,176,252,108879,0,0,14112,0,0,0,0,4096,0,0,0,0,0,0,0,0,0,0,0,0,0,0,0,0,288,9216,68460,54045,13652,2042688,3108,1200,0,0,504,192,55200,999856,36,1857112,0,0,0,0,0,0,1176,448,0,0,672,256,0,0,3108,1200,1176,448,0,0,0.000000,0.000000,50.448663,1.242175,0.283021,6.435463,1.867889,50.448663,1.242175,0.188271,0.000000,0.013555,0.000000,0.000000,0.000000,0.000000,2.732518,2.568348,9.193518,0.000000,34.878424,70.000000,72.727273,100.000000,0.000000,9.193518,0.000000,28.035714,93.242770,0.000000,1.475604,237.708333,30.716119,0.000000,0.000000,1.000000,1.000000,2.333333,2.333333,0,0,3108,1200,1176,448,0,9,0,0,749,2980,1535,0.000000,0.000000,90.709382,35.022928,10.871700,5.600020,0.000000,33.622010,84.771765,12186,10080,6304,5004,277904,28716,9572,119808,95720,38288,0,28716,36864,23.131035,43.689935,4.342893,0.000000,8.152987,0.554392,"Low (1)","Low (1)","Idle (0)","Low (1)","Low (1)","Low (2)","Low (2)","Low (1)","Idle (0)",68460,81052,67487,0.000000,0,0.000000,0.000000,0.000000,0.000000,204176,67004,771488,151896,158120,114372,371644,0,0.000000,0,0.000000,2520,1960,0,7.150514,0,208,0.758830,3.395294,11.551501,0.664690,0.686829,1.042113,4.139850,2.024487,0.000000
"Tesla K40c (0)","1","7","calculate_temp(int, float*, float*, float*, int, int, int, int, float, float, float, float, float, float)",0,0,0,0,0,0,0,0,0,0,403,341,148,130,138,141,0,0,0,0,796,628,352,176,630,630,630,630,630,630,630,630,0,0,0,0,0,0,0,0,0,0,0,0,0,0,0,0,0,0,0,0,0,0,0,0,0,0,0,0,0,0,0,0,0,0,0,0,0,1,0,4,655,650,790,795,177,901,180,228,109905,0,0,14112,0,0,0,0,4096,0,0,0,0,0,0,0,0,0,0,0,0,0,0,0,0,288,9216,68460,53874,13585,2042688,3108,1200,0,0,504,192,54843,999200,36,1857130,0,0,0,0,0,0,1176,448,0,0,672,256,0,0,3108,1200,1176,448,0,0,0.000000,0.000000,50.113280,1.244275,0.283760,6.439404,1.869033,50.113280,1.244275,0.183815,0.000000,0.013555,0.000000,0.000000,0.000000,0.000000,2.715939,2.569921,9.199149,0.000000,34.878424,70.000000,72.727273,100.000000,0.000000,9.199149,0.000000,27.906977,93.242770,0.000000,1.471885,237.708333,30.633023,0.000000,0.000000,1.000000,1.000000,2.333333,2.333333,0,0,3108,1200,1176,448,0,5,0,0,744,2890,1486,0.000000,0.000000,90.764937,35.044377,10.549818,5.424578,0.000000,18.690334,84.772586,12176,10080,6296,5004,277904,28716,9572,119808,95720,38288,0,28716,36864,23.538952,43.743977,4.376693,0.000000,7.946414,0.549553,"Low (1)","Low (1)","Idle (0)","Low (1)","Low (1)","Low (2)","Low (2)","Low (1)","Idle (0)",68460,81067,67487,0.000000,0,0.000000,0.000000,0.000000,0.000000,204176,67004,771488,151896,158120,114372,371644,0,0.000000,0,0.000000,2520,1952,0,7.125690,0,187,0.682635,3.375851,11.313539,0.658485,0.680417,1.016777,4.138244,2.017485,0.000000
"Tesla K40c (0)","1","7","calculate_temp(int, float*, float*, float*, int, int, int, int, float, float, float, float, float, float)",0,0,0,0,0,0,0,0,0,0,363,330,133,128,133,264,0,0,0,0,224,180,704,176,630,630,630,630,630,630,630,630,0,0,0,0,0,0,0,0,0,0,0,0,0,0,0,0,0,0,0,0,0,0,0,0,0,0,0,0,0,0,0,0,0,0,0,0,0,1,4,0,653,653,790,673,177,654,768,652,109755,0,0,14112,0,0,0,0,4096,0,0,0,0,0,0,0,0,0,0,0,0,0,0,0,0,288,9216,68460,53910,13546,2042688,3108,1200,0,0,504,192,55032,1185946,36,1857144,0,0,0,0,0,0,1176,448,0,0,672,256,0,0,3108,1200,1176,448,0,0,0.000000,0.000000,50.140768,1.245384,0.288303,6.440982,1.869491,50.140768,1.245384,0.182968,0.000000,0.013555,0.000000,0.000000,0.000000,0.000000,2.530386,2.570551,9.201403,0.000000,34.878424,70.000000,72.727273,100.000000,0.000000,9.201403,0.000000,15.247108,93.242770,0.000000,1.471907,237.708333,30.643989,0.000000,0.000000,1.000000,1.000000,2.333333,2.333333,0,0,3108,1200,1176,448,0,5,0,0,693,2769,2251,0.000000,0.000000,90.787178,35.052964,10.110589,8.219190,0.000000,18.694914,84.773225,12168,10080,6307,5004,277904,28716,9572,119808,95720,38288,0,28716,36864,10.064449,51.427747,5.043650,0.000000,9.239814,0.641826,"Low (1)","Low (1)","Idle (0)","Low (1)","Low (1)","Low (2)","Low (2)","Low (1)","Idle (0)",68460,80986,67432,0.000000,0,0.000000,0.000000,0.000000,0.000000,204176,67004,771488,151896,158120,114372,371644,0,0.000000,0,0.000000,2520,1284,0,4.688334,0,35,0.127797,4.055730,13.281567,0.659385,0.681347,1.405229,4.839987,2.018607,0.000000
"Tesla K40c (0)","1","7","calculate_temp(int, float*, float*, float*, int, int, int, int, float, float, float, float, float, float)",0,0,0,0,0,0,0,0,0,0,2083,392,780,143,892,128,0,0,0,0,176,176,268,176,630,630,630,630,630,630,630,630,0,0,0,0,0,0,0,0,0,0,0,0,0,0,0,0,0,0,0,0,0,0,0,0,0,0,0,0,0,0,0,0,0,0,0,0,0,5,0,0,650,750,670,790,176,182,180,180,117396,0,0,14112,0,0,0,0,4096,0,0,0,0,0,0,0,0,0,0,0,0,0,0,0,0,288,9216,68460,54643,13627,2042688,3108,1200,0,0,504,192,55064,997968,36,1857148,0,0,0,0,0,0,1176,448,0,0,672,256,0,0,3108,1200,1176,448,0,0,0.000000,0.000000,54.677331,1.247517,0.283184,6.456011,1.873854,54.677331,1.247517,0.198262,0.000000,0.013555,0.000000,0.000000,0.000000,0.000000,9.058179,2.576549,9.222873,0.000000,34.878424,70.000000,72.727273,100.000000,0.000000,9.222873,0.000000,2.774427,93.242770,0.000000,1.275873,237.708333,26.589447,0.000000,0.000000,1.000000,1.000000,2.333333,2.333333,0,0,3108,1200,1176,448,0,5,0,0,2475,2860,718,0.000000,0.000000,90.999011,35.134753,10.467229,2.627787,0.000000,18.738535,84.773408,12302,10080,6286,5004,277904,28716,9572,119808,95720,38288,0,28716,36864,10.190359,51.256423,5.125754,0.000000,9.431902,0.650169,"Low (1)","Low (1)","Idle (0)","Low (1)","Low (1)","Low (2)","Low (2)","Low (1)","Idle (0)",68460,82033,68373,0.000000,0,0.000000,0.000000,0.000000,0.000000,204176,67004,771488,151896,158120,114372,371644,0,0.000000,0,0.000000,2520,796,0,2.913257,0,532,1.947051,3.967278,13.390509,0.616468,0.637000,1.187382,4.800224,1.736216,0.000000
"Tesla K40c (0)","1","7","calculate_temp(int, float*, float*, float*, int, int, int, int, float, float, float, float, float, float)",0,0,0,0,0,0,0,0,0,0,2186,339,866,130,954,129,0,0,0,0,176,176,280,176,630,630,630,630,630,630,630,630,0,0,0,0,0,0,0,0,0,0,0,0,0,0,0,0,0,0,0,0,0,0,0,0,0,0,0,0,0,0,0,0,0,0,0,0,4,1,4,0,655,753,670,670,189,177,176,192,117276,0,0,14112,0,0,0,0,4096,0,0,0,0,0,0,0,0,0,0,0,0,0,0,0,0,288,9216,68460,54732,13618,2042688,3108,1200,0,0,504,192,54838,999634,36,1857152,0,0,0,0,0,0,1176,448,0,0,672,256,0,0,3108,1200,1189,448,0,0,0.000000,0.000000,54.784440,1.244546,0.284826,6.433100,1.867204,54.784440,1.244546,0.197312,0.000000,0.013555,0.000000,0.000000,0.000000,0.000000,9.208378,2.567405,9.190143,0.000000,34.878424,70.000000,72.727273,100.000000,0.000000,9.190143,0.000000,3.125000,93.242770,0.000000,1.274603,237.708333,26.552942,0.000000,0.000000,1.000000,1.000000,2.333333,2.333333,0,0,3108,1200,1176,448,0,9,0,0,2525,2748,734,0.000000,0.000000,90.676082,35.010070,10.021633,2.676812,0.000000,33.609667,84.773590,12339,10080,6644,5004,277904,28716,9572,119808,95720,38288,0,28716,36864,10.205831,51.326981,5.073533,0.000000,9.544065,0.654420,"Low (1)","Low (1)","Idle (0)","Low (1)","Low (1)","Low (2)","Low (2)","Low (1)","Idle (0)",68460,81892,68240,0.000000,0,0.000000,0.000000,0.000000,0.000000,204176,67004,771488,151896,158120,114372,371644,0,0.000000,0,0.000000,2520,808,0,2.946681,0,446,1.626510,4.018226,13.167191,0.617098,0.637652,1.179959,4.829795,1.737552,0.000000
"Tesla K40c (0)","1","7","calculate_temp(int, float*, float*, float*, int, int, int, int, float, float, float, float, float, float)",0,0,0,0,0,0,0,0,0,0,372,359,139,140,169,131,0,0,0,0,184,176,232,176,630,630,630,630,630,630,630,630,0,0,0,0,0,0,0,0,0,0,0,0,0,0,0,0,0,0,0,0,0,0,0,0,0,0,0,0,0,0,0,0,0,0,0,0,0,1,0,0,653,650,790,790,180,629,180,177,110040,0,0,14112,0,0,0,0,4096,0,0,0,0,0,0,0,0,0,0,0,0,0,0,0,0,288,9216,68460,53851,13561,2042688,3108,1200,0,0,504,192,54981,994580,36,1857120,0,0,0,0,0,0,1176,448,0,0,672,256,0,0,3108,1200,1176,448,0,0,0.000000,0.000000,49.964558,1.059867,0.284335,6.447302,1.871326,49.964558,1.059867,0.188168,0.000000,0.013555,0.000000,0.000000,0.000000,0.000000,2.671756,2.573073,9.210431,0.000000,34.878424,70.000000,72.727273,100.000000,0.000000,9.210431,0.000000,1.946472,93.242770,0.000000,1.472745,237.708333,30.652407,0.000000,0.000000,1.000000,1.000000,2.333333,2.333333,0,0,3108,1200,1176,448,0,1,0,0,731,2883,1166,0.000000,0.000000,90.876250,35.087355,10.537171,4.261652,0.000000,3.742651,84.772130,12161,10080,6290,5004,277904,28716,9572,119808,95720,38288,0,28716,36864,10.194251,51.181883,5.153226,0.000000,9.444841,0.664316,"Low (1)","Low (1)","Idle (0)","Low (1)","Low (1)","Low (2)","Low (2)","Low (1)","Idle (0)",68460,81342,67702,0.000000,0,0.000000,0.000000,0.000000,0.000000,204176,67004,771488,151896,158120,114372,371644,0,0.000000,0,0.000000,2520,768,0,2.806988,0,152,0.555550,4.006337,13.303428,0.657678,0.679582,1.174884,4.876835,2.024554,0.000000
"Tesla K40c (0)","1","7","calculate_temp(int, float*, float*, float*, int, int, int, int, float, float, float, float, float, float)",0,0,0,0,0,0,0,0,0,0,847,349,326,130,131,129,0,0,0,0,176,440,176,176,630,630,630,630,630,630,630,630,0,0,0,0,0,0,0,0,0,0,0,0,0,0,0,0,0,0,0,0,0,0,0,0,0,0,0,0,0,0,0,0,0,0,0,0,0,5,4,0,650,650,675,674,177,182,592,176,117303,0,0,14112,0,0,0,0,4096,0,0,0,0,0,0,0,0,0,0,0,0,0,0,0,0,288,9216,68460,53923,13550,2042688,3108,1200,0,0,504,192,55073,1180370,36,1857128,0,0,0,0,0,0,1176,448,0,0,672,256,0,0,3108,1200,1176,448,0,0,0.000000,0.000000,54.680613,1.243393,0.288433,6.432313,1.866975,54.680613,1.243393,0.183509,0.000000,0.013555,0.000000,0.000000,0.000000,0.000000,4.361138,2.567091,9.189019,0.000000,34.878424,70.000000,72.727273,100.000000,0.000000,9.189019,0.000000,7.568807,93.242770,0.000000,1.269293,237.708333,26.414830,0.000000,0.000000,1.000000,1.000000,2.333333,2.333333,0,0,3108,1200,1176,448,0,9,0,0,1196,2649,1127,0.000000,0.000000,90.664988,35.005787,9.659409,4.109534,0.000000,33.605555,84.772495,12156,10080,6304,5004,277904,28716,9572,119808,95720,38288,0,28716,36864,23.726396,43.681509,4.332847,0.000000,7.829126,0.538268,"Low (1)","Low (1)","Idle (0)","Low (1)","Low (1)","Low (1)","Low (2)","Low (1)","Idle (0)",68460,81415,67772,0.000000,0,0.000000,0.000000,0.000000,0.000000,204176,67004,771488,151896,158120,114372,371644,0,0.000000,0,0.000000,2520,968,0,3.529750,0,480,1.750289,3.407640,11.443209,0.616956,0.637505,0.997746,4.043258,1.722241,0.000000
"Tesla K40c (0)","1","7","calculate_temp(int, float*, float*, float*, int, int, int, int, float, float, float, float, float, float)",0,0,0,0,0,0,0,0,0,0,375,347,139,130,140,245,0,0,0,0,252,176,1036,220,630,630,630,630,630,630,630,630,0,0,0,0,0,0,0,0,0,0,0,0,0,0,0,0,0,0,0,0,0,0,0,0,0,0,0,0,0,0,0,0,0,0,0,0,0,1,0,4,750,653,790,670,176,373,740,176,108561,0,0,14112,0,0,0,0,4096,0,0,0,0,0,0,0,0,0,0,0,0,0,0,0,0,288,9216,68460,53914,13557,2042688,3108,1200,0,0,504,192,55032,995476,36,1857130,0,0,0,0,0,0,1176,448,0,0,672,256,0,0,3108,1200,1176,448,0,0,0.000000,0.000000,50.049281,1.249430,0.283874,6.444140,1.870408,50.049281,1.249430,0.183596,0.000000,0.013555,0.000000,0.000000,0.000000,0.000000,2.637568,2.571811,9.205915,0.000000,34.878424,70.000000,72.727273,100.000000,0.000000,9.205915,0.000000,23.311132,93.242770,0.000000,1.491295,237.708333,31.044558,0.000000,0.000000,1.000000,1.000000,2.333333,2.333333,0,0,3108,1200,1176,448,0,5,0,0,722,2863,1465,0.000000,0.000000,90.831692,35.070151,10.458942,5.351851,0.000000,18.704081,84.772586,12155,10080,6284,5004,277904,28716,9572,119808,95720,38288,0,28716,36864,9.685211,49.775825,5.008216,0.000000,9.148908,0.615247,"Low (1)","Low (1)","Idle (0)","Low (1)","Low (1)","Low (2)","Low (2)","Low (1)","Idle (0)",68460,81029,67474,0.000000,0,0.000000,0.000000,0.000000,0.000000,204176,67004,771488,151896,158120,114372,371644,0,0.000000,0,0.000000,2520,1684,0,6.151889,0,68,0.248414,4.465048,14.140606,0.666637,0.688841,2.436963,4.723975,2.052361,0.000000
"Tesla K40c (0)","1","7","calculate_temp(int, float*, float*, float*, int, int, int, int, float, float, float, float, float, float)",0,0,0,0,0,0,0,0,0,0,2202,409,892,150,942,600,0,0,0,0,176,176,236,176,630,630,630,630,630,630,630,630,0,0,0,0,0,0,0,0,0,0,0,0,0,0,0,0,0,0,0,0,0,0,0,0,0,0,0,0,0,0,0,0,0,0,0,0,4,1,0,4,650,753,670,793,176,177,192,180,117261,0,0,14112,0,0,0,0,4096,0,0,0,0,0,0,0,0,0,0,0,0,0,0,0,0,288,9216,68460,54493,13635,2042688,3108,1200,0,0,504,192,64520,997804,36,1857130,0,0,0,0,0,0,1176,448,0,0,672,256,0,0,3108,1200,1572,448,0,0,0.000000,0.000000,55.022557,1.245792,0.283813,6.451257,1.872474,55.022557,1.245792,0.197239,0.000000,0.013555,0.000000,0.000000,0.000000,0.000000,9.548885,2.574651,9.216082,0.000000,34.878424,70.000000,72.727273,100.000000,0.000000,9.216082,0.000000,1.827040,93.242770,0.000000,1.267250,237.708333,26.398016,0.000000,0.000000,1.000000,1.000000,2.333333,2.333333,0,0,3108,1200,1176,448,0,9,0,0,2611,2866,725,0.000000,0.000000,90.932009,35.108884,10.481465,2.651452,0.000000,33.704528,84.772586,12307,10080,6300,5004,277904,28716,9572,119808,95720,38288,0,28716,36864,10.143784,51.263555,5.126467,0.000000,9.337056,0.641114,"Low (1)","Low (1)","Idle (0)","Low (1)","Low (1)","Low (2)","Low (2)","Low (1)","Idle (0)",68460,81963,68344,0.000000,0,0.000000,0.000000,0.000000,0.000000,204176,67004,771488,151896,158120,114372,371644,0,0.000000,0,0.000000,2520,764,0,2.794082,0,27,0.098744,3.968949,13.571209,0.617177,0.637733,1.176858,4.771008,1.721203,0.000000
"Tesla K40c (0)","1","7","calculate_temp(int, float*, float*, float*, int, int, int, int, float, float, float, float, float, float)",0,0,0,0,0,0,0,0,0,0,1370,505,516,206,154,809,0,0,0,0,184,1012,188,176,630,630,630,630,630,630,630,630,0,0,0,0,0,0,0,0,0,0,0,0,0,0,0,0,0,0,0,0,0,0,0,0,0,0,0,0,0,0,0,0,0,0,0,0,0,5,0,0,655,753,670,790,236,178,176,244,117114,0,0,14112,0,0,0,0,4096,0,0,0,0,0,0,0,0,0,0,0,0,0,0,0,0,288,9216,68460,54046,13626,2042688,3108,1200,0,0,504,192,54943,1000378,36,1857140,0,0,0,0,0,0,1176,448,0,0,672,256,0,0,3108,1200,1188,448,0,0,0.000000,0.000000,54.784227,1.242761,0.283749,6.445721,1.870867,54.784227,1.242761,0.182939,0.000000,0.013555,0.000000,0.000000,0.000000,0.000000,6.851319,2.572442,9.208172,0.000000,34.878424,70.000000,72.727273,100.000000,0.000000,9.208172,0.000000,20.980392,93.242770,0.000000,1.267113,237.708333,26.368454,0.000000,0.000000,1.000000,1.000000,2.333333,2.333333,0,0,3108,1200,1176,448,0,5,0,0,1875,2868,834,0.000000,0.000000,90.853966,35.078751,10.479777,3.047467,0.000000,18.708667,84.773043,12194,10080,6287,5004,277904,28716,9572,119808,95720,38288,0,28716,36864,23.140538,44.046973,4.350391,0.000000,8.047737,0.531411,"Low (1)","Low (1)","Idle (0)","Low (1)","Low (1)","Low (1)","Low (2)","Low (1)","Idle (0)",68460,80984,67454,0.000000,0,0.000000,0.000000,0.000000,0.000000,204176,67004,771488,151896,158120,114372,371644,0,0.000000,0,0.000000,2520,1560,0,5.700297,0,190,0.694267,3.442429,11.329196,0.617952,0.638534,1.016040,4.095284,1.723286,0.000000
"Tesla K40c (0)","1","7","calculate_temp(int, float*, float*, float*, int, int, int, int, float, float, float, float, float, float)",0,0,0,0,0,0,0,0,0,0,402,490,146,216,158,136,0,0,0,0,656,296,176,828,630,630,630,630,630,630,630,630,0,0,0,0,0,0,0,0,0,0,0,0,0,0,0,0,0,0,0,0,0,0,0,0,0,0,0,0,0,0,0,0,0,0,0,0,0,1,0,0,753,650,670,793,177,177,780,176,110538,0,0,14112,0,0,0,0,4096,0,0,0,0,0,0,0,0,0,0,0,0,0,0,0,0,288,9216,68460,53875,13541,2042688,3108,1200,0,0,504,192,55447,1001680,36,1857138,0,0,0,0,0,0,1176,448,0,0,672,256,0,0,3108,1200,1183,448,0,0,0.000000,0.000000,50.161031,1.247767,0.285263,6.449674,1.872014,50.161031,1.247767,0.182545,0.000000,0.013555,0.000000,0.000000,0.000000,0.000000,3.261400,2.574020,9.213821,0.000000,34.878424,70.000000,72.727273,100.000000,0.000000,9.213821,0.000000,27.971403,93.242770,0.000000,1.461053,237.708333,30.416434,0.000000,0.000000,1.000000,1.000000,2.333333,2.333333,0,0,3108,1200,1176,448,0,1,0,0,892,2866,1310,0.000000,0.000000,90.909697,35.100269,10.478893,4.789724,0.000000,3.744028,84.772951,12196,10080,6317,5004,277904,28716,9572,119808,95720,38288,0,28716,36864,9.907202,49.813648,5.350287,0.000000,9.161148,0.636944,"Low (1)","Low (1)","Idle (0)","Low (1)","Low (1)","Low (2)","Low (2)","Low (1)","Idle (0)",68460,81011,67460,0.000000,0,0.000000,0.000000,0.000000,0.000000,204176,67004,771488,151896,158120,114372,371644,0,0.000000,0,0.000000,2520,1956,0,7.151680,0,236,0.862882,4.417341,14.864044,0.654715,0.676521,1.157432,4.691953,1.999964,0.000000
"Tesla K40c (0)","1","7","calculate_temp(int, float*, float*, float*, int, int, int, int, float, float, float, float, float, float)",0,0,0,0,0,0,0,0,0,0,349,417,134,146,131,141,0,0,0,0,744,176,176,728,630,630,630,630,630,630,630,630,0,0,0,0,0,0,0,0,0,0,0,0,0,0,0,0,0,0,0,0,0,0,0,0,0,0,0,0,0,0,0,0,0,0,0,0,0,1,0,0,655,653,670,790,176,661,188,264,109986,0,0,14112,0,0,0,0,4096,0,0,0,0,0,0,0,0,0,0,0,0,0,0,0,0,288,9216,68460,53911,13561,2042688,3108,1200,0,0,504,192,54930,1189608,36,1857120,0,0,0,0,0,0,1176,448,0,0,672,256,0,0,3108,1200,1176,448,0,0,0.000000,0.000000,49.942720,1.065376,0.289261,6.444140,1.870408,49.942720,1.065376,0.183669,0.000000,0.013555,0.000000,0.000000,0.000000,0.000000,2.798306,2.571811,9.205915,0.000000,34.878424,70.000000,72.727273,100.000000,0.000000,9.205915,0.000000,25.782689,93.242770,0.000000,1.475205,237.708333,30.708174,0.000000,0.000000,1.000000,1.000000,2.333333,2.333333,0,0,3108,1200,1176,448,0,1,0,0,766,2768,1289,0.000000,0.000000,90.831692,35.070151,10.111894,4.708898,0.000000,3.740816,84.772130,12189,10080,6978,5004,277904,28716,9572,119808,95720,38288,0,28716,36864,10.050037,51.224415,5.495676,0.000000,9.542598,0.637558,"Low (1)","Low (1)","Idle (0)","Low (1)","Low (1)","Low (2)","Low (2)","Low (1)","Idle (0)",68460,81034,67494,0.000000,0,0.000000,0.000000,0.000000,0.000000,204176,67004,771488,151896,158120,114372,371644,0,0.000000,0,0.000000,2520,1824,0,6.663329,0,214,0.781772,3.977555,13.114113,0.658000,0.679916,1.171727,4.786321,2.017186,0.000000
"Tesla K40c (0)","1","7","calculate_temp(int, float*, float*, float*, int, int, int, int, float, float, float, float, float, float)",0,0,0,0,0,0,0,0,0,0,340,540,131,208,144,135,0,0,0,0,640,352,176,936,630,630,630,630,630,630,630,630,0,0,0,0,0,0,0,0,0,0,0,0,0,0,0,0,0,0,0,0,0,0,0,0,0,0,0,0,0,0,0,0,0,0,0,0,0,5,0,4,750,655,670,795,177,177,796,180,109755,0,0,14112,0,0,0,0,4096,0,0,0,0,0,0,0,0,0,0,0,0,0,0,0,0,288,9216,68460,53883,13557,2042688,3108,1200,0,0,504,192,55184,1178442,36,1857120,0,0,0,0,0,0,1176,448,0,0,672,256,0,0,3108,1200,1178,448,0,0,0.000000,0.000000,50.299303,1.073175,0.288644,6.448092,1.871555,50.299303,1.073175,0.183027,0.000000,0.013555,0.000000,0.000000,0.000000,0.000000,3.216735,2.573388,9.211560,0.000000,34.878424,70.000000,72.727273,100.000000,0.000000,9.211560,0.000000,30.276817,93.242770,0.000000,1.467177,237.708333,30.540159,0.000000,0.000000,1.000000,1.000000,2.333333,2.333333,0,0,3108,1200,1176,448,0,9,0,0,880,2870,1330,0.000000,0.000000,90.887397,35.091659,10.490944,4.861657,0.000000,33.687992,84.772130,12201,10080,6314,5004,277904,28716,9572,119808,95720,38288,0,28716,36864,9.893595,49.720027,5.415108,0.000000,9.203204,0.624198,"Low (1)","Low (1)","Idle (0)","Low (1)","Low (1)","Low (2)","Low (2)","Low (1)","Idle (0)",68460,80990,67449,0.000000,0,0.000000,0.000000,0.000000,0.000000,204176,67004,771488,151896,158120,114372,371644,0,0.000000,0,0.000000,2520,2104,0,7.690922,0,262,0.957710,4.415528,14.920385,0.659385,0.681347,1.140375,4.667579,2.005869,0.000000
"Tesla K40c (0)","1","7","calculate_temp(int, float*, float*, float*, int, int, int, int, float, float, float, float, float, float)",0,0,0,0,0,0,0,0,0,0,335,360,130,133,194,264,0,0,0,0,176,176,176,176,630,630,630,630,630,630,630,630,0,0,0,0,0,0,0,0,0,0,0,0,0,0,0,0,0,0,0,0,0,0,0,0,0,0,0,0,0,0,0,0,0,0,0,0,0,5,0,0,650,653,673,670,177,249,176,180,116880,0,0,14112,0,0,0,0,4096,0,0,0,0,0,0,0,0,0,0,0,0,0,0,0,0,288,9216,68460,54033,13635,2042688,3108,1200,0,0,504,192,54908,997916,36,1857140,0,0,0,0,0,0,1176,448,0,0,672,256,0,0,3108,1200,1176,448,0,0,0.000000,0.000000,54.747604,1.250023,0.283974,6.448883,1.871785,54.747604,1.250023,0.184093,0.000000,0.013555,0.000000,0.000000,0.000000,0.000000,2.540802,2.573704,9.212690,0.000000,34.878424,70.000000,72.727273,100.000000,0.000000,9.212690,0.000000,0.000000,93.242770,0.000000,1.270578,237.708333,26.437356,0.000000,0.000000,1.000000,1.000000,2.333333,2.333333,0,0,3108,1200,1176,448,0,5,0,0,695,2646,782,0.000000,0.000000,90.898546,35.095964,9.673325,2.858859,0.000000,18.717847,84.773043,12195,10080,6290,5004,277904,28716,9572,119808,95720,38288,0,28716,36864,10.208524,51.230932,5.172517,0.000000,9.477057,0.652317,"Low (1)","Low (1)","Idle (0)","Low (1)","Low (1)","Low (1)","Low (2)","Low (1)","Idle (0)",68460,81063,67472,0.000000,0,0.000000,0.000000,0.000000,0.000000,204176,67004,771488,151896,158120,114372,371644,0,0.000000,0,0.000000,2520,704,0,2.573704,0,0,0.000000,4.031740,13.291580,0.619189,0.639812,1.191913,4.743420,1.724328,0.000000
"Tesla K40c (0)","1","7","calculate_temp(int, float*, float*, float*, int, int, int, int, float, float, float, float, float, float)",0,0,0,0,0,0,0,0,0,0,425,396,151,139,183,144,0,0,0,0,176,388,176,904,630,630,630,630,630,630,630,630,0,0,0,0,0,0,0,0,0,0,0,0,0,0,0,0,0,0,0,0,0,0,0,0,0,0,0,0,0,0,0,0,0,0,0,0,0,1,0,0,650,655,670,670,705,977,745,180,109668,0,0,14112,0,0,0,0,4096,0,0,0,0,0,0,0,0,0,0,0,0,0,0,0,0,288,9216,68460,53875,13570,2042688,3108,1200,0,0,504,192,55023,1180258,36,1857130,0,0,0,0,0,0,1176,448,0,0,672,256,0,0,3108,1200,1176,448,0,0,0.000000,0.000000,50.232520,1.071814,0.288722,6.442561,1.869950,50.232520,1.071814,0.185291,0.000000,0.013555,0.000000,0.000000,0.000000,0.000000,2.998493,2.571181,9.203658,0.000000,34.878424,70.000000,72.727273,100.000000,0.000000,9.203658,0.000000,22.574448,93.242770,0.000000,1.470620,237.708333,30.607290,0.000000,0.000000,1.000000,1.000000,2.333333,2.333333,0,0,3108,1200,1176,448,0,1,0,0,821,2645,2607,0.000000,0.000000,90.809429,35.061556,9.660189,9.521404,0.000000,3.739899,84.772586,12202,10080,6308,5004,277904,28716,9572,119808,95720,38288,0,28716,36864,23.445359,43.521327,4.645157,0.000000,8.176693,0.544612,"Low (1)","Low (1)","Idle (0)","Low (1)","Low (1)","Low (2)","Low (2)","Low (1)","Idle (0)",68460,81145,67556,0.000000,0,0.000000,0.000000,0.000000,0.000000,204176,67004,771488,151896,158120,114372,371644,0,0.000000,0,0.000000,2520,1644,0,6.004291,0,204,0.745058,3.416308,11.210346,0.659908,0.681888,0.986007,4.054191,2.008586,0.000000
"Tesla K40c (0)","1","7","calculate_temp(int, float*, float*, float*, int, int, int, int, float, float, float, float, float, float)",0,0,0,0,0,0,0,0,0,0,384,422,142,152,133,160,0,0,0,0,176,176,176,176,630,630,630,630,630,630,630,630,0,0,0,0,0,0,0,0,0,0,0,0,0,0,0,0,0,0,0,0,0,0,0,0,0,0,0,0,0,0,0,0,0,0,0,0,4,5,4,0,655,753,670,675,176,177,428,177,109089,0,0,14112,0,0,0,0,4096,0,0,0,0,0,0,0,0,0,0,0,0,0,0,0,0,288,9216,68460,53851,13572,2042688,3108,1200,0,0,504,192,54581,996698,36,1857120,0,0,0,0,0,0,1176,448,0,0,672,256,0,0,3108,1200,1176,448,0,0,0.000000,0.000000,50.025209,1.243168,0.285327,6.449674,1.872014,50.025209,1.243168,0.183100,0.000000,0.013555,0.000000,0.000000,0.000000,0.000000,2.946960,2.574020,9.213821,0.000000,34.878424,70.000000,72.727273,100.000000,0.000000,9.213821,0.000000,0.000000,93.242770,0.000000,1.484882,237.708333,30.905959,0.000000,0.000000,1.000000,1.000000,2.333333,2.333333,0,0,3108,1200,1176,448,0,13,0,0,806,2753,958,0.000000,0.000000,90.909697,35.100269,10.065733,3.502714,0.000000,48.672373,84.772130,12172,10080,6295,5004,277904,28716,9572,119808,95720,38288,0,28716,36864,10.196231,51.226861,5.166268,0.000000,9.465340,0.652843,"Low (1)","Low (1)","Idle (0)","Low (1)","Low (1)","Low (2)","Low (2)","Low (1)","Idle (0)",68460,81033,67464,0.000000,0,0.000000,0.000000,0.000000,0.000000,204176,67004,771488,151896,158120,114372,371644,0,0.000000,0,0.000000,2520,704,0,2.574020,0,219,0.800725,3.992217,13.293902,0.663411,0.685507,1.188504,4.817833,2.030309,0.000000
"Tesla K40c (0)","1","7","calculate_temp(int, float*, float*, float*, int, int, int, int, float, float, float, float, float, float)",0,0,0,0,0,0,0,0,0,0,1861,414,724,140,179,814,0,0,0,0,180,176,956,176,630,630,630,630,630,630,630,630,0,0,0,0,0,0,0,0,0,0,0,0,0,0,0,0,0,0,0,0,0,0,0,0,0,0,0,0,0,0,0,0,0,0,0,0,0,1,0,0,653,650,670,675,177,177,177,220,117366,0,0,14112,0,0,0,0,4096,0,0,0,0,0,0,0,0,0,0,0,0,0,0,0,0,288,9216,68460,54401,13621,2042688,3108,1200,0,0,504,192,64192,1182860,36,1857124,0,0,0,0,0,0,1176,448,0,0,672,256,0,0,3108,1200,1176,448,0,0,0.000000,0.000000,54.693864,1.066206,0.287844,6.441771,1.869721,54.693864,1.066206,0.183275,0.000000,0.013555,0.000000,0.000000,0.000000,0.000000,8.307840,2.570866,9.202531,0.000000,34.878424,70.000000,72.727273,100.000000,0.000000,9.202531,0.000000,19.560878,93.242770,0.000000,1.271856,237.708333,26.491619,0.000000,0.000000,1.000000,1.000000,2.333333,2.333333,0,0,3108,1200,1176,448,0,1,0,0,2275,2648,751,0.000000,0.000000,90.798302,35.057260,9.669961,2.742500,0.000000,3.739441,84.772312,12201,10080,6302,5004,277904,28716,9572,119808,95720,38288,0,28716,36864,9.877881,50.615174,4.995945,0.000000,9.486585,0.646347,"Low (1)","Low (1)","Idle (0)","Low (1)","Low (1)","Low (2)","Low (2)","Low (1)","Idle (0)",68460,81007,67460,0.000000,0,0.000000,0.000000,0.000000,0.000000,204176,67004,771488,151896,158120,114372,371644,0,0.000000,0,0.000000,2520,1488,0,5.433875,0,418,1.526452,3.919064,12.977294,0.616625,0.637163,2.751498,4.730213,1.735730,0.000000
"Tesla K40c (0)","1","7","calculate_temp(int, float*, float*, float*, int, int, int, int, float, float, float, float, float, float)",0,0,0,0,0,0,0,0,0,0,467,342,153,132,707,147,0,0,0,0,176,176,176,176,630,630,630,630,630,630,630,630,0,0,0,0,0,0,0,0,0,0,0,0,0,0,0,0,0,0,0,0,0,0,0,0,0,0,0,0,0,0,0,0,0,0,0,0,0,1,4,4,650,753,670,790,177,182,176,776,109893,0,0,14112,0,0,0,0,4096,0,0,0,0,0,0,0,0,0,0,0,0,0,0,0,0,288,9216,68460,53921,13548,2042688,3108,1200,0,0,504,192,55175,1180710,36,1857140,0,0,0,0,0,0,1176,448,0,0,672,256,0,0,3108,1200,1176,448,0,0,0.000000,0.000000,49.841209,1.070926,0.288593,6.451257,1.872474,49.841209,1.070926,0.191396,0.000000,0.013555,0.000000,0.000000,0.000000,0.000000,2.958655,2.574651,9.216082,0.000000,34.878424,70.000000,72.727273,100.000000,0.000000,9.216082,0.000000,0.000000,93.242770,0.000000,1.479168,237.708333,30.795388,0.000000,0.000000,1.000000,1.000000,2.333333,2.333333,0,0,3108,1200,1176,448,0,9,0,0,809,2863,1311,0.000000,0.000000,90.932009,35.108884,10.470493,4.794557,0.000000,33.704528,84.773043,12164,10080,6298,5004,277904,28716,9572,119808,95720,38288,0,28716,36864,23.478200,43.577983,4.383434,0.000000,8.299524,0.549584,"Low (1)","Low (1)","Idle (0)","Low (1)","Low (1)","Low (2)","Low (2)","Low (1)","Idle (0)",68460,81563,67916,0.000000,0,0.000000,0.000000,0.000000,0.000000,204176,67004,771488,151896,158120,114372,371644,0,0.000000,0,0.000000,2520,704,0,2.574651,0,0,0.000000,3.465382,11.109452,0.658557,0.680491,1.008231,4.128210,2.029157,0.000000
"Tesla K40c (0)","1","7","calculate_temp(int, float*, float*, float*, int, int, int, int, float, float, float, float, float, float)",0,0,0,0,0,0,0,0,0,0,611,407,222,142,132,149,0,0,0,0,176,176,176,900,630,630,630,630,630,630,630,630,0,0,0,0,0,0,0,0,0,0,0,0,0,0,0,0,0,0,0,0,0,0,0,0,0,0,0,0,0,0,0,0,0,0,0,0,0,1,0,4,655,655,670,670,177,913,213,176,109860,0,0,14112,0,0,0,0,4096,0,0,0,0,0,0,0,0,0,0,0,0,0,0,0,0,288,9216,68460,53942,13555,2042688,3108,1200,0,0,504,192,55067,1183968,36,1857128,0,0,0,0,0,0,1176,448,0,0,672,256,0,0,3108,1200,1185,448,0,0,0.000000,0.000000,50.172947,1.071949,0.288320,6.437827,1.868576,50.172947,1.071949,0.183538,0.000000,0.013555,0.000000,0.000000,0.000000,0.000000,3.715254,2.569292,9.196896,0.000000,34.878424,70.000000,72.727273,100.000000,0.000000,9.196896,0.000000,18.338399,93.242770,0.000000,1.470464,237.708333,30.613661,0.000000,0.000000,1.000000,1.000000,2.333333,2.333333,0,0,3108,1200,1176,448,0,5,0,0,1018,2650,1479,0.000000,0.000000,90.742707,35.035794,9.671339,5.397702,0.000000,18.685757,84.772495,12198,10080,6808,5004,277904,28716,9572,119808,95720,38288,0,28716,36864,23.386701,43.281215,4.799507,0.000000,8.161054,0.534736,"Low (1)","Low (1)","Idle (0)","Low (1)","Low (1)","Low (2)","Low (2)","Low (1)","Idle (0)",68460,81025,67463,0.000000,0,0.000000,0.000000,0.000000,0.000000,204176,67004,771488,151896,158120,114372,371644,0,0.000000,0,0.000000,2520,1428,0,5.211574,0,373,1.361287,3.389287,11.343232,0.658755,0.680696,1.000311,4.103956,2.019031,0.000000
